solid OpenSCAD_Model
  facet normal 0 0 1
    outer loop
      vertex -31.424442635585343 13.324442635585338 2.4
      vertex -31.751546659310332 12.96747123376029 2.4
      vertex -31.424442633986473 13.324442632496357 2.4
    endloop
  endfacet
  facet normal 0 0 1
    outer loop
      vertex -31.424442633986473 13.324442632496357 2.4
      vertex -31.751546659310332 12.96747123376029 2.4
      vertex -31.751546658575535 12.967471234500408 2.4
    endloop
  endfacet
  facet normal 0 0 1
    outer loop
      vertex -31.067471235990524 13.651546657085419 2.4
      vertex -31.424442635585343 13.324442635585338 2.4
      vertex -31.424442633986473 13.324442632496357 2.4
    endloop
  endfacet
  facet normal 0 0 1
    outer loop
      vertex -31.067471233760298 13.651546659310327 2.4
      vertex -31.424442635585343 13.324442635585338 2.4
      vertex -31.067471235990524 13.651546657085419 2.4
    endloop
  endfacet
  facet normal 0 0 1
    outer loop
      vertex -29.398211794974472 14.615294045514077 2.4
      vertex -29.845531352660885 14.430008218053405 2.4
      vertex -29.845531351864338 14.430008217692375 2.4
    endloop
  endfacet
  facet normal 0 0 1
    outer loop
      vertex -29.398211795457463 14.61529404536179 2.4
      vertex -29.845531352660885 14.430008218053405 2.4
      vertex -29.398211794974472 14.615294045514077 2.4
    endloop
  endfacet
  facet normal 0 0 1
    outer loop
      vertex -30.04746474836268 14.324888345845022 2.4
      vertex -29.845531351864338 14.430008217692375 2.4
      vertex -29.845531352660885 14.430008218053405 2.4
    endloop
  endfacet
  facet normal 0 0 1
    outer loop
      vertex -31.067471233760298 13.651546659310327 2.4
      vertex -31.067471235990524 13.651546657085419 2.4
      vertex -30.755913312622386 13.890613460518065 2.4
    endloop
  endfacet
  facet normal 0 0 1
    outer loop
      vertex -31.829227916461427 12.866235048446782 2.4
      vertex -31.751546658575535 12.967471234500408 2.4
      vertex -31.751546659310332 12.96747123376029 2.4
    endloop
  endfacet
  facet normal 0 0 1
    outer loop
      vertex -32.53000821805341 11.74553135266088 2.4
      vertex -32.53000821829207 11.745531352084708 2.4
      vertex -32.521703903756304 11.761483792002373 2.4
    endloop
  endfacet
  facet normal 0 0 1
    outer loop
      vertex -31.063311390578747 11.895057499408722 2.4
      vertex -31.267210505902767 11.574999995529652 2.4
      vertex -30.832293324172497 12.196126103401184 2.4
    endloop
  endfacet
  facet normal 0 0 1
    outer loop
      vertex -31.267210505902767 11.574999995529652 2.4
      vertex -31.44243887066841 11.238389439880848 2.4
      vertex -30.832293324172497 12.196126103401184 2.4
    endloop
  endfacet
  facet normal 0 0 1
    outer loop
      vertex -31.44243887066841 11.238389439880848 2.4
      vertex -31.587662898004055 10.887787625193596 2.4
      vertex -30.57591449469328 12.475914493203163 2.4
    endloop
  endfacet
  facet normal 0 0 1
    outer loop
      vertex -29.995057500898838 12.96331138908863 2.4
      vertex -30.2961261048913 12.73229332268238 2.4
      vertex -31.587662898004055 10.887787625193596 2.4
    endloop
  endfacet
  facet normal 0 0 1
    outer loop
      vertex -29.674999997019768 13.167210504412651 2.4
      vertex -31.587662898004055 10.887787625193596 2.4
      vertex -29.338389441370964 13.342438869178295 2.4
    endloop
  endfacet
  facet normal 0 0 1
    outer loop
      vertex -29.338389441370964 13.342438869178295 2.4
      vertex -31.70177734643221 10.525862842798233 2.4
      vertex -28.987787626683712 13.487662896513939 2.4
    endloop
  endfacet
  facet normal 0 0 1
    outer loop
      vertex -29.674999997019768 13.167210504412651 2.4
      vertex -29.995057500898838 12.96331138908863 2.4
      vertex -31.587662898004055 10.887787625193596 2.4
    endloop
  endfacet
  facet normal 0 0 1
    outer loop
      vertex -28.987787626683712 13.487662896513939 2.4
      vertex -31.70177734643221 10.525862842798233 2.4
      vertex -28.62586284428835 13.601777344942093 2.4
    endloop
  endfacet
  facet normal 0 0 1
    outer loop
      vertex -28.62586284428835 13.601777344942093 2.4
      vertex -31.70177734643221 10.525862842798233 2.4
      vertex -28.25536957383156 13.683913722634315 2.4
    endloop
  endfacet
  facet normal 0 0 1
    outer loop
      vertex -28.25536957383156 13.683913722634315 2.4
      vertex -31.78391372412443 10.155369572341442 2.4
      vertex -27.879127480089664 13.733446933329105 2.4
    endloop
  endfacet
  facet normal 0 0 1
    outer loop
      vertex -27.879127480089664 13.733446933329105 2.4
      vertex -31.850000001490116 9.399999998509884 2.4
      vertex -27.5 13.75 2.4
    endloop
  endfacet
  facet normal 0 0 1
    outer loop
      vertex -30.2961261048913 12.73229332268238 2.4
      vertex -30.57591449469328 12.475914493203163 2.4
      vertex -31.587662898004055 10.887787625193596 2.4
    endloop
  endfacet
  facet normal 0 0 1
    outer loop
      vertex -31.44243887066841 11.238389439880848 2.4
      vertex -30.57591449469328 12.475914493203163 2.4
      vertex -30.832293324172497 12.196126103401184 2.4
    endloop
  endfacet
  facet normal 0 0 1
    outer loop
      vertex -29.338389441370964 13.342438869178295 2.4
      vertex -31.587662898004055 10.887787625193596 2.4
      vertex -31.70177734643221 10.525862842798233 2.4
    endloop
  endfacet
  facet normal 0 0 1
    outer loop
      vertex -28.25536957383156 13.683913722634315 2.4
      vertex -31.70177734643221 10.525862842798233 2.4
      vertex -31.78391372412443 10.155369572341442 2.4
    endloop
  endfacet
  facet normal 0 0 1
    outer loop
      vertex -27.879127480089664 13.733446933329105 2.4
      vertex -31.78391372412443 10.155369572341442 2.4
      vertex -31.83344693481922 9.779127478599548 2.4
    endloop
  endfacet
  facet normal 0 0 1
    outer loop
      vertex -28.70775377072158 14.811588116085588 2.4
      vertex -28.463747389614582 14.865683026611805 2.4
      vertex -28.463747386051466 14.865683029217752 2.4
    endloop
  endfacet
  facet normal 0 0 1
    outer loop
      vertex -28.463747386051466 14.865683029217752 2.4
      vertex -28.463747389614582 14.865683026611805 2.4
      vertex -27.983714371919632 14.92888057231903 2.4
    endloop
  endfacet
  facet normal 0 0 1
    outer loop
      vertex -28.463747386051466 14.865683029217752 2.4
      vertex -27.983714371919632 14.92888057231903 2.4
      vertex -27.983714372249505 14.928880574409186 2.4
    endloop
  endfacet
  facet normal 0 0 1
    outer loop
      vertex -27.983714372249505 14.928880574409186 2.4
      vertex -27.983714371919632 14.92888057231903 2.4
      vertex -27.5 14.949999995529652 2.4
    endloop
  endfacet
  facet normal 0 0 1
    outer loop
      vertex -27.983714372249505 14.928880574409186 2.4
      vertex -27.5 14.949999995529652 2.4
      vertex -27.500000000000004 14.95 2.4
    endloop
  endfacet
  facet normal 0 0 1
    outer loop
      vertex -32.94613456486238 10.451924810452788 2.4
      vertex -32.96568302921776 10.363747386051461 2.4
      vertex -32.96568302810192 10.363747388124466 2.4
    endloop
  endfacet
  facet normal 0 0 1
    outer loop
      vertex -32.96568302921776 10.363747386051461 2.4
      vertex -33.02888057440919 9.883714372249502 2.4
      vertex -32.96568302810192 10.363747388124466 2.4
    endloop
  endfacet
  facet normal 0 0 1
    outer loop
      vertex -32.96568302810192 10.363747388124466 2.4
      vertex -33.02888057440919 9.883714372249502 2.4
      vertex -33.02888057380915 9.883714370429516 2.4
    endloop
  endfacet
  facet normal 0 0 1
    outer loop
      vertex -33.02888057440919 9.883714372249502 2.4
      vertex -33.050000000000004 9.399999999999999 2.4
      vertex -33.02888057380915 9.883714370429516 2.4
    endloop
  endfacet
  facet normal 0 0 1
    outer loop
      vertex -33.02888057380915 9.883714370429516 2.4
      vertex -33.050000000000004 9.399999999999999 2.4
      vertex -33.04999999701977 9.399999998509884 2.4
    endloop
  endfacet
  facet normal 0 0 1
    outer loop
      vertex -27.879127480089664 13.733446933329105 2.4
      vertex -31.83344693481922 9.779127478599548 2.4
      vertex -31.850000001490116 9.399999998509884 2.4
    endloop
  endfacet
  facet normal 0 0 1
    outer loop
      vertex -31.850000001490116 9.399999998509884 2.4
      vertex -29.331434243653636 1.5974774553360442 2.4
      vertex -29.189992376674287 1.6420739046914161 2.4
    endloop
  endfacet
  facet normal 0 0 1
    outer loop
      vertex -31.850000001490116 9.399999998509884 2.4
      vertex -29.189992376674287 1.6420739046914161 2.4
      vertex -29.04520190203378 1.6741731801207536 2.4
    endloop
  endfacet
  facet normal 0 0 1
    outer loop
      vertex -31.850000001490116 9.399999998509884 2.4
      vertex -29.842738936467118 1.3022755533022627 2.4
      vertex -29.72507994179678 1.392558475291286 2.4
    endloop
  endfacet
  facet normal 0 0 1
    outer loop
      vertex -31.850000001490116 9.399999998509884 2.4
      vertex -30.222243186433545 0.85 2.4
      vertex -30.142558475291285 0.9750799417967783 2.4
    endloop
  endfacet
  facet normal 0 0 1
    outer loop
      vertex -31.850000001490116 9.399999998509884 2.4
      vertex -30.052275553302263 1.0927389364671167 2.4
      vertex -29.952081528017132 1.2020815280171309 2.4
    endloop
  endfacet
  facet normal 0 0 1
    outer loop
      vertex -31.850000001490116 9.399999998509884 2.4
      vertex -29.952081528017132 1.2020815280171309 2.4
      vertex -29.842738936467118 1.3022755533022627 2.4
    endloop
  endfacet
  facet normal 0 0 1
    outer loop
      vertex -31.850000001490116 9.399999998509884 2.4
      vertex -30.142558475291285 0.9750799417967783 2.4
      vertex -30.052275553302263 1.0927389364671167 2.4
    endloop
  endfacet
  facet normal 0 0 1
    outer loop
      vertex -31.850000001490116 9.399999998509884 2.4
      vertex -29.72507994179678 1.392558475291286 2.4
      vertex -29.6 1.4722431864335457 2.4
    endloop
  endfacet
  facet normal 0 0 1
    outer loop
      vertex -31.850000001490116 9.399999998509884 2.4
      vertex -29.46845104495919 1.5407232379623048 2.4
      vertex -29.331434243653636 1.5974774553360442 2.4
    endloop
  endfacet
  facet normal 0 0 1
    outer loop
      vertex -31.850000001490116 9.399999998509884 2.4
      vertex -29.6 1.4722431864335457 2.4
      vertex -29.46845104495919 1.5407232379623048 2.4
    endloop
  endfacet
  facet normal 0 0 1
    outer loop
      vertex -33.050000000000004 9.399999999999999 2.4
      vertex -33.050000000000004 -9.399999999999999 2.4
      vertex -33.04999999701977 9.399999998509884 2.4
    endloop
  endfacet
  facet normal 0 0 1
    outer loop
      vertex -31.850000001490116 9.399999998509884 2.4
      vertex -30.290723237962304 0.718451044959189 2.4
      vertex -30.222243186433545 0.85 2.4
    endloop
  endfacet
  facet normal 0 0 1
    outer loop
      vertex -31.850000001490116 9.399999998509884 2.4
      vertex -30.347477455336044 0.5814342436536368 2.4
      vertex -30.290723237962304 0.718451044959189 2.4
    endloop
  endfacet
  facet normal 0 0 1
    outer loop
      vertex -31.850000001490116 9.399999998509884 2.4
      vertex -30.392073904691415 0.43999237667428526 2.4
      vertex -30.347477455336044 0.5814342436536368 2.4
    endloop
  endfacet
  facet normal 0 0 1
    outer loop
      vertex -31.850000001490116 9.399999998509884 2.4
      vertex -30.424173180120754 0.29520190203378155 2.4
      vertex -30.392073904691415 0.43999237667428526 2.4
    endloop
  endfacet
  facet normal 0 0 1
    outer loop
      vertex -31.850000001490116 9.399999998509884 2.4
      vertex -30.443530986755967 0.14816476267101888 2.4
      vertex -30.424173180120754 0.29520190203378155 2.4
    endloop
  endfacet
  facet normal 0 0 1
    outer loop
      vertex -31.850000001490116 9.399999998509884 2.4
      vertex -30.45 0 2.4
      vertex -30.443530986755967 0.14816476267101888 2.4
    endloop
  endfacet
  facet normal 0 0 1
    outer loop
      vertex -27.500000000000004 14.95 2.4
      vertex -27.5 14.949999995529652 2.4
      vertex 27.5 14.949999995529652 2.4
    endloop
  endfacet
  facet normal 0 0 1
    outer loop
      vertex -27.5 13.75 2.4
      vertex -31.850000001490116 9.399999998509884 2.4
      vertex 31.83344693481922 9.779127478599548 2.4
    endloop
  endfacet
  facet normal 0 0 1
    outer loop
      vertex -31.850000001490116 9.399999998509884 2.4
      vertex -29.04520190203378 1.6741731801207536 2.4
      vertex 31.83344693481922 9.779127478599548 2.4
    endloop
  endfacet
  facet normal 0 0 1
    outer loop
      vertex 31.83344693481922 9.779127478599548 2.4
      vertex -29.04520190203378 1.6741731801207536 2.4
      vertex -28.89816476267102 1.6935309867559674 2.4
    endloop
  endfacet
  facet normal 0 0 1
    outer loop
      vertex 31.83344693481922 9.779127478599548 2.4
      vertex -28.89816476267102 1.6935309867559674 2.4
      vertex -28.75 1.7 2.4
    endloop
  endfacet
  facet normal 0 0 1
    outer loop
      vertex 31.83344693481922 9.779127478599548 2.4
      vertex -28.75 1.7 2.4
      vertex -28.60183523732898 1.6935309867559674 2.4
    endloop
  endfacet
  facet normal 0 0 1
    outer loop
      vertex 31.83344693481922 9.779127478599548 2.4
      vertex -28.60183523732898 1.6935309867559674 2.4
      vertex -28.45479809796622 1.6741731801207536 2.4
    endloop
  endfacet
  facet normal 0 0 1
    outer loop
      vertex 31.83344693481922 9.779127478599548 2.4
      vertex -28.45479809796622 1.6741731801207536 2.4
      vertex -28.310007623325713 1.6420739046914161 2.4
    endloop
  endfacet
  facet normal 0 0 1
    outer loop
      vertex 31.83344693481922 9.779127478599548 2.4
      vertex -28.310007623325713 -1.6420739046914161 2.4
      vertex -28.45479809796622 -1.6741731801207536 2.4
    endloop
  endfacet
  facet normal 0 0 1
    outer loop
      vertex 31.83344693481922 9.779127478599548 2.4
      vertex -28.310007623325713 1.6420739046914161 2.4
      vertex -28.168565756346364 1.5974774553360442 2.4
    endloop
  endfacet
  facet normal 0 0 1
    outer loop
      vertex 31.83344693481922 9.779127478599548 2.4
      vertex -28.168565756346364 1.5974774553360442 2.4
      vertex -28.03154895504081 1.5407232379623048 2.4
    endloop
  endfacet
  facet normal 0 0 1
    outer loop
      vertex 31.83344693481922 9.779127478599548 2.4
      vertex -28.03154895504081 1.5407232379623048 2.4
      vertex -27.9 1.4722431864335457 2.4
    endloop
  endfacet
  facet normal 0 0 1
    outer loop
      vertex 31.83344693481922 9.779127478599548 2.4
      vertex -27.9 1.4722431864335457 2.4
      vertex -27.77492005820322 1.392558475291286 2.4
    endloop
  endfacet
  facet normal 0 0 1
    outer loop
      vertex 31.83344693481922 9.779127478599548 2.4
      vertex -27.77492005820322 1.392558475291286 2.4
      vertex -27.657261063532882 1.3022755533022627 2.4
    endloop
  endfacet
  facet normal 0 0 1
    outer loop
      vertex 31.83344693481922 9.779127478599548 2.4
      vertex -27.657261063532882 1.3022755533022627 2.4
      vertex -27.547918471982868 1.2020815280171309 2.4
    endloop
  endfacet
  facet normal 0 0 1
    outer loop
      vertex 31.83344693481922 9.779127478599548 2.4
      vertex -27.547918471982868 1.2020815280171309 2.4
      vertex -27.447724446697737 1.0927389364671167 2.4
    endloop
  endfacet
  facet normal 0 0 1
    outer loop
      vertex 31.83344693481922 9.779127478599548 2.4
      vertex -27.447724446697737 1.0927389364671167 2.4
      vertex -27.357441524708715 0.9750799417967783 2.4
    endloop
  endfacet
  facet normal 0 0 1
    outer loop
      vertex 31.83344693481922 9.779127478599548 2.4
      vertex -27.357441524708715 0.9750799417967783 2.4
      vertex -27.277756813566455 0.85 2.4
    endloop
  endfacet
  facet normal 0 0 1
    outer loop
      vertex 31.83344693481922 9.779127478599548 2.4
      vertex -27.277756813566455 0.85 2.4
      vertex -27.209276762037696 0.718451044959189 2.4
    endloop
  endfacet
  facet normal 0 0 1
    outer loop
      vertex 31.83344693481922 9.779127478599548 2.4
      vertex -27.209276762037696 0.718451044959189 2.4
      vertex -27.152522544663956 0.5814342436536368 2.4
    endloop
  endfacet
  facet normal 0 0 1
    outer loop
      vertex 31.83344693481922 9.779127478599548 2.4
      vertex -27.152522544663956 0.5814342436536368 2.4
      vertex -27.107926095308585 0.43999237667428526 2.4
    endloop
  endfacet
  facet normal 0 0 1
    outer loop
      vertex 31.83344693481922 9.779127478599548 2.4
      vertex -27.107926095308585 0.43999237667428526 2.4
      vertex -27.075826819879246 0.29520190203378155 2.4
    endloop
  endfacet
  facet normal 0 0 1
    outer loop
      vertex 31.83344693481922 9.779127478599548 2.4
      vertex -27.075826819879246 0.29520190203378155 2.4
      vertex -27.056469013244033 0.14816476267101888 2.4
    endloop
  endfacet
  facet normal 0 0 1
    outer loop
      vertex 31.83344693481922 9.779127478599548 2.4
      vertex -27.056469013244033 0.14816476267101888 2.4
      vertex -27.05 0 2.4
    endloop
  endfacet
  facet normal 0 0 1
    outer loop
      vertex 31.83344693481922 9.779127478599548 2.4
      vertex -27.05 0 2.4
      vertex -27.056469013244033 -0.14816476267101888 2.4
    endloop
  endfacet
  facet normal 0 0 1
    outer loop
      vertex 31.83344693481922 9.779127478599548 2.4
      vertex -27.056469013244033 -0.14816476267101888 2.4
      vertex -27.075826819879246 -0.29520190203378155 2.4
    endloop
  endfacet
  facet normal 0 0 1
    outer loop
      vertex 31.83344693481922 9.779127478599548 2.4
      vertex -27.152522544663956 -0.5814342436536368 2.4
      vertex -27.209276762037696 -0.718451044959189 2.4
    endloop
  endfacet
  facet normal 0 0 1
    outer loop
      vertex 31.83344693481922 9.779127478599548 2.4
      vertex -27.075826819879246 -0.29520190203378155 2.4
      vertex -27.107926095308585 -0.43999237667428526 2.4
    endloop
  endfacet
  facet normal 0 0 1
    outer loop
      vertex 31.83344693481922 9.779127478599548 2.4
      vertex -27.107926095308585 -0.43999237667428526 2.4
      vertex -27.152522544663956 -0.5814342436536368 2.4
    endloop
  endfacet
  facet normal 0 0 1
    outer loop
      vertex 31.83344693481922 9.779127478599548 2.4
      vertex -27.547918471982868 -1.2020815280171309 2.4
      vertex -27.657261063532882 -1.3022755533022627 2.4
    endloop
  endfacet
  facet normal 0 0 1
    outer loop
      vertex 31.83344693481922 9.779127478599548 2.4
      vertex -27.657261063532882 -1.3022755533022627 2.4
      vertex -27.77492005820322 -1.392558475291286 2.4
    endloop
  endfacet
  facet normal 0 0 1
    outer loop
      vertex 31.83344693481922 9.779127478599548 2.4
      vertex -27.209276762037696 -0.718451044959189 2.4
      vertex -27.277756813566455 -0.85 2.4
    endloop
  endfacet
  facet normal 0 0 1
    outer loop
      vertex 31.83344693481922 9.779127478599548 2.4
      vertex -27.357441524708715 -0.9750799417967783 2.4
      vertex -27.447724446697737 -1.0927389364671167 2.4
    endloop
  endfacet
  facet normal 0 0 1
    outer loop
      vertex 31.83344693481922 9.779127478599548 2.4
      vertex -27.277756813566455 -0.85 2.4
      vertex -27.357441524708715 -0.9750799417967783 2.4
    endloop
  endfacet
  facet normal 0 0 1
    outer loop
      vertex 31.83344693481922 9.779127478599548 2.4
      vertex -27.447724446697737 -1.0927389364671167 2.4
      vertex -27.547918471982868 -1.2020815280171309 2.4
    endloop
  endfacet
  facet normal 0 0 1
    outer loop
      vertex 31.83344693481922 9.779127478599548 2.4
      vertex -27.9 -1.4722431864335457 2.4
      vertex -28.03154895504081 -1.5407232379623048 2.4
    endloop
  endfacet
  facet normal 0 0 1
    outer loop
      vertex 31.83344693481922 9.779127478599548 2.4
      vertex -28.168565756346364 -1.5974774553360442 2.4
      vertex -28.310007623325713 -1.6420739046914161 2.4
    endloop
  endfacet
  facet normal 0 0 1
    outer loop
      vertex 31.83344693481922 9.779127478599548 2.4
      vertex -28.03154895504081 -1.5407232379623048 2.4
      vertex -28.168565756346364 -1.5974774553360442 2.4
    endloop
  endfacet
  facet normal 0 0 1
    outer loop
      vertex 31.83344693481922 9.779127478599548 2.4
      vertex -27.77492005820322 -1.392558475291286 2.4
      vertex -27.9 -1.4722431864335457 2.4
    endloop
  endfacet
  facet normal -0.737277336810127 0.6755902076156571 0
    outer loop
      vertex -31.424442635585343 13.324442635585338 2.4
      vertex -31.751546659310332 12.96747123376029 0
      vertex -31.751546659310332 12.96747123376029 2.4
    endloop
  endfacet
  facet normal -0.6755902076156589 0.7372773368101253 0
    outer loop
      vertex -31.067471233760298 13.651546659310327 2.4
      vertex -31.067471233760298 13.651546659310327 0
      vertex -31.424442635585343 13.324442635585338 2.4
    endloop
  endfacet
  facet normal -0.4617486132350356 0.8870108331782208 1.070737083194193e-16
    outer loop
      vertex -30.04746474836268 14.324888345845022 2.4
      vertex -29.845531352660885 14.430008218053405 0
      vertex -30.275000000000002 14.206440991003632 2.4
    endloop
  endfacet
  facet normal -0.5372996083468199 0.8433914458128882 0
    outer loop
      vertex -30.275000000000002 14.206440991003632 2.4
      vertex -30.275000000000002 14.206440991003632 0
      vertex -30.68334922174831 13.946293845803904 2.4
    endloop
  endfacet
  facet normal -0.38268343236508856 0.9238795325112873 0
    outer loop
      vertex -29.398211795457463 14.61529404536179 2.4
      vertex -29.845531352660885 14.430008218053405 0
      vertex -29.845531352660885 14.430008218053405 2.4
    endloop
  endfacet
  facet normal -0.30070662679471194 0.9537166899041429 -1.7499670127261654e-7
    outer loop
      vertex -29.398211795457463 14.61529404536179 2.4
      vertex -29.398211794974472 14.615294045514077 2.4
      vertex -28.936445700318995 14.760888335904328 0
    endloop
  endfacet
  facet normal -0.3007057995042758 0.9537169507482262 0
    outer loop
      vertex -28.936445700318995 14.760888335904328 2.4
      vertex -28.936445700318995 14.760888335904328 0
      vertex -29.398211794974472 14.615294045514077 2.4
    endloop
  endfacet
  facet normal -0.4617486132350366 0.8870108331782204 0
    outer loop
      vertex -30.04746474836268 14.324888345845022 2.4
      vertex -29.845531352660885 14.430008218053405 2.4
      vertex -29.845531352660885 14.430008218053405 0
    endloop
  endfacet
  facet normal -0.608761429008732 0.7933533402912265 3.0977757607531657e-15
    outer loop
      vertex -30.755913312622386 13.890613460518065 2.4
      vertex -30.68334922174831 13.946293845803904 2.4
      vertex -31.067471233760298 13.651546659310327 0
    endloop
  endfacet
  facet normal -0.608761429008717 0.7933533402912379 0
    outer loop
      vertex -31.067471233760298 13.651546659310327 2.4
      vertex -30.755913312622386 13.890613460518065 2.4
      vertex -31.067471233760298 13.651546659310327 0
    endloop
  endfacet
  facet normal -0.8433914458128837 0.5372996083468269 0
    outer loop
      vertex -32.04629384580391 12.583349221748303 2.4
      vertex -32.04629384580391 12.583349221748303 0
      vertex -32.30644099100364 12.174999999999999 2.4
    endloop
  endfacet
  facet normal -0.7933533402912323 0.6087614290087243 0
    outer loop
      vertex -31.829227916461427 12.866235048446782 2.4
      vertex -31.751546659310332 12.96747123376029 2.4
      vertex -31.751546659310332 12.96747123376029 0
    endloop
  endfacet
  facet normal -0.7933533402912353 0.6087614290087207 -2.432516114734042e-16
    outer loop
      vertex -32.04629384580391 12.583349221748303 2.4
      vertex -31.829227916461427 12.866235048446782 2.4
      vertex -31.751546659310332 12.96747123376029 0
    endloop
  endfacet
  facet normal -0.8870108331782242 0.4617486132350293 -1.1163179236995088e-16
    outer loop
      vertex -32.30644099100364 12.174999999999999 2.4
      vertex -32.53000821805341 11.74553135266088 0
      vertex -32.521703903756304 11.761483792002373 2.4
    endloop
  endfacet
  facet normal -0.8870108331782313 0.46174861323501565 0
    outer loop
      vertex -32.53000821805341 11.74553135266088 2.4
      vertex -32.521703903756304 11.761483792002373 2.4
      vertex -32.53000821805341 11.74553135266088 0
    endloop
  endfacet
  facet normal -0.9238801913558758 0.38268184176967474 0
    outer loop
      vertex -32.53000821805341 11.74553135266088 2.4
      vertex -32.53000821805341 11.74553135266088 0
      vertex -32.53000821829207 11.745531352084708 2.4
    endloop
  endfacet
  facet normal -0.9238795325112859 0.38268343236509184 4.473726984775172e-16
    outer loop
      vertex -32.53000821829207 11.745531352084708 2.4
      vertex -32.53000821805341 11.74553135266088 0
      vertex -32.715294045361794 11.29821179545746 2.4
    endloop
  endfacet
  facet normal -0.21643961393809588 0.9762960071199349 0
    outer loop
      vertex -28.936445700318995 14.760888335904328 2.4
      vertex -28.70775377072158 14.811588116085588 2.4
      vertex -28.936445700318995 14.760888335904328 0
    endloop
  endfacet
  facet normal -0.2164396139381031 0.9762960071199333 7.230017453159404e-16
    outer loop
      vertex -28.70775377072158 14.811588116085588 2.4
      vertex -28.463747386051466 14.865683029217752 2.4
      vertex -28.936445700318995 14.760888335904328 0
    endloop
  endfacet
  facet normal -0.13052619222005343 0.9914448613738103 0
    outer loop
      vertex -28.463747386051466 14.865683029217752 2.4
      vertex -27.983714372249505 14.928880574409186 2.4
      vertex -28.463747386051466 14.865683029217752 0
    endloop
  endfacet
  facet normal -0.04361938736533743 0.9990482215818578 0
    outer loop
      vertex -27.983714372249505 14.928880574409186 2.4
      vertex -27.500000000000004 14.95 2.4
      vertex -27.500000000000004 14.95 0
    endloop
  endfacet
  facet normal -0.9537169507482255 0.30070579950427784 0
    outer loop
      vertex -32.715294045361794 11.29821179545746 2.4
      vertex -32.715294045361794 11.29821179545746 0
      vertex -32.860888335904335 10.836445700318988 2.4
    endloop
  endfacet
  facet normal -0.9762960071199343 0.2164396139380988 -3.9640063333839035e-16
    outer loop
      vertex -32.860888335904335 10.836445700318988 2.4
      vertex -32.96568302921776 10.363747386051461 0
      vertex -32.94613456486238 10.451924810452788 2.4
    endloop
  endfacet
  facet normal -0.9762960071199365 0.2164396139380885 0
    outer loop
      vertex -32.94613456486238 10.451924810452788 2.4
      vertex -32.96568302921776 10.363747386051461 0
      vertex -32.96568302921776 10.363747386051461 2.4
    endloop
  endfacet
  facet normal -0.9914448613738096 0.1305261922200575 0
    outer loop
      vertex -32.96568302921776 10.363747386051461 2.4
      vertex -33.02888057440919 9.883714372249502 0
      vertex -33.02888057440919 9.883714372249502 2.4
    endloop
  endfacet
  facet normal -0.999048221581858 0.04361938736533361 0
    outer loop
      vertex -33.02888057440919 9.883714372249502 2.4
      vertex -33.02888057440919 9.883714372249502 0
      vertex -33.050000000000004 9.399999999999999 2.4
    endloop
  endfacet
  facet normal 0 1 0
    outer loop
      vertex -27.500000000000004 14.95 2.4
      vertex -14.25 14.95 0.8999999999999999
      vertex -27.500000000000004 14.95 0
    endloop
  endfacet
  facet normal 0 1 0
    outer loop
      vertex -27.500000000000004 14.95 2.4
      vertex -9.75 14.95 0.8999999999999999
      vertex -14.25 14.95 0.8999999999999999
    endloop
  endfacet
  facet normal -0.737277336810127 0.6755902076156571 0
    outer loop
      vertex -31.424442635585343 13.324442635585338 2.4
      vertex -31.424442635585343 13.324442635585338 0
      vertex -31.751546659310332 12.96747123376029 0
    endloop
  endfacet
  facet normal -0.6755902076156589 0.7372773368101253 0
    outer loop
      vertex -31.424442635585343 13.324442635585338 2.4
      vertex -31.067471233760298 13.651546659310327 0
      vertex -31.424442635585343 13.324442635585338 0
    endloop
  endfacet
  facet normal -0.5372996083468199 0.8433914458128882 0
    outer loop
      vertex -30.68334922174831 13.946293845803904 2.4
      vertex -30.275000000000002 14.206440991003632 0
      vertex -30.68334922174831 13.946293845803904 0
    endloop
  endfacet
  facet normal -0.4617486132350361 0.8870108331782206 0
    outer loop
      vertex -30.275000000000002 14.206440991003632 2.4
      vertex -29.845531352660885 14.430008218053405 0
      vertex -30.275000000000002 14.206440991003632 0
    endloop
  endfacet
  facet normal -0.38268343236508856 0.9238795325112873 0
    outer loop
      vertex -29.398211795457463 14.61529404536179 2.4
      vertex -29.398211795457463 14.61529404536179 0
      vertex -29.845531352660885 14.430008218053405 0
    endloop
  endfacet
  facet normal -0.30070579950427667 0.9537169507482258 0
    outer loop
      vertex -29.398211795457463 14.61529404536179 2.4
      vertex -28.936445700318995 14.760888335904328 0
      vertex -29.398211795457463 14.61529404536179 0
    endloop
  endfacet
  facet normal -0.6087614290087198 0.7933533402912357 0
    outer loop
      vertex -30.68334922174831 13.946293845803904 2.4
      vertex -30.68334922174831 13.946293845803904 0
      vertex -31.067471233760298 13.651546659310327 0
    endloop
  endfacet
  facet normal -0.8433914458128837 0.5372996083468269 0
    outer loop
      vertex -32.30644099100364 12.174999999999999 2.4
      vertex -32.04629384580391 12.583349221748303 0
      vertex -32.30644099100364 12.174999999999999 0
    endloop
  endfacet
  facet normal -0.7933533402912345 0.6087614290087217 0
    outer loop
      vertex -32.04629384580391 12.583349221748303 2.4
      vertex -31.751546659310332 12.96747123376029 0
      vertex -32.04629384580391 12.583349221748303 0
    endloop
  endfacet
  facet normal -0.8870108331782243 0.46174861323502875 0
    outer loop
      vertex -32.30644099100364 12.174999999999999 2.4
      vertex -32.30644099100364 12.174999999999999 0
      vertex -32.53000821805341 11.74553135266088 0
    endloop
  endfacet
  facet normal -0.9238795325112867 0.38268343236508984 0
    outer loop
      vertex -32.715294045361794 11.29821179545746 2.4
      vertex -32.53000821805341 11.74553135266088 0
      vertex -32.715294045361794 11.29821179545746 0
    endloop
  endfacet
  facet normal -0.2164396139380996 0.976296007119934 0
    outer loop
      vertex -28.463747386051466 14.865683029217752 2.4
      vertex -28.463747386051466 14.865683029217752 0
      vertex -28.936445700318995 14.760888335904328 0
    endloop
  endfacet
  facet normal -0.13052619222005343 0.9914448613738103 0
    outer loop
      vertex -27.983714372249505 14.928880574409186 2.4
      vertex -27.983714372249505 14.928880574409186 0
      vertex -28.463747386051466 14.865683029217752 0
    endloop
  endfacet
  facet normal -0.04361938736533743 0.9990482215818578 0
    outer loop
      vertex -27.983714372249505 14.928880574409186 2.4
      vertex -27.500000000000004 14.95 0
      vertex -27.983714372249505 14.928880574409186 0
    endloop
  endfacet
  facet normal 0 0 -1
    outer loop
      vertex -31.067471233760298 13.651546659310327 0
      vertex -32.04629384580391 12.583349221748303 0
      vertex -31.424442635585343 13.324442635585338 0
    endloop
  endfacet
  facet normal 0 0 -1
    outer loop
      vertex -31.067471233760298 13.651546659310327 0
      vertex -30.275000000000002 14.206440991003632 0
      vertex -29.845531352660885 14.430008218053405 0
    endloop
  endfacet
  facet normal 0 0 -1
    outer loop
      vertex -31.067471233760298 13.651546659310327 0
      vertex -29.845531352660885 14.430008218053405 0
      vertex -29.398211795457463 14.61529404536179 0
    endloop
  endfacet
  facet normal 0 0 -1
    outer loop
      vertex -31.067471233760298 13.651546659310327 0
      vertex -29.398211795457463 14.61529404536179 0
      vertex -27.500000000000004 14.95 0
    endloop
  endfacet
  facet normal 0 0 -1
    outer loop
      vertex -31.067471233760298 13.651546659310327 0
      vertex -30.68334922174831 13.946293845803904 0
      vertex -30.275000000000002 14.206440991003632 0
    endloop
  endfacet
  facet normal 0 0 -1
    outer loop
      vertex -32.04629384580391 12.583349221748303 0
      vertex -32.53000821805341 11.74553135266088 0
      vertex -32.30644099100364 12.174999999999999 0
    endloop
  endfacet
  facet normal 0 0 -1
    outer loop
      vertex -31.067471233760298 13.651546659310327 0
      vertex -32.96568302921776 10.363747386051461 0
      vertex -32.04629384580391 12.583349221748303 0
    endloop
  endfacet
  facet normal 0 0 -1
    outer loop
      vertex -31.424442635585343 13.324442635585338 0
      vertex -32.04629384580391 12.583349221748303 0
      vertex -31.751546659310332 12.96747123376029 0
    endloop
  endfacet
  facet normal 0 0 -1
    outer loop
      vertex -32.04629384580391 12.583349221748303 0
      vertex -32.96568302921776 10.363747386051461 0
      vertex -32.53000821805341 11.74553135266088 0
    endloop
  endfacet
  facet normal 0 0 -1
    outer loop
      vertex -31.067471233760298 13.651546659310327 0
      vertex -27.500000000000004 14.95 0
      vertex -32.96568302921776 10.363747386051461 0
    endloop
  endfacet
  facet normal 0 0 -1
    outer loop
      vertex -28.936445700318995 14.760888335904328 0
      vertex -27.500000000000004 14.95 0
      vertex -29.398211795457463 14.61529404536179 0
    endloop
  endfacet
  facet normal 0 0 -1
    outer loop
      vertex -28.936445700318995 14.760888335904328 0
      vertex -28.463747386051466 14.865683029217752 0
      vertex -27.500000000000004 14.95 0
    endloop
  endfacet
  facet normal 0 0 -1
    outer loop
      vertex -28.463747386051466 14.865683029217752 0
      vertex -27.983714372249505 14.928880574409186 0
      vertex -27.500000000000004 14.95 0
    endloop
  endfacet
  facet normal -0.9537169507482255 0.30070579950427784 0
    outer loop
      vertex -32.860888335904335 10.836445700318988 2.4
      vertex -32.715294045361794 11.29821179545746 0
      vertex -32.860888335904335 10.836445700318988 0
    endloop
  endfacet
  facet normal -0.9762960071199347 0.21643961393809688 0
    outer loop
      vertex -32.860888335904335 10.836445700318988 2.4
      vertex -32.860888335904335 10.836445700318988 0
      vertex -32.96568302921776 10.363747386051461 0
    endloop
  endfacet
  facet normal -0.9914448613738096 0.1305261922200575 0
    outer loop
      vertex -32.96568302921776 10.363747386051461 2.4
      vertex -32.96568302921776 10.363747386051461 0
      vertex -33.02888057440919 9.883714372249502 0
    endloop
  endfacet
  facet normal -0.999048221581858 0.04361938736533361 0
    outer loop
      vertex -33.050000000000004 9.399999999999999 2.4
      vertex -33.02888057440919 9.883714372249502 0
      vertex -33.050000000000004 9.399999999999999 0
    endloop
  endfacet
  facet normal 0 0 -1
    outer loop
      vertex -32.53000821805341 11.74553135266088 0
      vertex -32.96568302921776 10.363747386051461 0
      vertex -32.715294045361794 11.29821179545746 0
    endloop
  endfacet
  facet normal 0 0 -1
    outer loop
      vertex -32.715294045361794 11.29821179545746 0
      vertex -32.96568302921776 10.363747386051461 0
      vertex -32.860888335904335 10.836445700318988 0
    endloop
  endfacet
  facet normal 0 0 -1
    outer loop
      vertex -32.96568302921776 10.363747386051461 0
      vertex -33.050000000000004 9.399999999999999 0
      vertex -33.02888057440919 9.883714372249502 0
    endloop
  endfacet
  facet normal 0 1 0
    outer loop
      vertex -27.500000000000004 14.95 0
      vertex -14.25 14.95 0.8999999999999999
      vertex -14.25 14.95 0.20000000000000018
    endloop
  endfacet
  facet normal 0 1 0
    outer loop
      vertex -27.500000000000004 14.95 0
      vertex -14.25 14.95 0.20000000000000018
      vertex -9.75 14.95 0.20000000000000018
    endloop
  endfacet
  facet normal -1 0 0
    outer loop
      vertex -33.050000000000004 9.399999999999999 2.4
      vertex -33.050000000000004 9.399999999999999 0
      vertex -33.050000000000004 -9.399999999999999 2.4
    endloop
  endfacet
  facet normal 0 0 -1
    outer loop
      vertex -27.500000000000004 14.95 0
      vertex -29.6 1.4722431864335457 0
      vertex -29.72507994179678 1.392558475291286 0
    endloop
  endfacet
  facet normal 0 0 -1
    outer loop
      vertex -27.500000000000004 14.95 0
      vertex -29.72507994179678 1.392558475291286 0
      vertex -29.842738936467118 1.3022755533022627 0
    endloop
  endfacet
  facet normal 0 0 -1
    outer loop
      vertex -27.500000000000004 14.95 0
      vertex -30.052275553302263 1.0927389364671167 0
      vertex -30.142558475291285 0.9750799417967783 0
    endloop
  endfacet
  facet normal 0 0 -1
    outer loop
      vertex -27.500000000000004 14.95 0
      vertex -29.842738936467118 1.3022755533022627 0
      vertex -29.952081528017132 1.2020815280171309 0
    endloop
  endfacet
  facet normal 0 0 -1
    outer loop
      vertex -27.500000000000004 14.95 0
      vertex -29.952081528017132 1.2020815280171309 0
      vertex -30.052275553302263 1.0927389364671167 0
    endloop
  endfacet
  facet normal 0 0 -1
    outer loop
      vertex -27.500000000000004 14.95 0
      vertex -32.860888335904335 -10.836445700318988 0
      vertex -32.96568302921776 10.363747386051461 0
    endloop
  endfacet
  facet normal 0 0 -1
    outer loop
      vertex -27.500000000000004 14.95 0
      vertex -30.392073904691415 0.43999237667428526 0
      vertex -30.424173180120754 0.29520190203378155 0
    endloop
  endfacet
  facet normal 0 0 -1
    outer loop
      vertex -27.500000000000004 14.95 0
      vertex -30.222243186433545 0.85 0
      vertex -30.290723237962304 0.718451044959189 0
    endloop
  endfacet
  facet normal 0 0 -1
    outer loop
      vertex -27.500000000000004 14.95 0
      vertex -30.142558475291285 0.9750799417967783 0
      vertex -30.222243186433545 0.85 0
    endloop
  endfacet
  facet normal 0 0 -1
    outer loop
      vertex -27.500000000000004 14.95 0
      vertex -30.290723237962304 0.718451044959189 0
      vertex -30.347477455336044 0.5814342436536368 0
    endloop
  endfacet
  facet normal 0 0 -1
    outer loop
      vertex -27.500000000000004 14.95 0
      vertex -30.347477455336044 0.5814342436536368 0
      vertex -30.392073904691415 0.43999237667428526 0
    endloop
  endfacet
  facet normal 0 0 -1
    outer loop
      vertex -27.500000000000004 14.95 0
      vertex -29.04520190203378 1.6741731801207536 0
      vertex -29.189992376674287 1.6420739046914161 0
    endloop
  endfacet
  facet normal 0 0 -1
    outer loop
      vertex -27.500000000000004 14.95 0
      vertex -28.89816476267102 1.6935309867559674 0
      vertex -29.04520190203378 1.6741731801207536 0
    endloop
  endfacet
  facet normal 0 0 -1
    outer loop
      vertex -27.500000000000004 14.95 0
      vertex -28.75 1.7 0
      vertex -28.89816476267102 1.6935309867559674 0
    endloop
  endfacet
  facet normal 0 0 -1
    outer loop
      vertex -27.500000000000004 14.95 0
      vertex -28.60183523732898 1.6935309867559674 0
      vertex -28.75 1.7 0
    endloop
  endfacet
  facet normal 0 0 -1
    outer loop
      vertex -27.500000000000004 14.95 0
      vertex -28.45479809796622 1.6741731801207536 0
      vertex -28.60183523732898 1.6935309867559674 0
    endloop
  endfacet
  facet normal 0 0 -1
    outer loop
      vertex -27.500000000000004 14.95 0
      vertex -28.310007623325713 1.6420739046914161 0
      vertex -28.45479809796622 1.6741731801207536 0
    endloop
  endfacet
  facet normal 0 0 -1
    outer loop
      vertex -27.500000000000004 14.95 0
      vertex -29.46845104495919 1.5407232379623048 0
      vertex -29.6 1.4722431864335457 0
    endloop
  endfacet
  facet normal 0 0 -1
    outer loop
      vertex -27.500000000000004 14.95 0
      vertex -29.331434243653636 1.5974774553360442 0
      vertex -29.46845104495919 1.5407232379623048 0
    endloop
  endfacet
  facet normal 0 0 -1
    outer loop
      vertex -27.500000000000004 14.95 0
      vertex -29.189992376674287 1.6420739046914161 0
      vertex -29.331434243653636 1.5974774553360442 0
    endloop
  endfacet
  facet normal 0 0 -1
    outer loop
      vertex -27.500000000000004 14.95 0
      vertex -28.168565756346364 1.5974774553360442 0
      vertex -28.310007623325713 1.6420739046914161 0
    endloop
  endfacet
  facet normal 0 0 -1
    outer loop
      vertex -27.500000000000004 14.95 0
      vertex -28.03154895504081 1.5407232379623048 0
      vertex -28.168565756346364 1.5974774553360442 0
    endloop
  endfacet
  facet normal 0 0 -1
    outer loop
      vertex -27.500000000000004 14.95 0
      vertex -27.9 1.4722431864335457 0
      vertex -28.03154895504081 1.5407232379623048 0
    endloop
  endfacet
  facet normal 0 0 -1
    outer loop
      vertex -27.500000000000004 14.95 0
      vertex -27.77492005820322 1.392558475291286 0
      vertex -27.9 1.4722431864335457 0
    endloop
  endfacet
  facet normal 0 0 -1
    outer loop
      vertex -27.500000000000004 14.95 0
      vertex -27.657261063532882 1.3022755533022627 0
      vertex -27.77492005820322 1.392558475291286 0
    endloop
  endfacet
  facet normal 0 0 -1
    outer loop
      vertex -27.500000000000004 14.95 0
      vertex -27.547918471982868 1.2020815280171309 0
      vertex -27.657261063532882 1.3022755533022627 0
    endloop
  endfacet
  facet normal 0 0 -1
    outer loop
      vertex -27.500000000000004 14.95 0
      vertex -27.447724446697737 1.0927389364671167 0
      vertex -27.547918471982868 1.2020815280171309 0
    endloop
  endfacet
  facet normal 0 0 -1
    outer loop
      vertex -27.500000000000004 14.95 0
      vertex -27.357441524708715 0.9750799417967783 0
      vertex -27.447724446697737 1.0927389364671167 0
    endloop
  endfacet
  facet normal 0 0 -1
    outer loop
      vertex -27.500000000000004 14.95 0
      vertex -27.277756813566455 0.85 0
      vertex -27.357441524708715 0.9750799417967783 0
    endloop
  endfacet
  facet normal 0 0 -1
    outer loop
      vertex -27.500000000000004 14.95 0
      vertex -27.209276762037696 0.718451044959189 0
      vertex -27.277756813566455 0.85 0
    endloop
  endfacet
  facet normal 0 0 -1
    outer loop
      vertex -27.500000000000004 14.95 0
      vertex -27.152522544663956 0.5814342436536368 0
      vertex -27.209276762037696 0.718451044959189 0
    endloop
  endfacet
  facet normal 0 0 -1
    outer loop
      vertex -27.500000000000004 14.95 0
      vertex -27.107926095308585 0.43999237667428526 0
      vertex -27.152522544663956 0.5814342436536368 0
    endloop
  endfacet
  facet normal 0 0 -1
    outer loop
      vertex -27.500000000000004 14.95 0
      vertex -27.075826819879246 0.29520190203378155 0
      vertex -27.107926095308585 0.43999237667428526 0
    endloop
  endfacet
  facet normal 0 0 -1
    outer loop
      vertex -27.500000000000004 14.95 0
      vertex -27.056469013244033 0.14816476267101888 0
      vertex -27.075826819879246 0.29520190203378155 0
    endloop
  endfacet
  facet normal 0 0 -1
    outer loop
      vertex -32.96568302921776 10.363747386051461 0
      vertex -32.860888335904335 -10.836445700318988 0
      vertex -33.050000000000004 9.399999999999999 0
    endloop
  endfacet
  facet normal 0 0 -1
    outer loop
      vertex -27.500000000000004 14.95 0
      vertex -30.424173180120754 0.29520190203378155 0
      vertex -32.860888335904335 -10.836445700318988 0
    endloop
  endfacet
  facet normal 0 1 0
    outer loop
      vertex -27.500000000000004 14.95 2.4
      vertex 9.75 14.95 0.20000000000000018
      vertex -9.75 14.95 0.8999999999999999
    endloop
  endfacet
  facet normal 0 1 0
    outer loop
      vertex -27.500000000000004 14.95 2.4
      vertex 14.25 14.95 0.8999999999999999
      vertex 9.75 14.95 0.8999999999999999
    endloop
  endfacet
  facet normal 0 1 0
    outer loop
      vertex -27.500000000000004 14.95 2.4
      vertex 9.75 14.95 0.8999999999999999
      vertex 9.75 14.95 0.20000000000000018
    endloop
  endfacet
  facet normal 0 1 0
    outer loop
      vertex -27.500000000000004 14.95 0
      vertex -9.75 14.95 0.20000000000000018
      vertex 9.75 14.95 0.20000000000000018
    endloop
  endfacet
  facet normal 0 1 0
    outer loop
      vertex -9.75 14.95 0.8999999999999999
      vertex 9.75 14.95 0.20000000000000018
      vertex -9.75 14.95 0.20000000000000018
    endloop
  endfacet
  facet normal 0 1 0
    outer loop
      vertex -27.500000000000004 14.95 0
      vertex 9.75 14.95 0.20000000000000018
      vertex 14.25 14.95 0.20000000000000018
    endloop
  endfacet
  facet normal 0 0 -1
    outer loop
      vertex -27.500000000000004 14.95 0
      vertex 27.500000000000004 -14.95 0
      vertex -27.056469013244033 0.14816476267101888 0
    endloop
  endfacet
  facet normal 0 0 1
    outer loop
      vertex -31.850000001490116 9.399999998509884 2.4
      vertex -31.850000001490116 -9.399999998509884 2.4
      vertex -30.45 0 2.4
    endloop
  endfacet
  facet normal 0 0 1
    outer loop
      vertex -33.04999999701977 9.399999998509884 2.4
      vertex -33.050000000000004 -9.399999999999999 2.4
      vertex -33.04999999701977 -9.399999998509884 2.4
    endloop
  endfacet
  facet normal 0 0 1
    outer loop
      vertex -31.850000001490116 -9.399999998509884 2.4
      vertex -30.443530986755967 -0.14816476267101888 2.4
      vertex -30.45 0 2.4
    endloop
  endfacet
  facet normal 0 0 1
    outer loop
      vertex -31.850000001490116 -9.399999998509884 2.4
      vertex -30.424173180120754 -0.29520190203378155 2.4
      vertex -30.443530986755967 -0.14816476267101888 2.4
    endloop
  endfacet
  facet normal 0 0 1
    outer loop
      vertex -31.850000001490116 -9.399999998509884 2.4
      vertex -30.392073904691415 -0.43999237667428526 2.4
      vertex -30.424173180120754 -0.29520190203378155 2.4
    endloop
  endfacet
  facet normal 0 0 1
    outer loop
      vertex -31.850000001490116 -9.399999998509884 2.4
      vertex -30.347477455336044 -0.5814342436536368 2.4
      vertex -30.392073904691415 -0.43999237667428526 2.4
    endloop
  endfacet
  facet normal 0 0 1
    outer loop
      vertex -31.850000001490116 -9.399999998509884 2.4
      vertex -30.290723237962304 -0.718451044959189 2.4
      vertex -30.347477455336044 -0.5814342436536368 2.4
    endloop
  endfacet
  facet normal 0 0 1
    outer loop
      vertex -31.850000001490116 -9.399999998509884 2.4
      vertex -30.222243186433545 -0.85 2.4
      vertex -30.290723237962304 -0.718451044959189 2.4
    endloop
  endfacet
  facet normal 0 0 1
    outer loop
      vertex -31.850000001490116 -9.399999998509884 2.4
      vertex -30.142558475291285 -0.9750799417967783 2.4
      vertex -30.222243186433545 -0.85 2.4
    endloop
  endfacet
  facet normal 0 0 1
    outer loop
      vertex -31.850000001490116 -9.399999998509884 2.4
      vertex -30.052275553302263 -1.0927389364671167 2.4
      vertex -30.142558475291285 -0.9750799417967783 2.4
    endloop
  endfacet
  facet normal 0 0 1
    outer loop
      vertex -31.850000001490116 -9.399999998509884 2.4
      vertex -29.952081528017132 -1.2020815280171309 2.4
      vertex -30.052275553302263 -1.0927389364671167 2.4
    endloop
  endfacet
  facet normal 0 0 1
    outer loop
      vertex -31.850000001490116 -9.399999998509884 2.4
      vertex -29.842738936467118 -1.3022755533022627 2.4
      vertex -29.952081528017132 -1.2020815280171309 2.4
    endloop
  endfacet
  facet normal 0 0 1
    outer loop
      vertex -31.850000001490116 -9.399999998509884 2.4
      vertex -29.72507994179678 -1.392558475291286 2.4
      vertex -29.842738936467118 -1.3022755533022627 2.4
    endloop
  endfacet
  facet normal 0 0 1
    outer loop
      vertex -31.850000001490116 -9.399999998509884 2.4
      vertex -29.6 -1.4722431864335457 2.4
      vertex -29.72507994179678 -1.392558475291286 2.4
    endloop
  endfacet
  facet normal 0 0 1
    outer loop
      vertex -31.850000001490116 -9.399999998509884 2.4
      vertex -29.46845104495919 -1.5407232379623048 2.4
      vertex -29.6 -1.4722431864335457 2.4
    endloop
  endfacet
  facet normal 0 0 1
    outer loop
      vertex -31.850000001490116 -9.399999998509884 2.4
      vertex -29.331434243653636 -1.5974774553360442 2.4
      vertex -29.46845104495919 -1.5407232379623048 2.4
    endloop
  endfacet
  facet normal 0 0 1
    outer loop
      vertex -31.850000001490116 -9.399999998509884 2.4
      vertex -29.189992376674287 -1.6420739046914161 2.4
      vertex -29.331434243653636 -1.5974774553360442 2.4
    endloop
  endfacet
  facet normal 0 0 1
    outer loop
      vertex -31.850000001490116 -9.399999998509884 2.4
      vertex -29.04520190203378 -1.6741731801207536 2.4
      vertex -29.189992376674287 -1.6420739046914161 2.4
    endloop
  endfacet
  facet normal 0 0 1
    outer loop
      vertex -31.850000001490116 -9.399999998509884 2.4
      vertex -28.89816476267102 -1.6935309867559674 2.4
      vertex -29.04520190203378 -1.6741731801207536 2.4
    endloop
  endfacet
  facet normal 0 0 1
    outer loop
      vertex -31.850000001490116 -9.399999998509884 2.4
      vertex -28.75 -1.7 2.4
      vertex -28.89816476267102 -1.6935309867559674 2.4
    endloop
  endfacet
  facet normal 0 0 1
    outer loop
      vertex -31.850000001490116 -9.399999998509884 2.4
      vertex -28.60183523732898 -1.6935309867559674 2.4
      vertex -28.75 -1.7 2.4
    endloop
  endfacet
  facet normal 0 0 1
    outer loop
      vertex -31.850000001490116 -9.399999998509884 2.4
      vertex -28.45479809796622 -1.6741731801207536 2.4
      vertex -28.60183523732898 -1.6935309867559674 2.4
    endloop
  endfacet
  facet normal 0 0 1
    outer loop
      vertex -33.050000000000004 -9.399999999999999 2.4
      vertex -33.02888057440919 -9.883714372249502 2.4
      vertex -33.04999999701977 -9.399999998509884 2.4
    endloop
  endfacet
  facet normal 0 0 1
    outer loop
      vertex -33.04999999701977 -9.399999998509884 2.4
      vertex -33.02888057440919 -9.883714372249502 2.4
      vertex -33.02888057380915 -9.883714370429516 2.4
    endloop
  endfacet
  facet normal 0 0 1
    outer loop
      vertex -33.02888057440919 -9.883714372249502 2.4
      vertex -32.96568302921776 -10.363747386051461 2.4
      vertex -33.02888057380915 -9.883714370429516 2.4
    endloop
  endfacet
  facet normal 0 0 1
    outer loop
      vertex -33.02888057380915 -9.883714370429516 2.4
      vertex -32.96568302921776 -10.363747386051461 2.4
      vertex -32.96568302810192 -10.363747388124466 2.4
    endloop
  endfacet
  facet normal 0 0 1
    outer loop
      vertex -31.850000001490116 -9.399999998509884 2.4
      vertex -31.83344693481922 -9.779127478599548 2.4
      vertex -31.78391372412443 -10.155369572341442 2.4
    endloop
  endfacet
  facet normal 0 0 1
    outer loop
      vertex -31.850000001490116 -9.399999998509884 2.4
      vertex -31.78391372412443 -10.155369572341442 2.4
      vertex -31.70177734643221 -10.525862842798233 2.4
    endloop
  endfacet
  facet normal 0 0 1
    outer loop
      vertex -31.850000001490116 -9.399999998509884 2.4
      vertex -31.70177734643221 -10.525862842798233 2.4
      vertex -31.587662898004055 -10.887787625193596 2.4
    endloop
  endfacet
  facet normal 0 0 1
    outer loop
      vertex -32.96568302921776 -10.363747386051461 2.4
      vertex -32.94613456486238 -10.451924810452788 2.4
      vertex -32.96568302810192 -10.363747388124466 2.4
    endloop
  endfacet
  facet normal 0 0 1
    outer loop
      vertex -31.850000001490116 -9.399999998509884 2.4
      vertex -31.587662898004055 -10.887787625193596 2.4
      vertex -31.44243887066841 -11.238389439880848 2.4
    endloop
  endfacet
  facet normal 0 0 1
    outer loop
      vertex -31.850000001490116 -9.399999998509884 2.4
      vertex -31.44243887066841 -11.238389439880848 2.4
      vertex -31.267210505902767 -11.574999995529652 2.4
    endloop
  endfacet
  facet normal 0 0 1
    outer loop
      vertex -31.850000001490116 -9.399999998509884 2.4
      vertex -31.267210505902767 -11.574999995529652 2.4
      vertex -31.063311390578747 -11.895057499408722 2.4
    endloop
  endfacet
  facet normal 0 0 1
    outer loop
      vertex -31.850000001490116 -9.399999998509884 2.4
      vertex -31.063311390578747 -11.895057499408722 2.4
      vertex -30.832293324172497 -12.196126103401184 2.4
    endloop
  endfacet
  facet normal 0 0 1
    outer loop
      vertex -32.53000821805341 -11.74553135266088 2.4
      vertex -32.521703903756304 -11.761483792002373 2.4
      vertex -32.53000821829207 -11.745531352084708 2.4
    endloop
  endfacet
  facet normal 0 0 1
    outer loop
      vertex -31.850000001490116 -9.399999998509884 2.4
      vertex -30.832293324172497 -12.196126103401184 2.4
      vertex -30.57591449469328 -12.475914493203163 2.4
    endloop
  endfacet
  facet normal 0 0 1
    outer loop
      vertex -31.829227916461427 -12.866235048446782 2.4
      vertex -31.751546659310332 -12.96747123376029 2.4
      vertex -31.75154665859308 -12.967471234477543 2.4
    endloop
  endfacet
  facet normal 0 0 1
    outer loop
      vertex -31.850000001490116 -9.399999998509884 2.4
      vertex -30.57591449469328 -12.475914493203163 2.4
      vertex -30.2961261048913 -12.73229332268238 2.4
    endloop
  endfacet
  facet normal 0 0 1
    outer loop
      vertex -31.850000001490116 -9.399999998509884 2.4
      vertex -30.2961261048913 -12.73229332268238 2.4
      vertex -29.995057500898838 -12.96331138908863 2.4
    endloop
  endfacet
  facet normal 0 0 1
    outer loop
      vertex -31.850000001490116 -9.399999998509884 2.4
      vertex -29.995057500898838 -12.96331138908863 2.4
      vertex -29.674999997019768 -13.167210504412651 2.4
    endloop
  endfacet
  facet normal 0 0 1
    outer loop
      vertex -31.850000001490116 -9.399999998509884 2.4
      vertex -29.674999997019768 -13.167210504412651 2.4
      vertex -29.338389441370964 -13.342438869178295 2.4
    endloop
  endfacet
  facet normal 0 0 1
    outer loop
      vertex -31.850000001490116 -9.399999998509884 2.4
      vertex -29.338389441370964 -13.342438869178295 2.4
      vertex -28.987787626683712 -13.487662896513939 2.4
    endloop
  endfacet
  facet normal 0 0 1
    outer loop
      vertex -31.850000001490116 -9.399999998509884 2.4
      vertex -28.987787626683712 -13.487662896513939 2.4
      vertex -28.62586284428835 -13.601777344942093 2.4
    endloop
  endfacet
  facet normal 0 0 1
    outer loop
      vertex -31.850000001490116 -9.399999998509884 2.4
      vertex -28.62586284428835 -13.601777344942093 2.4
      vertex -28.25536957383156 -13.683913722634315 2.4
    endloop
  endfacet
  facet normal 0 0 1
    outer loop
      vertex -31.850000001490116 -9.399999998509884 2.4
      vertex -28.25536957383156 -13.683913722634315 2.4
      vertex -27.879127480089664 -13.733446933329105 2.4
    endloop
  endfacet
  facet normal 0 0 1
    outer loop
      vertex -31.850000001490116 -9.399999998509884 2.4
      vertex -27.879127480089664 -13.733446933329105 2.4
      vertex -27.5 -13.75 2.4
    endloop
  endfacet
  facet normal 0 0 1
    outer loop
      vertex -31.751546659310332 -12.96747123376029 2.4
      vertex -31.424442633986473 -13.324442632496357 2.4
      vertex -31.75154665859308 -12.967471234477543 2.4
    endloop
  endfacet
  facet normal 0 0 1
    outer loop
      vertex -31.751546659310332 -12.96747123376029 2.4
      vertex -31.424442635585343 -13.324442635585338 2.4
      vertex -31.424442633986473 -13.324442632496357 2.4
    endloop
  endfacet
  facet normal 0 0 1
    outer loop
      vertex -31.424442635585343 -13.324442635585338 2.4
      vertex -31.067471235990524 -13.651546657085419 2.4
      vertex -31.424442633986473 -13.324442632496357 2.4
    endloop
  endfacet
  facet normal 0 0 1
    outer loop
      vertex -31.424442635585343 -13.324442635585338 2.4
      vertex -31.067471233760298 -13.651546659310327 2.4
      vertex -31.067471235990524 -13.651546657085419 2.4
    endloop
  endfacet
  facet normal 0 0 1
    outer loop
      vertex -31.067471233760298 -13.651546659310327 2.4
      vertex -30.755913312622386 -13.890613460518065 2.4
      vertex -31.067471235990524 -13.651546657085419 2.4
    endloop
  endfacet
  facet normal 0 0 1
    outer loop
      vertex -30.04746474836268 -14.324888345845022 2.4
      vertex -29.845531352660885 -14.430008218053405 2.4
      vertex -29.845531351864338 -14.430008217692375 2.4
    endloop
  endfacet
  facet normal 0 0 1
    outer loop
      vertex -29.845531352660885 -14.430008218053405 2.4
      vertex -29.398211795457463 -14.61529404536179 2.4
      vertex -29.845531351864338 -14.430008217692375 2.4
    endloop
  endfacet
  facet normal 0 0 1
    outer loop
      vertex -29.845531351864338 -14.430008217692375 2.4
      vertex -29.398211795457463 -14.61529404536179 2.4
      vertex -29.398211794974472 -14.615294045514077 2.4
    endloop
  endfacet
  facet normal 0 0 1
    outer loop
      vertex -28.70775377072158 -14.811588116085588 2.4
      vertex -28.463747386051466 -14.865683029217752 2.4
      vertex -28.463747389614582 -14.865683026611805 2.4
    endloop
  endfacet
  facet normal 0 0 1
    outer loop
      vertex -28.463747386051466 -14.865683029217752 2.4
      vertex -27.983714372249505 -14.928880574409186 2.4
      vertex -28.463747389614582 -14.865683026611805 2.4
    endloop
  endfacet
  facet normal 0 0 1
    outer loop
      vertex -28.463747389614582 -14.865683026611805 2.4
      vertex -27.983714372249505 -14.928880574409186 2.4
      vertex -27.983714371919632 -14.92888057231903 2.4
    endloop
  endfacet
  facet normal 0 0 1
    outer loop
      vertex -27.983714372249505 -14.928880574409186 2.4
      vertex -27.500000000000004 -14.95 2.4
      vertex -27.983714371919632 -14.92888057231903 2.4
    endloop
  endfacet
  facet normal 0 0 1
    outer loop
      vertex -27.983714371919632 -14.92888057231903 2.4
      vertex -27.500000000000004 -14.95 2.4
      vertex -27.5 -14.949999995529652 2.4
    endloop
  endfacet
  facet normal 0 0 1
    outer loop
      vertex -31.850000001490116 -9.399999998509884 2.4
      vertex 31.83344693481922 9.779127478599548 2.4
      vertex -28.45479809796622 -1.6741731801207536 2.4
    endloop
  endfacet
  facet normal 0 0 1
    outer loop
      vertex -31.850000001490116 -9.399999998509884 2.4
      vertex -27.5 -13.75 2.4
      vertex 27.5 -13.75 2.4
    endloop
  endfacet
  facet normal 0 0 1
    outer loop
      vertex -27.500000000000004 -14.95 2.4
      vertex 27.500000000000004 -14.95 2.4
      vertex -27.5 -14.949999995529652 2.4
    endloop
  endfacet
  facet normal -1 0 0
    outer loop
      vertex -33.050000000000004 9.399999999999999 0
      vertex -33.050000000000004 -9.399999999999999 0
      vertex -33.050000000000004 -9.399999999999999 2.4
    endloop
  endfacet
  facet normal 0 0 -1
    outer loop
      vertex -33.050000000000004 9.399999999999999 0
      vertex -32.860888335904335 -10.836445700318988 0
      vertex -33.050000000000004 -9.399999999999999 0
    endloop
  endfacet
  facet normal 0 0 -1
    outer loop
      vertex -32.860888335904335 -10.836445700318988 0
      vertex -30.424173180120754 0.29520190203378155 0
      vertex -30.443530986755967 0.14816476267101888 0
    endloop
  endfacet
  facet normal 0 0 -1
    outer loop
      vertex -32.860888335904335 -10.836445700318988 0
      vertex -30.443530986755967 0.14816476267101888 0
      vertex -30.45 0 0
    endloop
  endfacet
  facet normal 0 0 -1
    outer loop
      vertex -32.860888335904335 -10.836445700318988 0
      vertex -30.45 0 0
      vertex -30.443530986755967 -0.14816476267101888 0
    endloop
  endfacet
  facet normal 0 0 -1
    outer loop
      vertex -32.860888335904335 -10.836445700318988 0
      vertex -30.443530986755967 -0.14816476267101888 0
      vertex -30.424173180120754 -0.29520190203378155 0
    endloop
  endfacet
  facet normal 0 0 -1
    outer loop
      vertex -32.860888335904335 -10.836445700318988 0
      vertex -30.424173180120754 -0.29520190203378155 0
      vertex -30.392073904691415 -0.43999237667428526 0
    endloop
  endfacet
  facet normal 0 0 -1
    outer loop
      vertex -32.860888335904335 -10.836445700318988 0
      vertex -30.392073904691415 -0.43999237667428526 0
      vertex -30.347477455336044 -0.5814342436536368 0
    endloop
  endfacet
  facet normal 0 0 -1
    outer loop
      vertex -32.860888335904335 -10.836445700318988 0
      vertex -30.347477455336044 -0.5814342436536368 0
      vertex -30.290723237962304 -0.718451044959189 0
    endloop
  endfacet
  facet normal 0 0 -1
    outer loop
      vertex -32.860888335904335 -10.836445700318988 0
      vertex -30.290723237962304 -0.718451044959189 0
      vertex -30.222243186433545 -0.85 0
    endloop
  endfacet
  facet normal 0 0 -1
    outer loop
      vertex -32.860888335904335 -10.836445700318988 0
      vertex -30.222243186433545 -0.85 0
      vertex -30.142558475291285 -0.9750799417967783 0
    endloop
  endfacet
  facet normal 0 0 -1
    outer loop
      vertex -32.860888335904335 -10.836445700318988 0
      vertex -30.142558475291285 -0.9750799417967783 0
      vertex -30.052275553302263 -1.0927389364671167 0
    endloop
  endfacet
  facet normal 0 0 -1
    outer loop
      vertex -32.860888335904335 -10.836445700318988 0
      vertex -30.052275553302263 -1.0927389364671167 0
      vertex -29.952081528017132 -1.2020815280171309 0
    endloop
  endfacet
  facet normal 0 0 -1
    outer loop
      vertex -32.860888335904335 -10.836445700318988 0
      vertex -29.952081528017132 -1.2020815280171309 0
      vertex -29.842738936467118 -1.3022755533022627 0
    endloop
  endfacet
  facet normal 0 0 -1
    outer loop
      vertex -32.860888335904335 -10.836445700318988 0
      vertex -29.842738936467118 -1.3022755533022627 0
      vertex -29.72507994179678 -1.392558475291286 0
    endloop
  endfacet
  facet normal 0 0 -1
    outer loop
      vertex -32.860888335904335 -10.836445700318988 0
      vertex -29.72507994179678 -1.392558475291286 0
      vertex -29.6 -1.4722431864335457 0
    endloop
  endfacet
  facet normal 0 0 -1
    outer loop
      vertex -32.860888335904335 -10.836445700318988 0
      vertex -29.6 -1.4722431864335457 0
      vertex -29.46845104495919 -1.5407232379623048 0
    endloop
  endfacet
  facet normal 0 0 -1
    outer loop
      vertex -32.860888335904335 -10.836445700318988 0
      vertex -29.46845104495919 -1.5407232379623048 0
      vertex -29.331434243653636 -1.5974774553360442 0
    endloop
  endfacet
  facet normal 0 0 -1
    outer loop
      vertex -32.860888335904335 -10.836445700318988 0
      vertex -28.168565756346364 -1.5974774553360442 0
      vertex -28.03154895504081 -1.5407232379623048 0
    endloop
  endfacet
  facet normal 0 0 -1
    outer loop
      vertex -32.860888335904335 -10.836445700318988 0
      vertex -28.03154895504081 -1.5407232379623048 0
      vertex -27.9 -1.4722431864335457 0
    endloop
  endfacet
  facet normal 0 0 -1
    outer loop
      vertex -32.860888335904335 -10.836445700318988 0
      vertex -27.9 -1.4722431864335457 0
      vertex -27.77492005820322 -1.392558475291286 0
    endloop
  endfacet
  facet normal 0 0 -1
    outer loop
      vertex -32.860888335904335 -10.836445700318988 0
      vertex -27.547918471982868 -1.2020815280171309 0
      vertex -27.447724446697737 -1.0927389364671167 0
    endloop
  endfacet
  facet normal 0 0 -1
    outer loop
      vertex -32.860888335904335 -10.836445700318988 0
      vertex -27.657261063532882 -1.3022755533022627 0
      vertex -27.547918471982868 -1.2020815280171309 0
    endloop
  endfacet
  facet normal 0 0 -1
    outer loop
      vertex -32.860888335904335 -10.836445700318988 0
      vertex -27.77492005820322 -1.392558475291286 0
      vertex -27.657261063532882 -1.3022755533022627 0
    endloop
  endfacet
  facet normal 0 0 -1
    outer loop
      vertex -32.860888335904335 -10.836445700318988 0
      vertex -29.331434243653636 -1.5974774553360442 0
      vertex -29.189992376674287 -1.6420739046914161 0
    endloop
  endfacet
  facet normal 0 0 -1
    outer loop
      vertex -32.860888335904335 -10.836445700318988 0
      vertex -29.189992376674287 -1.6420739046914161 0
      vertex -29.04520190203378 -1.6741731801207536 0
    endloop
  endfacet
  facet normal 0 0 -1
    outer loop
      vertex -32.860888335904335 -10.836445700318988 0
      vertex -29.04520190203378 -1.6741731801207536 0
      vertex -28.89816476267102 -1.6935309867559674 0
    endloop
  endfacet
  facet normal 0 0 -1
    outer loop
      vertex -32.860888335904335 -10.836445700318988 0
      vertex -28.89816476267102 -1.6935309867559674 0
      vertex -28.75 -1.7 0
    endloop
  endfacet
  facet normal 0 0 -1
    outer loop
      vertex -32.860888335904335 -10.836445700318988 0
      vertex -28.75 -1.7 0
      vertex -28.60183523732898 -1.6935309867559674 0
    endloop
  endfacet
  facet normal 0 0 -1
    outer loop
      vertex -32.860888335904335 -10.836445700318988 0
      vertex -28.60183523732898 -1.6935309867559674 0
      vertex -28.45479809796622 -1.6741731801207536 0
    endloop
  endfacet
  facet normal 0 0 -1
    outer loop
      vertex -32.860888335904335 -10.836445700318988 0
      vertex -28.45479809796622 -1.6741731801207536 0
      vertex -28.310007623325713 -1.6420739046914161 0
    endloop
  endfacet
  facet normal 0 0 -1
    outer loop
      vertex -32.860888335904335 -10.836445700318988 0
      vertex -28.310007623325713 -1.6420739046914161 0
      vertex -28.168565756346364 -1.5974774553360442 0
    endloop
  endfacet
  facet normal -0.999048221581858 -0.04361938736533361 0
    outer loop
      vertex -33.050000000000004 -9.399999999999999 2.4
      vertex -33.050000000000004 -9.399999999999999 0
      vertex -33.02888057440919 -9.883714372249502 2.4
    endloop
  endfacet
  facet normal -0.9914448613738096 -0.1305261922200575 0
    outer loop
      vertex -33.02888057440919 -9.883714372249502 2.4
      vertex -33.02888057440919 -9.883714372249502 0
      vertex -32.96568302921776 -10.363747386051461 2.4
    endloop
  endfacet
  facet normal -0.9762960071199365 -0.2164396139380885 -1.7206065740403095e-15
    outer loop
      vertex -32.96568302921776 -10.363747386051461 2.4
      vertex -32.860888335904335 -10.836445700318988 0
      vertex -32.94613456486238 -10.451924810452788 2.4
    endloop
  endfacet
  facet normal -0.9762960071199343 -0.2164396139380988 0
    outer loop
      vertex -32.94613456486238 -10.451924810452788 2.4
      vertex -32.860888335904335 -10.836445700318988 0
      vertex -32.860888335904335 -10.836445700318988 2.4
    endloop
  endfacet
  facet normal -0.9537169507482255 -0.30070579950427784 0
    outer loop
      vertex -32.860888335904335 -10.836445700318988 2.4
      vertex -32.860888335904335 -10.836445700318988 0
      vertex -32.715294045361794 -11.29821179545746 2.4
    endloop
  endfacet
  facet normal -0.9238795325112859 -0.38268343236509184 4.538267153801051e-16
    outer loop
      vertex -32.715294045361794 -11.29821179545746 2.4
      vertex -32.53000821805341 -11.74553135266088 0
      vertex -32.53000821829207 -11.745531352084708 2.4
    endloop
  endfacet
  facet normal -0.9238801913558758 -0.38268184176967474 0
    outer loop
      vertex -32.53000821805341 -11.74553135266088 2.4
      vertex -32.53000821829207 -11.745531352084708 2.4
      vertex -32.53000821805341 -11.74553135266088 0
    endloop
  endfacet
  facet normal -0.8870108331782313 -0.46174861323501565 0
    outer loop
      vertex -32.53000821805341 -11.74553135266088 2.4
      vertex -32.53000821805341 -11.74553135266088 0
      vertex -32.521703903756304 -11.761483792002373 2.4
    endloop
  endfacet
  facet normal -0.8870108331782242 -0.4617486132350293 -1.1512028588151184e-16
    outer loop
      vertex -32.521703903756304 -11.761483792002373 2.4
      vertex -32.53000821805341 -11.74553135266088 0
      vertex -32.30644099100364 -12.174999999999999 2.4
    endloop
  endfacet
  facet normal -0.8433914458128837 -0.5372996083468269 0
    outer loop
      vertex -32.30644099100364 -12.174999999999999 2.4
      vertex -32.30644099100364 -12.174999999999999 0
      vertex -32.04629384580391 -12.583349221748303 2.4
    endloop
  endfacet
  facet normal -0.7933533402912353 -0.6087614290087207 0
    outer loop
      vertex -32.04629384580391 -12.583349221748303 2.4
      vertex -32.04629384580391 -12.583349221748303 0
      vertex -31.829227916461427 -12.866235048446782 2.4
    endloop
  endfacet
  facet normal -0.7933533402912323 -0.6087614290087243 -6.910504072978494e-16
    outer loop
      vertex -31.829227916461427 -12.866235048446782 2.4
      vertex -32.04629384580391 -12.583349221748303 0
      vertex -31.751546659310332 -12.96747123376029 2.4
    endloop
  endfacet
  facet normal -0.737277336810127 -0.6755902076156571 0
    outer loop
      vertex -31.751546659310332 -12.96747123376029 2.4
      vertex -31.424442635585343 -13.324442635585338 0
      vertex -31.424442635585343 -13.324442635585338 2.4
    endloop
  endfacet
  facet normal -0.6755902076156589 -0.7372773368101253 0
    outer loop
      vertex -31.424442635585343 -13.324442635585338 2.4
      vertex -31.424442635585343 -13.324442635585338 0
      vertex -31.067471233760298 -13.651546659310327 2.4
    endloop
  endfacet
  facet normal -0.608761429008717 -0.7933533402912379 7.214943564580709e-16
    outer loop
      vertex -31.067471233760298 -13.651546659310327 2.4
      vertex -30.68334922174831 -13.946293845803904 0
      vertex -30.755913312622386 -13.890613460518065 2.4
    endloop
  endfacet
  facet normal -0.608761429008732 -0.7933533402912265 0
    outer loop
      vertex -30.755913312622386 -13.890613460518065 2.4
      vertex -30.68334922174831 -13.946293845803904 0
      vertex -30.68334922174831 -13.946293845803904 2.4
    endloop
  endfacet
  facet normal -0.5372996083468199 -0.8433914458128882 0
    outer loop
      vertex -30.68334922174831 -13.946293845803904 2.4
      vertex -30.275000000000002 -14.206440991003632 0
      vertex -30.275000000000002 -14.206440991003632 2.4
    endloop
  endfacet
  facet normal -0.4617486132350356 -0.8870108331782208 0
    outer loop
      vertex -30.275000000000002 -14.206440991003632 2.4
      vertex -30.275000000000002 -14.206440991003632 0
      vertex -30.04746474836268 -14.324888345845022 2.4
    endloop
  endfacet
  facet normal -0.4617486132350366 -0.8870108331782204 1.2064890545483602e-16
    outer loop
      vertex -30.04746474836268 -14.324888345845022 2.4
      vertex -30.275000000000002 -14.206440991003632 0
      vertex -29.845531352660885 -14.430008218053405 2.4
    endloop
  endfacet
  facet normal -0.38268343236508856 -0.9238795325112873 0
    outer loop
      vertex -29.845531352660885 -14.430008218053405 2.4
      vertex -29.398211795457463 -14.61529404536179 0
      vertex -29.398211795457463 -14.61529404536179 2.4
    endloop
  endfacet
  facet normal -0.30070662679471194 -0.9537166899041429 -1.7499670127261654e-7
    outer loop
      vertex -29.398211795457463 -14.61529404536179 2.4
      vertex -28.936445700318995 -14.760888335904328 0
      vertex -29.398211794974472 -14.615294045514077 2.4
    endloop
  endfacet
  facet normal -0.3007057995042758 -0.9537169507482262 0
    outer loop
      vertex -29.398211794974472 -14.615294045514077 2.4
      vertex -28.936445700318995 -14.760888335904328 0
      vertex -28.936445700318995 -14.760888335904328 2.4
    endloop
  endfacet
  facet normal -0.21643961393809588 -0.9762960071199349 0
    outer loop
      vertex -28.936445700318995 -14.760888335904328 2.4
      vertex -28.936445700318995 -14.760888335904328 0
      vertex -28.70775377072158 -14.811588116085588 2.4
    endloop
  endfacet
  facet normal -0.2164396139381031 -0.9762960071199333 7.230017453159404e-16
    outer loop
      vertex -28.70775377072158 -14.811588116085588 2.4
      vertex -28.936445700318995 -14.760888335904328 0
      vertex -28.463747386051466 -14.865683029217752 2.4
    endloop
  endfacet
  facet normal -0.13052619222005343 -0.9914448613738103 0
    outer loop
      vertex -28.463747386051466 -14.865683029217752 2.4
      vertex -27.983714372249505 -14.928880574409186 0
      vertex -27.983714372249505 -14.928880574409186 2.4
    endloop
  endfacet
  facet normal -0.04361938736533743 -0.9990482215818578 0
    outer loop
      vertex -27.983714372249505 -14.928880574409186 2.4
      vertex -27.983714372249505 -14.928880574409186 0
      vertex -27.500000000000004 -14.95 2.4
    endloop
  endfacet
  facet normal 0 -1 0
    outer loop
      vertex -27.500000000000004 -14.95 2.4
      vertex -27.500000000000004 -14.95 0
      vertex -14.25 -14.95 0.8999999999999999
    endloop
  endfacet
  facet normal 0 -1 0
    outer loop
      vertex -27.500000000000004 -14.95 2.4
      vertex -14.25 -14.95 0.8999999999999999
      vertex -9.75 -14.95 0.8999999999999999
    endloop
  endfacet
  facet normal -0.999048221581858 -0.04361938736533361 0
    outer loop
      vertex -33.02888057440919 -9.883714372249502 2.4
      vertex -33.050000000000004 -9.399999999999999 0
      vertex -33.02888057440919 -9.883714372249502 0
    endloop
  endfacet
  facet normal -0.9914448613738096 -0.1305261922200575 0
    outer loop
      vertex -32.96568302921776 -10.363747386051461 2.4
      vertex -33.02888057440919 -9.883714372249502 0
      vertex -32.96568302921776 -10.363747386051461 0
    endloop
  endfacet
  facet normal -0.9762960071199347 -0.21643961393809688 0
    outer loop
      vertex -32.96568302921776 -10.363747386051461 2.4
      vertex -32.96568302921776 -10.363747386051461 0
      vertex -32.860888335904335 -10.836445700318988 0
    endloop
  endfacet
  facet normal -0.9537169507482255 -0.30070579950427784 0
    outer loop
      vertex -32.715294045361794 -11.29821179545746 2.4
      vertex -32.860888335904335 -10.836445700318988 0
      vertex -32.715294045361794 -11.29821179545746 0
    endloop
  endfacet
  facet normal 0 0 -1
    outer loop
      vertex -33.050000000000004 -9.399999999999999 0
      vertex -32.860888335904335 -10.836445700318988 0
      vertex -33.02888057440919 -9.883714372249502 0
    endloop
  endfacet
  facet normal 0 0 -1
    outer loop
      vertex -33.02888057440919 -9.883714372249502 0
      vertex -32.860888335904335 -10.836445700318988 0
      vertex -32.96568302921776 -10.363747386051461 0
    endloop
  endfacet
  facet normal -0.9238795325112867 -0.38268343236508984 0
    outer loop
      vertex -32.715294045361794 -11.29821179545746 2.4
      vertex -32.715294045361794 -11.29821179545746 0
      vertex -32.53000821805341 -11.74553135266088 0
    endloop
  endfacet
  facet normal -0.8870108331782243 -0.46174861323502875 0
    outer loop
      vertex -32.30644099100364 -12.174999999999999 2.4
      vertex -32.53000821805341 -11.74553135266088 0
      vertex -32.30644099100364 -12.174999999999999 0
    endloop
  endfacet
  facet normal -0.8433914458128837 -0.5372996083468269 0
    outer loop
      vertex -32.04629384580391 -12.583349221748303 2.4
      vertex -32.30644099100364 -12.174999999999999 0
      vertex -32.04629384580391 -12.583349221748303 0
    endloop
  endfacet
  facet normal -0.7933533402912345 -0.6087614290087217 0
    outer loop
      vertex -31.751546659310332 -12.96747123376029 2.4
      vertex -32.04629384580391 -12.583349221748303 0
      vertex -31.751546659310332 -12.96747123376029 0
    endloop
  endfacet
  facet normal -0.737277336810127 -0.6755902076156571 0
    outer loop
      vertex -31.751546659310332 -12.96747123376029 2.4
      vertex -31.751546659310332 -12.96747123376029 0
      vertex -31.424442635585343 -13.324442635585338 0
    endloop
  endfacet
  facet normal -0.6755902076156589 -0.7372773368101253 0
    outer loop
      vertex -31.067471233760298 -13.651546659310327 2.4
      vertex -31.424442635585343 -13.324442635585338 0
      vertex -31.067471233760298 -13.651546659310327 0
    endloop
  endfacet
  facet normal -0.6087614290087198 -0.7933533402912357 0
    outer loop
      vertex -31.067471233760298 -13.651546659310327 2.4
      vertex -31.067471233760298 -13.651546659310327 0
      vertex -30.68334922174831 -13.946293845803904 0
    endloop
  endfacet
  facet normal -0.5372996083468199 -0.8433914458128882 0
    outer loop
      vertex -30.68334922174831 -13.946293845803904 2.4
      vertex -30.68334922174831 -13.946293845803904 0
      vertex -30.275000000000002 -14.206440991003632 0
    endloop
  endfacet
  facet normal -0.4617486132350361 -0.8870108331782206 0
    outer loop
      vertex -29.845531352660885 -14.430008218053405 2.4
      vertex -30.275000000000002 -14.206440991003632 0
      vertex -29.845531352660885 -14.430008218053405 0
    endloop
  endfacet
  facet normal -0.38268343236508856 -0.9238795325112873 0
    outer loop
      vertex -29.845531352660885 -14.430008218053405 2.4
      vertex -29.845531352660885 -14.430008218053405 0
      vertex -29.398211795457463 -14.61529404536179 0
    endloop
  endfacet
  facet normal -0.30070579950427667 -0.9537169507482258 0
    outer loop
      vertex -29.398211795457463 -14.61529404536179 2.4
      vertex -29.398211795457463 -14.61529404536179 0
      vertex -28.936445700318995 -14.760888335904328 0
    endloop
  endfacet
  facet normal -0.2164396139380996 -0.976296007119934 0
    outer loop
      vertex -28.463747386051466 -14.865683029217752 2.4
      vertex -28.936445700318995 -14.760888335904328 0
      vertex -28.463747386051466 -14.865683029217752 0
    endloop
  endfacet
  facet normal -0.13052619222005343 -0.9914448613738103 0
    outer loop
      vertex -28.463747386051466 -14.865683029217752 2.4
      vertex -28.463747386051466 -14.865683029217752 0
      vertex -27.983714372249505 -14.928880574409186 0
    endloop
  endfacet
  facet normal -0.04361938736533743 -0.9990482215818578 0
    outer loop
      vertex -27.500000000000004 -14.95 2.4
      vertex -27.983714372249505 -14.928880574409186 0
      vertex -27.500000000000004 -14.95 0
    endloop
  endfacet
  facet normal 0 0 -1
    outer loop
      vertex -32.860888335904335 -10.836445700318988 0
      vertex -32.53000821805341 -11.74553135266088 0
      vertex -32.715294045361794 -11.29821179545746 0
    endloop
  endfacet
  facet normal 0 0 -1
    outer loop
      vertex -32.860888335904335 -10.836445700318988 0
      vertex -32.30644099100364 -12.174999999999999 0
      vertex -32.53000821805341 -11.74553135266088 0
    endloop
  endfacet
  facet normal 0 0 -1
    outer loop
      vertex -32.30644099100364 -12.174999999999999 0
      vertex -31.424442635585343 -13.324442635585338 0
      vertex -32.04629384580391 -12.583349221748303 0
    endloop
  endfacet
  facet normal 0 0 -1
    outer loop
      vertex -32.04629384580391 -12.583349221748303 0
      vertex -31.424442635585343 -13.324442635585338 0
      vertex -31.751546659310332 -12.96747123376029 0
    endloop
  endfacet
  facet normal 0 0 -1
    outer loop
      vertex -32.860888335904335 -10.836445700318988 0
      vertex -27.983714372249505 -14.928880574409186 0
      vertex -32.30644099100364 -12.174999999999999 0
    endloop
  endfacet
  facet normal 0 0 -1
    outer loop
      vertex -32.30644099100364 -12.174999999999999 0
      vertex -30.275000000000002 -14.206440991003632 0
      vertex -31.424442635585343 -13.324442635585338 0
    endloop
  endfacet
  facet normal 0 0 -1
    outer loop
      vertex -31.424442635585343 -13.324442635585338 0
      vertex -30.275000000000002 -14.206440991003632 0
      vertex -31.067471233760298 -13.651546659310327 0
    endloop
  endfacet
  facet normal 0 0 -1
    outer loop
      vertex -31.067471233760298 -13.651546659310327 0
      vertex -30.275000000000002 -14.206440991003632 0
      vertex -30.68334922174831 -13.946293845803904 0
    endloop
  endfacet
  facet normal 0 0 -1
    outer loop
      vertex -32.30644099100364 -12.174999999999999 0
      vertex -27.983714372249505 -14.928880574409186 0
      vertex -30.275000000000002 -14.206440991003632 0
    endloop
  endfacet
  facet normal 0 0 -1
    outer loop
      vertex -30.275000000000002 -14.206440991003632 0
      vertex -29.398211795457463 -14.61529404536179 0
      vertex -29.845531352660885 -14.430008218053405 0
    endloop
  endfacet
  facet normal 0 0 -1
    outer loop
      vertex -30.275000000000002 -14.206440991003632 0
      vertex -27.983714372249505 -14.928880574409186 0
      vertex -29.398211795457463 -14.61529404536179 0
    endloop
  endfacet
  facet normal 0 0 -1
    outer loop
      vertex -29.398211795457463 -14.61529404536179 0
      vertex -27.983714372249505 -14.928880574409186 0
      vertex -28.936445700318995 -14.760888335904328 0
    endloop
  endfacet
  facet normal 0 0 -1
    outer loop
      vertex -28.936445700318995 -14.760888335904328 0
      vertex -27.983714372249505 -14.928880574409186 0
      vertex -28.463747386051466 -14.865683029217752 0
    endloop
  endfacet
  facet normal 0 -1 0
    outer loop
      vertex -27.500000000000004 -14.95 0
      vertex -14.25 -14.95 0.20000000000000018
      vertex -14.25 -14.95 0.8999999999999999
    endloop
  endfacet
  facet normal 0 0 -1
    outer loop
      vertex 27.500000000000004 -14.95 0
      vertex -27.05 0 0
      vertex -27.056469013244033 0.14816476267101888 0
    endloop
  endfacet
  facet normal 0 0 -1
    outer loop
      vertex 27.500000000000004 -14.95 0
      vertex -27.056469013244033 -0.14816476267101888 0
      vertex -27.05 0 0
    endloop
  endfacet
  facet normal 0 0 -1
    outer loop
      vertex 27.500000000000004 -14.95 0
      vertex -27.075826819879246 -0.29520190203378155 0
      vertex -27.056469013244033 -0.14816476267101888 0
    endloop
  endfacet
  facet normal 0 0 -1
    outer loop
      vertex 27.500000000000004 -14.95 0
      vertex -27.107926095308585 -0.43999237667428526 0
      vertex -27.075826819879246 -0.29520190203378155 0
    endloop
  endfacet
  facet normal 0 0 -1
    outer loop
      vertex 27.500000000000004 -14.95 0
      vertex -27.152522544663956 -0.5814342436536368 0
      vertex -27.107926095308585 -0.43999237667428526 0
    endloop
  endfacet
  facet normal 0 0 -1
    outer loop
      vertex 27.500000000000004 -14.95 0
      vertex -27.357441524708715 -0.9750799417967783 0
      vertex -27.277756813566455 -0.85 0
    endloop
  endfacet
  facet normal 0 0 -1
    outer loop
      vertex 27.500000000000004 -14.95 0
      vertex -27.209276762037696 -0.718451044959189 0
      vertex -27.152522544663956 -0.5814342436536368 0
    endloop
  endfacet
  facet normal 0 0 -1
    outer loop
      vertex 27.500000000000004 -14.95 0
      vertex -27.277756813566455 -0.85 0
      vertex -27.209276762037696 -0.718451044959189 0
    endloop
  endfacet
  facet normal 0 0 -1
    outer loop
      vertex 27.500000000000004 -14.95 0
      vertex -27.447724446697737 -1.0927389364671167 0
      vertex -27.357441524708715 -0.9750799417967783 0
    endloop
  endfacet
  facet normal 0 -1 0
    outer loop
      vertex -27.500000000000004 -14.95 2.4
      vertex -9.75 -14.95 0.8999999999999999
      vertex 9.75 -14.95 0.8999999999999999
    endloop
  endfacet
  facet normal 0 -1 0
    outer loop
      vertex -27.500000000000004 -14.95 2.4
      vertex 9.75 -14.95 0.8999999999999999
      vertex 14.25 -14.95 0.8999999999999999
    endloop
  endfacet
  facet normal 0 0 -1
    outer loop
      vertex -32.860888335904335 -10.836445700318988 0
      vertex -27.447724446697737 -1.0927389364671167 0
      vertex 27.500000000000004 -14.95 0
    endloop
  endfacet
  facet normal 0 0 -1
    outer loop
      vertex -32.860888335904335 -10.836445700318988 0
      vertex 27.500000000000004 -14.95 0
      vertex -27.983714372249505 -14.928880574409186 0
    endloop
  endfacet
  facet normal 0 0 -1
    outer loop
      vertex -27.983714372249505 -14.928880574409186 0
      vertex 27.500000000000004 -14.95 0
      vertex -27.500000000000004 -14.95 0
    endloop
  endfacet
  facet normal 0 -1 0
    outer loop
      vertex 9.75 -14.95 0.8999999999999999
      vertex -9.75 -14.95 0.8999999999999999
      vertex -9.75 -14.95 0.20000000000000018
    endloop
  endfacet
  facet normal 0 -1 0
    outer loop
      vertex -27.500000000000004 -14.95 0
      vertex 27.500000000000004 -14.95 0
      vertex -14.25 -14.95 0.20000000000000018
    endloop
  endfacet
  facet normal 0 0 1
    outer loop
      vertex -27.500000000000004 14.95 2.4
      vertex 27.5 14.949999995529652 2.4
      vertex 27.500000000000004 14.95 2.4
    endloop
  endfacet
  facet normal 0 0 1
    outer loop
      vertex -27.5 13.75 2.4
      vertex 27.879127480089664 13.733446933329105 2.4
      vertex 27.5 13.75 2.4
    endloop
  endfacet
  facet normal 0 0 1
    outer loop
      vertex -27.5 13.75 2.4
      vertex 28.25536957383156 13.683913722634315 2.4
      vertex 27.879127480089664 13.733446933329105 2.4
    endloop
  endfacet
  facet normal 0 0 1
    outer loop
      vertex -27.5 13.75 2.4
      vertex 28.62586284428835 13.601777344942093 2.4
      vertex 28.25536957383156 13.683913722634315 2.4
    endloop
  endfacet
  facet normal 0 0 1
    outer loop
      vertex -27.5 13.75 2.4
      vertex 28.987787626683712 13.487662896513939 2.4
      vertex 28.62586284428835 13.601777344942093 2.4
    endloop
  endfacet
  facet normal 0 0 1
    outer loop
      vertex -27.5 13.75 2.4
      vertex 29.338389441370964 13.342438869178295 2.4
      vertex 28.987787626683712 13.487662896513939 2.4
    endloop
  endfacet
  facet normal 0 0 1
    outer loop
      vertex -27.5 13.75 2.4
      vertex 31.44243887066841 11.238389439880848 2.4
      vertex 29.338389441370964 13.342438869178295 2.4
    endloop
  endfacet
  facet normal 0 0 1
    outer loop
      vertex -27.5 13.75 2.4
      vertex 31.587662898004055 10.887787625193596 2.4
      vertex 31.44243887066841 11.238389439880848 2.4
    endloop
  endfacet
  facet normal 0 0 1
    outer loop
      vertex -27.5 13.75 2.4
      vertex 31.70177734643221 10.525862842798233 2.4
      vertex 31.587662898004055 10.887787625193596 2.4
    endloop
  endfacet
  facet normal 0 0 1
    outer loop
      vertex -27.5 13.75 2.4
      vertex 31.78391372412443 10.155369572341442 2.4
      vertex 31.70177734643221 10.525862842798233 2.4
    endloop
  endfacet
  facet normal 0 0 1
    outer loop
      vertex -27.5 13.75 2.4
      vertex 31.83344693481922 9.779127478599548 2.4
      vertex 31.78391372412443 10.155369572341442 2.4
    endloop
  endfacet
  facet normal 0 0 1
    outer loop
      vertex -31.850000001490116 -9.399999998509884 2.4
      vertex 31.850000001490116 9.399999998509884 2.4
      vertex 31.83344693481922 9.779127478599548 2.4
    endloop
  endfacet
  facet normal 0 0 1
    outer loop
      vertex -31.850000001490116 -9.399999998509884 2.4
      vertex 28.45479809796622 1.6741731801207536 2.4
      vertex 31.850000001490116 9.399999998509884 2.4
    endloop
  endfacet
  facet normal 0 0 1
    outer loop
      vertex 27.500000000000004 14.95 2.4
      vertex 27.5 14.949999995529652 2.4
      vertex 27.983714371919632 14.92888057231903 2.4
    endloop
  endfacet
  facet normal 0 0 1
    outer loop
      vertex 27.500000000000004 14.95 2.4
      vertex 27.983714371919632 14.92888057231903 2.4
      vertex 27.983714372249505 14.928880574409186 2.4
    endloop
  endfacet
  facet normal 0 0 1
    outer loop
      vertex 27.983714372249505 14.928880574409186 2.4
      vertex 27.983714371919632 14.92888057231903 2.4
      vertex 28.463747389614582 14.865683026611805 2.4
    endloop
  endfacet
  facet normal 0 0 1
    outer loop
      vertex 27.983714372249505 14.928880574409186 2.4
      vertex 28.463747389614582 14.865683026611805 2.4
      vertex 28.463747386051466 14.865683029217752 2.4
    endloop
  endfacet
  facet normal 0 0 1
    outer loop
      vertex 28.463747386051466 14.865683029217752 2.4
      vertex 28.463747389614582 14.865683026611805 2.4
      vertex 28.70775377072158 14.811588116085588 2.4
    endloop
  endfacet
  facet normal 0 0 1
    outer loop
      vertex 29.398211795457463 14.61529404536179 2.4
      vertex 29.398211794974472 14.615294045514077 2.4
      vertex 29.845531351864338 14.430008217692375 2.4
    endloop
  endfacet
  facet normal 0 0 1
    outer loop
      vertex 29.398211795457463 14.61529404536179 2.4
      vertex 29.845531351864338 14.430008217692375 2.4
      vertex 29.845531352660885 14.430008218053405 2.4
    endloop
  endfacet
  facet normal 0 0 1
    outer loop
      vertex 29.845531352660885 14.430008218053405 2.4
      vertex 29.845531351864338 14.430008217692375 2.4
      vertex 30.04746474836268 14.324888345845022 2.4
    endloop
  endfacet
  facet normal 0 0 1
    outer loop
      vertex 30.755913312622386 13.890613460518065 2.4
      vertex 31.067471235990524 13.651546657085419 2.4
      vertex 31.067471233760298 13.651546659310327 2.4
    endloop
  endfacet
  facet normal 0 0 1
    outer loop
      vertex 31.067471233760298 13.651546659310327 2.4
      vertex 31.067471235990524 13.651546657085419 2.4
      vertex 31.424442633986473 13.324442632496357 2.4
    endloop
  endfacet
  facet normal 0 0 1
    outer loop
      vertex 31.067471233760298 13.651546659310327 2.4
      vertex 31.424442633986473 13.324442632496357 2.4
      vertex 31.424442635585343 13.324442635585338 2.4
    endloop
  endfacet
  facet normal 0 0 1
    outer loop
      vertex 31.424442635585343 13.324442635585338 2.4
      vertex 31.424442633986473 13.324442632496357 2.4
      vertex 31.751546658575535 12.967471234500408 2.4
    endloop
  endfacet
  facet normal 0 0 1
    outer loop
      vertex 31.424442635585343 13.324442635585338 2.4
      vertex 31.751546658575535 12.967471234500408 2.4
      vertex 31.751546659310332 12.96747123376029 2.4
    endloop
  endfacet
  facet normal 0 0 1
    outer loop
      vertex 29.338389441370964 13.342438869178295 2.4
      vertex 31.44243887066841 11.238389439880848 2.4
      vertex 29.674999997019768 13.167210504412651 2.4
    endloop
  endfacet
  facet normal 0 0 1
    outer loop
      vertex 29.674999997019768 13.167210504412651 2.4
      vertex 31.44243887066841 11.238389439880848 2.4
      vertex 29.995057500898838 12.96331138908863 2.4
    endloop
  endfacet
  facet normal 0 0 1
    outer loop
      vertex 29.995057500898838 12.96331138908863 2.4
      vertex 31.44243887066841 11.238389439880848 2.4
      vertex 30.2961261048913 12.73229332268238 2.4
    endloop
  endfacet
  facet normal 0 0 1
    outer loop
      vertex 30.2961261048913 12.73229332268238 2.4
      vertex 31.44243887066841 11.238389439880848 2.4
      vertex 30.57591449469328 12.475914493203163 2.4
    endloop
  endfacet
  facet normal 0 0 1
    outer loop
      vertex 30.57591449469328 12.475914493203163 2.4
      vertex 31.44243887066841 11.238389439880848 2.4
      vertex 30.832293324172497 12.196126103401184 2.4
    endloop
  endfacet
  facet normal 0 0 1
    outer loop
      vertex 31.751546659310332 12.96747123376029 2.4
      vertex 31.751546658575535 12.967471234500408 2.4
      vertex 31.829227916461427 12.866235048446782 2.4
    endloop
  endfacet
  facet normal 0 0 1
    outer loop
      vertex 30.832293324172497 12.196126103401184 2.4
      vertex 31.267210505902767 11.574999995529652 2.4
      vertex 31.063311390578747 11.895057499408722 2.4
    endloop
  endfacet
  facet normal 0 0 1
    outer loop
      vertex 30.832293324172497 12.196126103401184 2.4
      vertex 31.44243887066841 11.238389439880848 2.4
      vertex 31.267210505902767 11.574999995529652 2.4
    endloop
  endfacet
  facet normal 0 0 1
    outer loop
      vertex 32.53000821805341 11.74553135266088 2.4
      vertex 32.521703903756304 11.761483792002373 2.4
      vertex 32.53000821829207 11.745531352084708 2.4
    endloop
  endfacet
  facet normal 0 0 1
    outer loop
      vertex 32.94613456486238 10.451924810452788 2.4
      vertex 32.96568302810192 10.363747388124466 2.4
      vertex 32.96568302921776 10.363747386051461 2.4
    endloop
  endfacet
  facet normal 0 0 1
    outer loop
      vertex 32.96568302921776 10.363747386051461 2.4
      vertex 32.96568302810192 10.363747388124466 2.4
      vertex 33.02888057380915 9.883714370429516 2.4
    endloop
  endfacet
  facet normal 0 0 1
    outer loop
      vertex 32.96568302921776 10.363747386051461 2.4
      vertex 33.02888057380915 9.883714370429516 2.4
      vertex 33.02888057440919 9.883714372249502 2.4
    endloop
  endfacet
  facet normal 0 0 1
    outer loop
      vertex 33.02888057440919 9.883714372249502 2.4
      vertex 33.02888057380915 9.883714370429516 2.4
      vertex 33.04999999701977 9.399999998509884 2.4
    endloop
  endfacet
  facet normal 0 0 1
    outer loop
      vertex 33.02888057440919 9.883714372249502 2.4
      vertex 33.04999999701977 9.399999998509884 2.4
      vertex 33.050000000000004 9.399999999999999 2.4
    endloop
  endfacet
  facet normal 0 0 1
    outer loop
      vertex 31.850000001490116 9.399999998509884 2.4
      vertex 28.45479809796622 1.6741731801207536 2.4
      vertex 28.60183523732898 1.6935309867559674 2.4
    endloop
  endfacet
  facet normal 0 0 1
    outer loop
      vertex 31.850000001490116 9.399999998509884 2.4
      vertex 28.60183523732898 1.6935309867559674 2.4
      vertex 28.75 1.7 2.4
    endloop
  endfacet
  facet normal 0 0 1
    outer loop
      vertex 31.850000001490116 9.399999998509884 2.4
      vertex 28.75 1.7 2.4
      vertex 28.89816476267102 1.6935309867559674 2.4
    endloop
  endfacet
  facet normal 0 0 1
    outer loop
      vertex 31.850000001490116 9.399999998509884 2.4
      vertex 28.89816476267102 1.6935309867559674 2.4
      vertex 29.04520190203378 1.6741731801207536 2.4
    endloop
  endfacet
  facet normal 0 0 1
    outer loop
      vertex 31.850000001490116 9.399999998509884 2.4
      vertex 29.04520190203378 1.6741731801207536 2.4
      vertex 29.189992376674287 1.6420739046914161 2.4
    endloop
  endfacet
  facet normal 0 0 1
    outer loop
      vertex 31.850000001490116 9.399999998509884 2.4
      vertex 29.189992376674287 1.6420739046914161 2.4
      vertex 29.331434243653636 1.5974774553360442 2.4
    endloop
  endfacet
  facet normal 0 0 1
    outer loop
      vertex 31.850000001490116 9.399999998509884 2.4
      vertex 29.331434243653636 1.5974774553360442 2.4
      vertex 29.46845104495919 1.5407232379623048 2.4
    endloop
  endfacet
  facet normal 0 0 1
    outer loop
      vertex 31.850000001490116 9.399999998509884 2.4
      vertex 29.46845104495919 1.5407232379623048 2.4
      vertex 29.6 1.4722431864335457 2.4
    endloop
  endfacet
  facet normal 0 0 1
    outer loop
      vertex 31.850000001490116 9.399999998509884 2.4
      vertex 29.6 1.4722431864335457 2.4
      vertex 29.72507994179678 1.392558475291286 2.4
    endloop
  endfacet
  facet normal 0 0 1
    outer loop
      vertex 31.850000001490116 9.399999998509884 2.4
      vertex 29.72507994179678 1.392558475291286 2.4
      vertex 29.842738936467118 1.3022755533022627 2.4
    endloop
  endfacet
  facet normal 0 0 1
    outer loop
      vertex 31.850000001490116 9.399999998509884 2.4
      vertex 29.842738936467118 1.3022755533022627 2.4
      vertex 29.952081528017132 1.2020815280171309 2.4
    endloop
  endfacet
  facet normal 0 0 1
    outer loop
      vertex 31.850000001490116 9.399999998509884 2.4
      vertex 29.952081528017132 1.2020815280171309 2.4
      vertex 30.052275553302263 1.0927389364671167 2.4
    endloop
  endfacet
  facet normal 0 0 1
    outer loop
      vertex 31.850000001490116 9.399999998509884 2.4
      vertex 30.052275553302263 1.0927389364671167 2.4
      vertex 30.142558475291285 0.9750799417967783 2.4
    endloop
  endfacet
  facet normal 0 0 1
    outer loop
      vertex 31.850000001490116 9.399999998509884 2.4
      vertex 30.142558475291285 0.9750799417967783 2.4
      vertex 30.222243186433545 0.85 2.4
    endloop
  endfacet
  facet normal 0 0 1
    outer loop
      vertex 31.850000001490116 9.399999998509884 2.4
      vertex 30.222243186433545 0.85 2.4
      vertex 30.290723237962304 0.718451044959189 2.4
    endloop
  endfacet
  facet normal 0 0 1
    outer loop
      vertex 31.850000001490116 9.399999998509884 2.4
      vertex 30.290723237962304 0.718451044959189 2.4
      vertex 30.347477455336044 0.5814342436536368 2.4
    endloop
  endfacet
  facet normal 0 0 1
    outer loop
      vertex 31.850000001490116 9.399999998509884 2.4
      vertex 30.347477455336044 0.5814342436536368 2.4
      vertex 30.392073904691415 0.43999237667428526 2.4
    endloop
  endfacet
  facet normal 0 0 1
    outer loop
      vertex 31.850000001490116 9.399999998509884 2.4
      vertex 30.392073904691415 0.43999237667428526 2.4
      vertex 30.424173180120754 0.29520190203378155 2.4
    endloop
  endfacet
  facet normal 0 0 1
    outer loop
      vertex 31.850000001490116 9.399999998509884 2.4
      vertex 30.424173180120754 0.29520190203378155 2.4
      vertex 30.443530986755967 0.14816476267101888 2.4
    endloop
  endfacet
  facet normal 0 0 1
    outer loop
      vertex 31.850000001490116 9.399999998509884 2.4
      vertex 30.443530986755967 0.14816476267101888 2.4
      vertex 30.45 0 2.4
    endloop
  endfacet
  facet normal 0 0 1
    outer loop
      vertex 31.850000001490116 9.399999998509884 2.4
      vertex 30.45 0 2.4
      vertex 30.443530986755967 -0.14816476267101888 2.4
    endloop
  endfacet
  facet normal 0 0 1
    outer loop
      vertex 31.850000001490116 9.399999998509884 2.4
      vertex 30.443530986755967 -0.14816476267101888 2.4
      vertex 30.424173180120754 -0.29520190203378155 2.4
    endloop
  endfacet
  facet normal 0 0 1
    outer loop
      vertex 33.050000000000004 9.399999999999999 2.4
      vertex 33.04999999701977 9.399999998509884 2.4
      vertex 33.04999999701977 -9.399999998509884 2.4
    endloop
  endfacet
  facet normal 0 1 0
    outer loop
      vertex -27.500000000000004 14.95 2.4
      vertex 27.500000000000004 14.95 2.4
      vertex 14.25 14.95 0.8999999999999999
    endloop
  endfacet
  facet normal 0 1 0
    outer loop
      vertex -27.500000000000004 14.95 0
      vertex 14.25 14.95 0.20000000000000018
      vertex 27.500000000000004 14.95 0
    endloop
  endfacet
  facet normal 0 0 -1
    outer loop
      vertex -27.500000000000004 14.95 0
      vertex 27.500000000000004 14.95 0
      vertex 30.275000000000002 14.206440991003632 0
    endloop
  endfacet
  facet normal 0 0 -1
    outer loop
      vertex -27.500000000000004 14.95 0
      vertex 30.275000000000002 14.206440991003632 0
      vertex 28.75 1.7 0
    endloop
  endfacet
  facet normal 0 0 -1
    outer loop
      vertex -27.500000000000004 14.95 0
      vertex 27.547918471982868 1.2020815280171309 0
      vertex 27.447724446697737 1.0927389364671167 0
    endloop
  endfacet
  facet normal 0 0 -1
    outer loop
      vertex -27.500000000000004 14.95 0
      vertex 27.657261063532882 1.3022755533022627 0
      vertex 27.547918471982868 1.2020815280171309 0
    endloop
  endfacet
  facet normal 0 0 -1
    outer loop
      vertex -27.500000000000004 14.95 0
      vertex 27.447724446697737 1.0927389364671167 0
      vertex 27.357441524708715 0.9750799417967783 0
    endloop
  endfacet
  facet normal 0 0 -1
    outer loop
      vertex -27.500000000000004 14.95 0
      vertex 28.45479809796622 1.6741731801207536 0
      vertex 28.310007623325713 1.6420739046914161 0
    endloop
  endfacet
  facet normal 0 0 -1
    outer loop
      vertex -27.500000000000004 14.95 0
      vertex 28.60183523732898 1.6935309867559674 0
      vertex 28.45479809796622 1.6741731801207536 0
    endloop
  endfacet
  facet normal 0 0 -1
    outer loop
      vertex -27.500000000000004 14.95 0
      vertex 28.75 1.7 0
      vertex 28.60183523732898 1.6935309867559674 0
    endloop
  endfacet
  facet normal 0 0 -1
    outer loop
      vertex -27.500000000000004 14.95 0
      vertex 28.03154895504081 1.5407232379623048 0
      vertex 27.9 1.4722431864335457 0
    endloop
  endfacet
  facet normal 0 0 -1
    outer loop
      vertex -27.500000000000004 14.95 0
      vertex 27.9 1.4722431864335457 0
      vertex 27.77492005820322 1.392558475291286 0
    endloop
  endfacet
  facet normal 0 0 -1
    outer loop
      vertex -27.500000000000004 14.95 0
      vertex 27.77492005820322 1.392558475291286 0
      vertex 27.657261063532882 1.3022755533022627 0
    endloop
  endfacet
  facet normal 0 0 -1
    outer loop
      vertex -27.500000000000004 14.95 0
      vertex 28.168565756346364 1.5974774553360442 0
      vertex 28.03154895504081 1.5407232379623048 0
    endloop
  endfacet
  facet normal 0 0 -1
    outer loop
      vertex -27.500000000000004 14.95 0
      vertex 28.310007623325713 1.6420739046914161 0
      vertex 28.168565756346364 1.5974774553360442 0
    endloop
  endfacet
  facet normal 0 0 -1
    outer loop
      vertex -27.500000000000004 14.95 0
      vertex 27.277756813566455 0.85 0
      vertex 27.209276762037696 0.718451044959189 0
    endloop
  endfacet
  facet normal 0 0 -1
    outer loop
      vertex -27.500000000000004 14.95 0
      vertex 27.209276762037696 0.718451044959189 0
      vertex 27.152522544663956 0.5814342436536368 0
    endloop
  endfacet
  facet normal 0 0 -1
    outer loop
      vertex -27.500000000000004 14.95 0
      vertex 27.357441524708715 0.9750799417967783 0
      vertex 27.277756813566455 0.85 0
    endloop
  endfacet
  facet normal 0 0 -1
    outer loop
      vertex -27.500000000000004 14.95 0
      vertex 27.152522544663956 0.5814342436536368 0
      vertex 27.107926095308585 0.43999237667428526 0
    endloop
  endfacet
  facet normal 0 0 -1
    outer loop
      vertex -27.500000000000004 14.95 0
      vertex 27.107926095308585 0.43999237667428526 0
      vertex 27.075826819879246 0.29520190203378155 0
    endloop
  endfacet
  facet normal 0 0 -1
    outer loop
      vertex -27.500000000000004 14.95 0
      vertex 27.075826819879246 0.29520190203378155 0
      vertex 27.056469013244033 0.14816476267101888 0
    endloop
  endfacet
  facet normal 0 0 -1
    outer loop
      vertex -27.500000000000004 14.95 0
      vertex 27.056469013244033 0.14816476267101888 0
      vertex 27.05 0 0
    endloop
  endfacet
  facet normal 0 0 -1
    outer loop
      vertex -27.500000000000004 14.95 0
      vertex 27.05 0 0
      vertex 27.056469013244033 -0.14816476267101888 0
    endloop
  endfacet
  facet normal 0 0 -1
    outer loop
      vertex -27.500000000000004 14.95 0
      vertex 27.056469013244033 -0.14816476267101888 0
      vertex 27.075826819879246 -0.29520190203378155 0
    endloop
  endfacet
  facet normal 0 0 -1
    outer loop
      vertex -27.500000000000004 14.95 0
      vertex 27.075826819879246 -0.29520190203378155 0
      vertex 27.107926095308585 -0.43999237667428526 0
    endloop
  endfacet
  facet normal 0 0 -1
    outer loop
      vertex -27.500000000000004 14.95 0
      vertex 27.107926095308585 -0.43999237667428526 0
      vertex 27.152522544663956 -0.5814342436536368 0
    endloop
  endfacet
  facet normal 0 0 -1
    outer loop
      vertex -27.500000000000004 14.95 0
      vertex 27.152522544663956 -0.5814342436536368 0
      vertex 27.209276762037696 -0.718451044959189 0
    endloop
  endfacet
  facet normal 0 0 -1
    outer loop
      vertex -27.500000000000004 14.95 0
      vertex 27.209276762037696 -0.718451044959189 0
      vertex 27.277756813566455 -0.85 0
    endloop
  endfacet
  facet normal 0 0 -1
    outer loop
      vertex -27.500000000000004 14.95 0
      vertex 27.277756813566455 -0.85 0
      vertex 27.357441524708715 -0.9750799417967783 0
    endloop
  endfacet
  facet normal 0 0 -1
    outer loop
      vertex -27.500000000000004 14.95 0
      vertex 27.357441524708715 -0.9750799417967783 0
      vertex 27.447724446697737 -1.0927389364671167 0
    endloop
  endfacet
  facet normal 0 0 -1
    outer loop
      vertex -27.500000000000004 14.95 0
      vertex 27.447724446697737 -1.0927389364671167 0
      vertex 27.547918471982868 -1.2020815280171309 0
    endloop
  endfacet
  facet normal 0 0 -1
    outer loop
      vertex -27.500000000000004 14.95 0
      vertex 27.547918471982868 -1.2020815280171309 0
      vertex 27.657261063532882 -1.3022755533022627 0
    endloop
  endfacet
  facet normal 0 0 -1
    outer loop
      vertex -27.500000000000004 14.95 0
      vertex 27.657261063532882 -1.3022755533022627 0
      vertex 27.77492005820322 -1.392558475291286 0
    endloop
  endfacet
  facet normal 0 0 -1
    outer loop
      vertex -27.500000000000004 14.95 0
      vertex 27.77492005820322 -1.392558475291286 0
      vertex 27.9 -1.4722431864335457 0
    endloop
  endfacet
  facet normal 0 0 -1
    outer loop
      vertex -27.500000000000004 14.95 0
      vertex 27.9 -1.4722431864335457 0
      vertex 28.03154895504081 -1.5407232379623048 0
    endloop
  endfacet
  facet normal 0 0 -1
    outer loop
      vertex -27.500000000000004 14.95 0
      vertex 28.03154895504081 -1.5407232379623048 0
      vertex 28.168565756346364 -1.5974774553360442 0
    endloop
  endfacet
  facet normal 0 0 -1
    outer loop
      vertex -27.500000000000004 14.95 0
      vertex 28.168565756346364 -1.5974774553360442 0
      vertex 28.310007623325713 -1.6420739046914161 0
    endloop
  endfacet
  facet normal 0 1 0
    outer loop
      vertex 27.500000000000004 14.95 2.4
      vertex 27.500000000000004 14.95 0
      vertex 14.25 14.95 0.8999999999999999
    endloop
  endfacet
  facet normal 0.04361938736533743 0.9990482215818578 0
    outer loop
      vertex 27.500000000000004 14.95 2.4
      vertex 27.983714372249505 14.928880574409186 2.4
      vertex 27.500000000000004 14.95 0
    endloop
  endfacet
  facet normal 0.13052619222005343 0.9914448613738103 0
    outer loop
      vertex 27.983714372249505 14.928880574409186 2.4
      vertex 28.463747386051466 14.865683029217752 2.4
      vertex 28.463747386051466 14.865683029217752 0
    endloop
  endfacet
  facet normal 0.2164396139381031 0.9762960071199333 0
    outer loop
      vertex 28.463747386051466 14.865683029217752 2.4
      vertex 28.70775377072158 14.811588116085588 2.4
      vertex 28.463747386051466 14.865683029217752 0
    endloop
  endfacet
  facet normal 0.21643961393809588 0.9762960071199349 7.714178733604131e-16
    outer loop
      vertex 28.70775377072158 14.811588116085588 2.4
      vertex 28.936445700318995 14.760888335904328 2.4
      vertex 28.463747386051466 14.865683029217752 0
    endloop
  endfacet
  facet normal 0.3007057995042758 0.9537169507482262 -1.7914212444877915e-16
    outer loop
      vertex 28.936445700318995 14.760888335904328 2.4
      vertex 29.398211794974472 14.615294045514077 2.4
      vertex 29.398211795457463 14.61529404536179 0
    endloop
  endfacet
  facet normal 0.30070662679471655 0.9537166899041576 0
    outer loop
      vertex 29.398211795457463 14.61529404536179 2.4
      vertex 29.398211795457463 14.61529404536179 0
      vertex 29.398211794974472 14.615294045514077 2.4
    endloop
  endfacet
  facet normal 0.38268343236508856 0.9238795325112873 0
    outer loop
      vertex 29.398211795457463 14.61529404536179 2.4
      vertex 29.845531352660885 14.430008218053405 2.4
      vertex 29.398211795457463 14.61529404536179 0
    endloop
  endfacet
  facet normal 0.4617486132350366 0.8870108331782204 1.269988478471958e-16
    outer loop
      vertex 29.845531352660885 14.430008218053405 2.4
      vertex 30.04746474836268 14.324888345845022 2.4
      vertex 30.275000000000002 14.206440991003632 0
    endloop
  endfacet
  facet normal 0.4617486132350356 0.8870108331782208 0
    outer loop
      vertex 30.04746474836268 14.324888345845022 2.4
      vertex 30.275000000000002 14.206440991003632 2.4
      vertex 30.275000000000002 14.206440991003632 0
    endloop
  endfacet
  facet normal 0.5372996083468199 0.8433914458128882 0
    outer loop
      vertex 30.275000000000002 14.206440991003632 2.4
      vertex 30.68334922174831 13.946293845803904 2.4
      vertex 30.275000000000002 14.206440991003632 0
    endloop
  endfacet
  facet normal 0.608761429008732 0.7933533402912265 0
    outer loop
      vertex 30.68334922174831 13.946293845803904 2.4
      vertex 30.755913312622386 13.890613460518065 2.4
      vertex 30.68334922174831 13.946293845803904 0
    endloop
  endfacet
  facet normal 0.608761429008717 0.7933533402912379 7.214943564580709e-16
    outer loop
      vertex 30.755913312622386 13.890613460518065 2.4
      vertex 31.067471233760298 13.651546659310327 2.4
      vertex 30.68334922174831 13.946293845803904 0
    endloop
  endfacet
  facet normal 0.6755902076156589 0.7372773368101253 0
    outer loop
      vertex 31.067471233760298 13.651546659310327 2.4
      vertex 31.424442635585343 13.324442635585338 2.4
      vertex 31.067471233760298 13.651546659310327 0
    endloop
  endfacet
  facet normal 0.737277336810127 0.6755902076156571 0
    outer loop
      vertex 31.424442635585343 13.324442635585338 2.4
      vertex 31.751546659310332 12.96747123376029 2.4
      vertex 31.424442635585343 13.324442635585338 0
    endloop
  endfacet
  facet normal 0.7933533402912323 0.6087614290087243 -7.023791024994535e-16
    outer loop
      vertex 31.751546659310332 12.96747123376029 2.4
      vertex 31.829227916461427 12.866235048446782 2.4
      vertex 32.04629384580391 12.583349221748303 0
    endloop
  endfacet
  facet normal 0.7933533402912353 0.6087614290087207 0
    outer loop
      vertex 31.829227916461427 12.866235048446782 2.4
      vertex 32.04629384580391 12.583349221748303 2.4
      vertex 32.04629384580391 12.583349221748303 0
    endloop
  endfacet
  facet normal 0.8433914458128837 0.5372996083468269 0
    outer loop
      vertex 32.04629384580391 12.583349221748303 2.4
      vertex 32.30644099100364 12.174999999999999 2.4
      vertex 32.30644099100364 12.174999999999999 0
    endloop
  endfacet
  facet normal 0.8870108331782242 0.4617486132350293 0
    outer loop
      vertex 32.30644099100364 12.174999999999999 2.4
      vertex 32.521703903756304 11.761483792002373 2.4
      vertex 32.30644099100364 12.174999999999999 0
    endloop
  endfacet
  facet normal 0.8870108331782313 0.46174861323501565 -2.9841269452443102e-15
    outer loop
      vertex 32.53000821805341 11.74553135266088 2.4
      vertex 32.30644099100364 12.174999999999999 0
      vertex 32.521703903756304 11.761483792002373 2.4
    endloop
  endfacet
  facet normal 0.92388019135582 0.38268184176965164 3.473245839652142e-7
    outer loop
      vertex 32.53000821805341 11.74553135266088 2.4
      vertex 32.53000821829207 11.745531352084708 2.4
      vertex 32.715294045361794 11.29821179545746 0
    endloop
  endfacet
  facet normal 0.9238795325112859 0.38268343236509184 0
    outer loop
      vertex 32.53000821829207 11.745531352084708 2.4
      vertex 32.715294045361794 11.29821179545746 2.4
      vertex 32.715294045361794 11.29821179545746 0
    endloop
  endfacet
  facet normal 0.9537169507482255 0.30070579950427784 0
    outer loop
      vertex 32.715294045361794 11.29821179545746 2.4
      vertex 32.860888335904335 10.836445700318988 2.4
      vertex 32.715294045361794 11.29821179545746 0
    endloop
  endfacet
  facet normal 0.9762960071199343 0.2164396139380988 0
    outer loop
      vertex 32.860888335904335 10.836445700318988 2.4
      vertex 32.94613456486238 10.451924810452788 2.4
      vertex 32.860888335904335 10.836445700318988 0
    endloop
  endfacet
  facet normal 0.9762960071199365 0.2164396139380885 -1.7246079846776125e-15
    outer loop
      vertex 32.94613456486238 10.451924810452788 2.4
      vertex 32.96568302921776 10.363747386051461 2.4
      vertex 32.860888335904335 10.836445700318988 0
    endloop
  endfacet
  facet normal 0.9914448613738096 0.1305261922200575 0
    outer loop
      vertex 32.96568302921776 10.363747386051461 2.4
      vertex 33.02888057440919 9.883714372249502 2.4
      vertex 33.02888057440919 9.883714372249502 0
    endloop
  endfacet
  facet normal 0.999048221581858 0.04361938736533361 0
    outer loop
      vertex 33.02888057440919 9.883714372249502 2.4
      vertex 33.050000000000004 9.399999999999999 2.4
      vertex 33.02888057440919 9.883714372249502 0
    endloop
  endfacet
  facet normal 0 1 0
    outer loop
      vertex 27.500000000000004 14.95 0
      vertex 14.25 14.95 0.20000000000000018
      vertex 14.25 14.95 0.8999999999999999
    endloop
  endfacet
  facet normal 0.04361938736533743 0.9990482215818578 0
    outer loop
      vertex 27.983714372249505 14.928880574409186 2.4
      vertex 27.983714372249505 14.928880574409186 0
      vertex 27.500000000000004 14.95 0
    endloop
  endfacet
  facet normal 0.13052619222005343 0.9914448613738103 0
    outer loop
      vertex 27.983714372249505 14.928880574409186 2.4
      vertex 28.463747386051466 14.865683029217752 0
      vertex 27.983714372249505 14.928880574409186 0
    endloop
  endfacet
  facet normal 0.2164396139380996 0.976296007119934 0
    outer loop
      vertex 28.936445700318995 14.760888335904328 2.4
      vertex 28.936445700318995 14.760888335904328 0
      vertex 28.463747386051466 14.865683029217752 0
    endloop
  endfacet
  facet normal 0.30070579950427667 0.9537169507482258 0
    outer loop
      vertex 28.936445700318995 14.760888335904328 2.4
      vertex 29.398211795457463 14.61529404536179 0
      vertex 28.936445700318995 14.760888335904328 0
    endloop
  endfacet
  facet normal 0.38268343236508856 0.9238795325112873 0
    outer loop
      vertex 29.845531352660885 14.430008218053405 2.4
      vertex 29.845531352660885 14.430008218053405 0
      vertex 29.398211795457463 14.61529404536179 0
    endloop
  endfacet
  facet normal 0.4617486132350361 0.8870108331782206 0
    outer loop
      vertex 29.845531352660885 14.430008218053405 2.4
      vertex 30.275000000000002 14.206440991003632 0
      vertex 29.845531352660885 14.430008218053405 0
    endloop
  endfacet
  facet normal 0.5372996083468199 0.8433914458128882 0
    outer loop
      vertex 30.68334922174831 13.946293845803904 2.4
      vertex 30.68334922174831 13.946293845803904 0
      vertex 30.275000000000002 14.206440991003632 0
    endloop
  endfacet
  facet normal 0.6087614290087198 0.7933533402912357 0
    outer loop
      vertex 31.067471233760298 13.651546659310327 2.4
      vertex 31.067471233760298 13.651546659310327 0
      vertex 30.68334922174831 13.946293845803904 0
    endloop
  endfacet
  facet normal 0.6755902076156589 0.7372773368101253 0
    outer loop
      vertex 31.424442635585343 13.324442635585338 2.4
      vertex 31.424442635585343 13.324442635585338 0
      vertex 31.067471233760298 13.651546659310327 0
    endloop
  endfacet
  facet normal 0.737277336810127 0.6755902076156571 0
    outer loop
      vertex 31.751546659310332 12.96747123376029 2.4
      vertex 31.751546659310332 12.96747123376029 0
      vertex 31.424442635585343 13.324442635585338 0
    endloop
  endfacet
  facet normal 0.7933533402912345 0.6087614290087217 0
    outer loop
      vertex 31.751546659310332 12.96747123376029 2.4
      vertex 32.04629384580391 12.583349221748303 0
      vertex 31.751546659310332 12.96747123376029 0
    endloop
  endfacet
  facet normal 0.8433914458128837 0.5372996083468269 0
    outer loop
      vertex 32.04629384580391 12.583349221748303 2.4
      vertex 32.30644099100364 12.174999999999999 0
      vertex 32.04629384580391 12.583349221748303 0
    endloop
  endfacet
  facet normal 0.8870108331782243 0.46174861323502875 0
    outer loop
      vertex 32.53000821805341 11.74553135266088 2.4
      vertex 32.53000821805341 11.74553135266088 0
      vertex 32.30644099100364 12.174999999999999 0
    endloop
  endfacet
  facet normal 0.9238795325112867 0.38268343236508984 0
    outer loop
      vertex 32.53000821805341 11.74553135266088 2.4
      vertex 32.715294045361794 11.29821179545746 0
      vertex 32.53000821805341 11.74553135266088 0
    endloop
  endfacet
  facet normal 0 0 -1
    outer loop
      vertex 27.500000000000004 14.95 0
      vertex 27.983714372249505 14.928880574409186 0
      vertex 28.936445700318995 14.760888335904328 0
    endloop
  endfacet
  facet normal 0 0 -1
    outer loop
      vertex 27.983714372249505 14.928880574409186 0
      vertex 28.463747386051466 14.865683029217752 0
      vertex 28.936445700318995 14.760888335904328 0
    endloop
  endfacet
  facet normal 0 0 -1
    outer loop
      vertex 27.500000000000004 14.95 0
      vertex 28.936445700318995 14.760888335904328 0
      vertex 30.275000000000002 14.206440991003632 0
    endloop
  endfacet
  facet normal 0 0 -1
    outer loop
      vertex 28.936445700318995 14.760888335904328 0
      vertex 29.398211795457463 14.61529404536179 0
      vertex 30.275000000000002 14.206440991003632 0
    endloop
  endfacet
  facet normal 0 0 -1
    outer loop
      vertex 29.398211795457463 14.61529404536179 0
      vertex 29.845531352660885 14.430008218053405 0
      vertex 30.275000000000002 14.206440991003632 0
    endloop
  endfacet
  facet normal 0 0 -1
    outer loop
      vertex 30.275000000000002 14.206440991003632 0
      vertex 30.68334922174831 13.946293845803904 0
      vertex 31.067471233760298 13.651546659310327 0
    endloop
  endfacet
  facet normal 0 0 -1
    outer loop
      vertex 30.275000000000002 14.206440991003632 0
      vertex 31.067471233760298 13.651546659310327 0
      vertex 32.04629384580391 12.583349221748303 0
    endloop
  endfacet
  facet normal 0 0 -1
    outer loop
      vertex 31.067471233760298 13.651546659310327 0
      vertex 31.424442635585343 13.324442635585338 0
      vertex 32.04629384580391 12.583349221748303 0
    endloop
  endfacet
  facet normal 0 0 -1
    outer loop
      vertex 31.424442635585343 13.324442635585338 0
      vertex 31.751546659310332 12.96747123376029 0
      vertex 32.04629384580391 12.583349221748303 0
    endloop
  endfacet
  facet normal 0 0 -1
    outer loop
      vertex 30.275000000000002 14.206440991003632 0
      vertex 32.04629384580391 12.583349221748303 0
      vertex 33.02888057440919 9.883714372249502 0
    endloop
  endfacet
  facet normal 0 0 -1
    outer loop
      vertex 32.04629384580391 12.583349221748303 0
      vertex 32.30644099100364 12.174999999999999 0
      vertex 32.715294045361794 11.29821179545746 0
    endloop
  endfacet
  facet normal 0 0 -1
    outer loop
      vertex 32.30644099100364 12.174999999999999 0
      vertex 32.53000821805341 11.74553135266088 0
      vertex 32.715294045361794 11.29821179545746 0
    endloop
  endfacet
  facet normal 0 0 -1
    outer loop
      vertex 32.04629384580391 12.583349221748303 0
      vertex 32.715294045361794 11.29821179545746 0
      vertex 33.02888057440919 9.883714372249502 0
    endloop
  endfacet
  facet normal 0.9537169507482255 0.30070579950427784 0
    outer loop
      vertex 32.860888335904335 10.836445700318988 2.4
      vertex 32.860888335904335 10.836445700318988 0
      vertex 32.715294045361794 11.29821179545746 0
    endloop
  endfacet
  facet normal 0.9762960071199347 0.21643961393809688 0
    outer loop
      vertex 32.96568302921776 10.363747386051461 2.4
      vertex 32.96568302921776 10.363747386051461 0
      vertex 32.860888335904335 10.836445700318988 0
    endloop
  endfacet
  facet normal 0.9914448613738096 0.1305261922200575 0
    outer loop
      vertex 32.96568302921776 10.363747386051461 2.4
      vertex 33.02888057440919 9.883714372249502 0
      vertex 32.96568302921776 10.363747386051461 0
    endloop
  endfacet
  facet normal 0.999048221581858 0.04361938736533361 0
    outer loop
      vertex 33.050000000000004 9.399999999999999 2.4
      vertex 33.050000000000004 9.399999999999999 0
      vertex 33.02888057440919 9.883714372249502 0
    endloop
  endfacet
  facet normal 0 0 -1
    outer loop
      vertex 32.715294045361794 11.29821179545746 0
      vertex 32.860888335904335 10.836445700318988 0
      vertex 33.02888057440919 9.883714372249502 0
    endloop
  endfacet
  facet normal 0 0 -1
    outer loop
      vertex 32.860888335904335 10.836445700318988 0
      vertex 32.96568302921776 10.363747386051461 0
      vertex 33.02888057440919 9.883714372249502 0
    endloop
  endfacet
  facet normal 1 0 0
    outer loop
      vertex 33.050000000000004 9.399999999999999 2.4
      vertex 33.050000000000004 -9.399999999999999 2.4
      vertex 33.050000000000004 9.399999999999999 0
    endloop
  endfacet
  facet normal 0 0 -1
    outer loop
      vertex 30.275000000000002 14.206440991003632 0
      vertex 28.89816476267102 1.6935309867559674 0
      vertex 28.75 1.7 0
    endloop
  endfacet
  facet normal 0 0 -1
    outer loop
      vertex 30.275000000000002 14.206440991003632 0
      vertex 29.04520190203378 1.6741731801207536 0
      vertex 28.89816476267102 1.6935309867559674 0
    endloop
  endfacet
  facet normal 0 0 -1
    outer loop
      vertex 30.275000000000002 14.206440991003632 0
      vertex 29.189992376674287 1.6420739046914161 0
      vertex 29.04520190203378 1.6741731801207536 0
    endloop
  endfacet
  facet normal 0 0 -1
    outer loop
      vertex 30.275000000000002 14.206440991003632 0
      vertex 29.331434243653636 1.5974774553360442 0
      vertex 29.189992376674287 1.6420739046914161 0
    endloop
  endfacet
  facet normal 0 0 -1
    outer loop
      vertex 30.275000000000002 14.206440991003632 0
      vertex 29.46845104495919 1.5407232379623048 0
      vertex 29.331434243653636 1.5974774553360442 0
    endloop
  endfacet
  facet normal 0 0 -1
    outer loop
      vertex 30.275000000000002 14.206440991003632 0
      vertex 29.6 1.4722431864335457 0
      vertex 29.46845104495919 1.5407232379623048 0
    endloop
  endfacet
  facet normal 0 0 -1
    outer loop
      vertex 30.275000000000002 14.206440991003632 0
      vertex 29.72507994179678 1.392558475291286 0
      vertex 29.6 1.4722431864335457 0
    endloop
  endfacet
  facet normal 0 0 -1
    outer loop
      vertex 30.275000000000002 14.206440991003632 0
      vertex 29.842738936467118 1.3022755533022627 0
      vertex 29.72507994179678 1.392558475291286 0
    endloop
  endfacet
  facet normal 0 0 -1
    outer loop
      vertex 30.275000000000002 14.206440991003632 0
      vertex 29.952081528017132 1.2020815280171309 0
      vertex 29.842738936467118 1.3022755533022627 0
    endloop
  endfacet
  facet normal 0 0 -1
    outer loop
      vertex 30.275000000000002 14.206440991003632 0
      vertex 30.052275553302263 1.0927389364671167 0
      vertex 29.952081528017132 1.2020815280171309 0
    endloop
  endfacet
  facet normal 0 0 -1
    outer loop
      vertex 30.275000000000002 14.206440991003632 0
      vertex 30.142558475291285 0.9750799417967783 0
      vertex 30.052275553302263 1.0927389364671167 0
    endloop
  endfacet
  facet normal 0 0 -1
    outer loop
      vertex 30.275000000000002 14.206440991003632 0
      vertex 30.222243186433545 0.85 0
      vertex 30.142558475291285 0.9750799417967783 0
    endloop
  endfacet
  facet normal 0 0 -1
    outer loop
      vertex 30.275000000000002 14.206440991003632 0
      vertex 30.290723237962304 0.718451044959189 0
      vertex 30.222243186433545 0.85 0
    endloop
  endfacet
  facet normal 0 0 -1
    outer loop
      vertex 30.275000000000002 14.206440991003632 0
      vertex 30.347477455336044 0.5814342436536368 0
      vertex 30.290723237962304 0.718451044959189 0
    endloop
  endfacet
  facet normal 0 0 -1
    outer loop
      vertex 30.275000000000002 14.206440991003632 0
      vertex 30.392073904691415 0.43999237667428526 0
      vertex 30.347477455336044 0.5814342436536368 0
    endloop
  endfacet
  facet normal 0 0 -1
    outer loop
      vertex 30.275000000000002 14.206440991003632 0
      vertex 33.02888057440919 9.883714372249502 0
      vertex 33.02888057440919 -9.883714372249502 0
    endloop
  endfacet
  facet normal 0 0 -1
    outer loop
      vertex 33.02888057440919 9.883714372249502 0
      vertex 33.050000000000004 9.399999999999999 0
      vertex 33.02888057440919 -9.883714372249502 0
    endloop
  endfacet
  facet normal 0 0 -1
    outer loop
      vertex 30.275000000000002 14.206440991003632 0
      vertex 33.02888057440919 -9.883714372249502 0
      vertex 30.392073904691415 0.43999237667428526 0
    endloop
  endfacet
  facet normal 0 0 1
    outer loop
      vertex -31.850000001490116 -9.399999998509884 2.4
      vertex 28.03154895504081 1.5407232379623048 2.4
      vertex 28.168565756346364 1.5974774553360442 2.4
    endloop
  endfacet
  facet normal 0 0 1
    outer loop
      vertex -31.850000001490116 -9.399999998509884 2.4
      vertex 28.168565756346364 1.5974774553360442 2.4
      vertex 28.310007623325713 1.6420739046914161 2.4
    endloop
  endfacet
  facet normal 0 0 1
    outer loop
      vertex -31.850000001490116 -9.399999998509884 2.4
      vertex 27.77492005820322 1.392558475291286 2.4
      vertex 27.9 1.4722431864335457 2.4
    endloop
  endfacet
  facet normal 0 0 1
    outer loop
      vertex -31.850000001490116 -9.399999998509884 2.4
      vertex 27.657261063532882 1.3022755533022627 2.4
      vertex 27.77492005820322 1.392558475291286 2.4
    endloop
  endfacet
  facet normal 0 0 1
    outer loop
      vertex -31.850000001490116 -9.399999998509884 2.4
      vertex 27.547918471982868 1.2020815280171309 2.4
      vertex 27.657261063532882 1.3022755533022627 2.4
    endloop
  endfacet
  facet normal 0 0 1
    outer loop
      vertex -31.850000001490116 -9.399999998509884 2.4
      vertex 27.9 1.4722431864335457 2.4
      vertex 28.03154895504081 1.5407232379623048 2.4
    endloop
  endfacet
  facet normal 0 0 1
    outer loop
      vertex -31.850000001490116 -9.399999998509884 2.4
      vertex 27.447724446697737 1.0927389364671167 2.4
      vertex 27.547918471982868 1.2020815280171309 2.4
    endloop
  endfacet
  facet normal 0 0 1
    outer loop
      vertex -31.850000001490116 -9.399999998509884 2.4
      vertex 27.357441524708715 0.9750799417967783 2.4
      vertex 27.447724446697737 1.0927389364671167 2.4
    endloop
  endfacet
  facet normal 0 0 1
    outer loop
      vertex -31.850000001490116 -9.399999998509884 2.4
      vertex 27.277756813566455 0.85 2.4
      vertex 27.357441524708715 0.9750799417967783 2.4
    endloop
  endfacet
  facet normal 0 0 1
    outer loop
      vertex -31.850000001490116 -9.399999998509884 2.4
      vertex 27.107926095308585 0.43999237667428526 2.4
      vertex 27.152522544663956 0.5814342436536368 2.4
    endloop
  endfacet
  facet normal 0 0 1
    outer loop
      vertex -31.850000001490116 -9.399999998509884 2.4
      vertex 27.209276762037696 0.718451044959189 2.4
      vertex 27.277756813566455 0.85 2.4
    endloop
  endfacet
  facet normal 0 0 1
    outer loop
      vertex -31.850000001490116 -9.399999998509884 2.4
      vertex 27.152522544663956 0.5814342436536368 2.4
      vertex 27.209276762037696 0.718451044959189 2.4
    endloop
  endfacet
  facet normal 0 0 1
    outer loop
      vertex -31.850000001490116 -9.399999998509884 2.4
      vertex 27.075826819879246 0.29520190203378155 2.4
      vertex 27.107926095308585 0.43999237667428526 2.4
    endloop
  endfacet
  facet normal 0 0 1
    outer loop
      vertex -31.850000001490116 -9.399999998509884 2.4
      vertex 27.056469013244033 0.14816476267101888 2.4
      vertex 27.075826819879246 0.29520190203378155 2.4
    endloop
  endfacet
  facet normal 0 0 1
    outer loop
      vertex -31.850000001490116 -9.399999998509884 2.4
      vertex 27.05 0 2.4
      vertex 27.056469013244033 0.14816476267101888 2.4
    endloop
  endfacet
  facet normal 0 0 1
    outer loop
      vertex -31.850000001490116 -9.399999998509884 2.4
      vertex 27.056469013244033 -0.14816476267101888 2.4
      vertex 27.05 0 2.4
    endloop
  endfacet
  facet normal 0 0 1
    outer loop
      vertex -31.850000001490116 -9.399999998509884 2.4
      vertex 27.075826819879246 -0.29520190203378155 2.4
      vertex 27.056469013244033 -0.14816476267101888 2.4
    endloop
  endfacet
  facet normal 0 0 1
    outer loop
      vertex -31.850000001490116 -9.399999998509884 2.4
      vertex 27.107926095308585 -0.43999237667428526 2.4
      vertex 27.075826819879246 -0.29520190203378155 2.4
    endloop
  endfacet
  facet normal 0 0 1
    outer loop
      vertex -31.850000001490116 -9.399999998509884 2.4
      vertex 27.152522544663956 -0.5814342436536368 2.4
      vertex 27.107926095308585 -0.43999237667428526 2.4
    endloop
  endfacet
  facet normal 0 0 1
    outer loop
      vertex -31.850000001490116 -9.399999998509884 2.4
      vertex 27.209276762037696 -0.718451044959189 2.4
      vertex 27.152522544663956 -0.5814342436536368 2.4
    endloop
  endfacet
  facet normal 0 0 1
    outer loop
      vertex -31.850000001490116 -9.399999998509884 2.4
      vertex 27.277756813566455 -0.85 2.4
      vertex 27.209276762037696 -0.718451044959189 2.4
    endloop
  endfacet
  facet normal 0 0 1
    outer loop
      vertex -31.850000001490116 -9.399999998509884 2.4
      vertex 27.357441524708715 -0.9750799417967783 2.4
      vertex 27.277756813566455 -0.85 2.4
    endloop
  endfacet
  facet normal 0 0 1
    outer loop
      vertex -31.850000001490116 -9.399999998509884 2.4
      vertex 27.447724446697737 -1.0927389364671167 2.4
      vertex 27.357441524708715 -0.9750799417967783 2.4
    endloop
  endfacet
  facet normal 0 0 1
    outer loop
      vertex -31.850000001490116 -9.399999998509884 2.4
      vertex 27.547918471982868 -1.2020815280171309 2.4
      vertex 27.447724446697737 -1.0927389364671167 2.4
    endloop
  endfacet
  facet normal 0 0 1
    outer loop
      vertex -31.850000001490116 -9.399999998509884 2.4
      vertex 27.657261063532882 -1.3022755533022627 2.4
      vertex 27.547918471982868 -1.2020815280171309 2.4
    endloop
  endfacet
  facet normal 0 0 1
    outer loop
      vertex -31.850000001490116 -9.399999998509884 2.4
      vertex 27.77492005820322 -1.392558475291286 2.4
      vertex 27.657261063532882 -1.3022755533022627 2.4
    endloop
  endfacet
  facet normal 0 0 1
    outer loop
      vertex -31.850000001490116 -9.399999998509884 2.4
      vertex 27.9 -1.4722431864335457 2.4
      vertex 27.77492005820322 -1.392558475291286 2.4
    endloop
  endfacet
  facet normal 0 0 1
    outer loop
      vertex -31.850000001490116 -9.399999998509884 2.4
      vertex 28.03154895504081 -1.5407232379623048 2.4
      vertex 27.9 -1.4722431864335457 2.4
    endloop
  endfacet
  facet normal 0 0 1
    outer loop
      vertex -31.850000001490116 -9.399999998509884 2.4
      vertex 28.168565756346364 -1.5974774553360442 2.4
      vertex 28.03154895504081 -1.5407232379623048 2.4
    endloop
  endfacet
  facet normal 0 0 1
    outer loop
      vertex -31.850000001490116 -9.399999998509884 2.4
      vertex 28.310007623325713 -1.6420739046914161 2.4
      vertex 28.168565756346364 -1.5974774553360442 2.4
    endloop
  endfacet
  facet normal 0 0 1
    outer loop
      vertex -31.850000001490116 -9.399999998509884 2.4
      vertex 28.310007623325713 1.6420739046914161 2.4
      vertex 28.45479809796622 1.6741731801207536 2.4
    endloop
  endfacet
  facet normal 0 0 1
    outer loop
      vertex -31.850000001490116 -9.399999998509884 2.4
      vertex 28.45479809796622 -1.6741731801207536 2.4
      vertex 28.310007623325713 -1.6420739046914161 2.4
    endloop
  endfacet
  facet normal 0 0 1
    outer loop
      vertex -31.850000001490116 -9.399999998509884 2.4
      vertex 27.5 -13.75 2.4
      vertex 28.45479809796622 -1.6741731801207536 2.4
    endloop
  endfacet
  facet normal 0 0 1
    outer loop
      vertex -27.5 -14.949999995529652 2.4
      vertex 27.500000000000004 -14.95 2.4
      vertex 27.5 -14.949999995529652 2.4
    endloop
  endfacet
  facet normal 0 0 1
    outer loop
      vertex 31.850000001490116 9.399999998509884 2.4
      vertex 30.424173180120754 -0.29520190203378155 2.4
      vertex 29.674999997019768 -13.167210504412651 2.4
    endloop
  endfacet
  facet normal 0 0 1
    outer loop
      vertex 31.850000001490116 9.399999998509884 2.4
      vertex 31.83344693481922 -9.779127478599548 2.4
      vertex 31.850000001490116 -9.399999998509884 2.4
    endloop
  endfacet
  facet normal 0 0 1
    outer loop
      vertex 31.850000001490116 9.399999998509884 2.4
      vertex 31.78391372412443 -10.155369572341442 2.4
      vertex 31.83344693481922 -9.779127478599548 2.4
    endloop
  endfacet
  facet normal 0 0 1
    outer loop
      vertex 33.050000000000004 9.399999999999999 2.4
      vertex 33.04999999701977 -9.399999998509884 2.4
      vertex 33.050000000000004 -9.399999999999999 2.4
    endloop
  endfacet
  facet normal 0 0 1
    outer loop
      vertex 27.5 -13.75 2.4
      vertex 29.6 -1.4722431864335457 2.4
      vertex 29.46845104495919 -1.5407232379623048 2.4
    endloop
  endfacet
  facet normal 0 0 1
    outer loop
      vertex 27.5 -13.75 2.4
      vertex 28.60183523732898 -1.6935309867559674 2.4
      vertex 28.45479809796622 -1.6741731801207536 2.4
    endloop
  endfacet
  facet normal 0 0 1
    outer loop
      vertex 27.5 -13.75 2.4
      vertex 28.75 -1.7 2.4
      vertex 28.60183523732898 -1.6935309867559674 2.4
    endloop
  endfacet
  facet normal 0 0 1
    outer loop
      vertex 27.5 -13.75 2.4
      vertex 28.89816476267102 -1.6935309867559674 2.4
      vertex 28.75 -1.7 2.4
    endloop
  endfacet
  facet normal 0 0 1
    outer loop
      vertex 27.5 -13.75 2.4
      vertex 29.04520190203378 -1.6741731801207536 2.4
      vertex 28.89816476267102 -1.6935309867559674 2.4
    endloop
  endfacet
  facet normal 0 0 1
    outer loop
      vertex 27.5 -13.75 2.4
      vertex 29.189992376674287 -1.6420739046914161 2.4
      vertex 29.04520190203378 -1.6741731801207536 2.4
    endloop
  endfacet
  facet normal 0 0 1
    outer loop
      vertex 27.5 -13.75 2.4
      vertex 29.331434243653636 -1.5974774553360442 2.4
      vertex 29.189992376674287 -1.6420739046914161 2.4
    endloop
  endfacet
  facet normal 0 0 1
    outer loop
      vertex 27.5 -13.75 2.4
      vertex 29.46845104495919 -1.5407232379623048 2.4
      vertex 29.331434243653636 -1.5974774553360442 2.4
    endloop
  endfacet
  facet normal 0 0 1
    outer loop
      vertex 29.674999997019768 -13.167210504412651 2.4
      vertex 30.424173180120754 -0.29520190203378155 2.4
      vertex 30.392073904691415 -0.43999237667428526 2.4
    endloop
  endfacet
  facet normal 0 0 1
    outer loop
      vertex 27.5 -13.75 2.4
      vertex 29.72507994179678 -1.392558475291286 2.4
      vertex 29.6 -1.4722431864335457 2.4
    endloop
  endfacet
  facet normal 0 0 1
    outer loop
      vertex 29.674999997019768 -13.167210504412651 2.4
      vertex 30.052275553302263 -1.0927389364671167 2.4
      vertex 29.952081528017132 -1.2020815280171309 2.4
    endloop
  endfacet
  facet normal 0 0 1
    outer loop
      vertex 29.674999997019768 -13.167210504412651 2.4
      vertex 29.952081528017132 -1.2020815280171309 2.4
      vertex 29.842738936467118 -1.3022755533022627 2.4
    endloop
  endfacet
  facet normal 0 0 1
    outer loop
      vertex 29.674999997019768 -13.167210504412651 2.4
      vertex 29.842738936467118 -1.3022755533022627 2.4
      vertex 29.72507994179678 -1.392558475291286 2.4
    endloop
  endfacet
  facet normal 0 0 1
    outer loop
      vertex 29.674999997019768 -13.167210504412651 2.4
      vertex 30.392073904691415 -0.43999237667428526 2.4
      vertex 30.347477455336044 -0.5814342436536368 2.4
    endloop
  endfacet
  facet normal 0 0 1
    outer loop
      vertex 29.674999997019768 -13.167210504412651 2.4
      vertex 30.347477455336044 -0.5814342436536368 2.4
      vertex 30.290723237962304 -0.718451044959189 2.4
    endloop
  endfacet
  facet normal 0 0 1
    outer loop
      vertex 29.674999997019768 -13.167210504412651 2.4
      vertex 30.290723237962304 -0.718451044959189 2.4
      vertex 30.222243186433545 -0.85 2.4
    endloop
  endfacet
  facet normal 0 0 1
    outer loop
      vertex 29.674999997019768 -13.167210504412651 2.4
      vertex 30.222243186433545 -0.85 2.4
      vertex 30.142558475291285 -0.9750799417967783 2.4
    endloop
  endfacet
  facet normal 0 0 1
    outer loop
      vertex 29.674999997019768 -13.167210504412651 2.4
      vertex 30.142558475291285 -0.9750799417967783 2.4
      vertex 30.052275553302263 -1.0927389364671167 2.4
    endloop
  endfacet
  facet normal 0 0 1
    outer loop
      vertex 31.850000001490116 9.399999998509884 2.4
      vertex 30.2961261048913 -12.73229332268238 2.4
      vertex 30.57591449469328 -12.475914493203163 2.4
    endloop
  endfacet
  facet normal 0 0 1
    outer loop
      vertex 31.850000001490116 9.399999998509884 2.4
      vertex 29.995057500898838 -12.96331138908863 2.4
      vertex 30.2961261048913 -12.73229332268238 2.4
    endloop
  endfacet
  facet normal 0 0 1
    outer loop
      vertex 31.850000001490116 9.399999998509884 2.4
      vertex 29.674999997019768 -13.167210504412651 2.4
      vertex 29.995057500898838 -12.96331138908863 2.4
    endloop
  endfacet
  facet normal 0 0 1
    outer loop
      vertex 31.850000001490116 9.399999998509884 2.4
      vertex 31.70177734643221 -10.525862842798233 2.4
      vertex 31.78391372412443 -10.155369572341442 2.4
    endloop
  endfacet
  facet normal 0 0 1
    outer loop
      vertex 31.850000001490116 9.399999998509884 2.4
      vertex 31.587662898004055 -10.887787625193596 2.4
      vertex 31.70177734643221 -10.525862842798233 2.4
    endloop
  endfacet
  facet normal 0 0 1
    outer loop
      vertex 31.850000001490116 9.399999998509884 2.4
      vertex 31.44243887066841 -11.238389439880848 2.4
      vertex 31.587662898004055 -10.887787625193596 2.4
    endloop
  endfacet
  facet normal 0 0 1
    outer loop
      vertex 31.850000001490116 9.399999998509884 2.4
      vertex 31.267210505902767 -11.574999995529652 2.4
      vertex 31.44243887066841 -11.238389439880848 2.4
    endloop
  endfacet
  facet normal 0 0 1
    outer loop
      vertex 31.850000001490116 9.399999998509884 2.4
      vertex 31.063311390578747 -11.895057499408722 2.4
      vertex 31.267210505902767 -11.574999995529652 2.4
    endloop
  endfacet
  facet normal 0 0 1
    outer loop
      vertex 31.850000001490116 9.399999998509884 2.4
      vertex 30.832293324172497 -12.196126103401184 2.4
      vertex 31.063311390578747 -11.895057499408722 2.4
    endloop
  endfacet
  facet normal 0 0 1
    outer loop
      vertex 31.850000001490116 9.399999998509884 2.4
      vertex 30.57591449469328 -12.475914493203163 2.4
      vertex 30.832293324172497 -12.196126103401184 2.4
    endloop
  endfacet
  facet normal 0 0 1
    outer loop
      vertex 27.5 -13.75 2.4
      vertex 29.674999997019768 -13.167210504412651 2.4
      vertex 29.72507994179678 -1.392558475291286 2.4
    endloop
  endfacet
  facet normal 0 0 1
    outer loop
      vertex 33.050000000000004 -9.399999999999999 2.4
      vertex 33.04999999701977 -9.399999998509884 2.4
      vertex 33.02888057380915 -9.883714370429516 2.4
    endloop
  endfacet
  facet normal 0 0 1
    outer loop
      vertex 33.050000000000004 -9.399999999999999 2.4
      vertex 33.02888057380915 -9.883714370429516 2.4
      vertex 33.02888057440919 -9.883714372249502 2.4
    endloop
  endfacet
  facet normal 0 0 1
    outer loop
      vertex 33.02888057440919 -9.883714372249502 2.4
      vertex 33.02888057380915 -9.883714370429516 2.4
      vertex 32.96568302810192 -10.363747388124466 2.4
    endloop
  endfacet
  facet normal 0 0 1
    outer loop
      vertex 33.02888057440919 -9.883714372249502 2.4
      vertex 32.96568302810192 -10.363747388124466 2.4
      vertex 32.96568302921776 -10.363747386051461 2.4
    endloop
  endfacet
  facet normal 0 0 1
    outer loop
      vertex 32.96568302921776 -10.363747386051461 2.4
      vertex 32.96568302810192 -10.363747388124466 2.4
      vertex 32.94613456486238 -10.451924810452788 2.4
    endloop
  endfacet
  facet normal 0 0 1
    outer loop
      vertex 27.5 -13.75 2.4
      vertex 27.879127480089664 -13.733446933329105 2.4
      vertex 28.25536957383156 -13.683913722634315 2.4
    endloop
  endfacet
  facet normal 0 0 1
    outer loop
      vertex 27.5 -13.75 2.4
      vertex 28.987787626683712 -13.487662896513939 2.4
      vertex 29.338389441370964 -13.342438869178295 2.4
    endloop
  endfacet
  facet normal 0 0 1
    outer loop
      vertex 27.5 -13.75 2.4
      vertex 29.338389441370964 -13.342438869178295 2.4
      vertex 29.674999997019768 -13.167210504412651 2.4
    endloop
  endfacet
  facet normal 0 0 1
    outer loop
      vertex 27.5 -13.75 2.4
      vertex 28.25536957383156 -13.683913722634315 2.4
      vertex 28.62586284428835 -13.601777344942093 2.4
    endloop
  endfacet
  facet normal 0 0 1
    outer loop
      vertex 27.5 -13.75 2.4
      vertex 28.62586284428835 -13.601777344942093 2.4
      vertex 28.987787626683712 -13.487662896513939 2.4
    endloop
  endfacet
  facet normal 0 0 1
    outer loop
      vertex 27.500000000000004 -14.95 2.4
      vertex 27.983714372249505 -14.928880574409186 2.4
      vertex 27.5 -14.949999995529652 2.4
    endloop
  endfacet
  facet normal 0 0 1
    outer loop
      vertex 27.5 -14.949999995529652 2.4
      vertex 27.983714372249505 -14.928880574409186 2.4
      vertex 27.983714371919632 -14.92888057231903 2.4
    endloop
  endfacet
  facet normal 0 0 1
    outer loop
      vertex 27.983714372249505 -14.928880574409186 2.4
      vertex 28.463747386051466 -14.865683029217752 2.4
      vertex 27.983714371919632 -14.92888057231903 2.4
    endloop
  endfacet
  facet normal 0 0 1
    outer loop
      vertex 27.983714371919632 -14.92888057231903 2.4
      vertex 28.463747386051466 -14.865683029217752 2.4
      vertex 28.463747389614582 -14.865683026611805 2.4
    endloop
  endfacet
  facet normal 0 0 1
    outer loop
      vertex 28.463747386051466 -14.865683029217752 2.4
      vertex 28.70775377072158 -14.811588116085588 2.4
      vertex 28.463747389614582 -14.865683026611805 2.4
    endloop
  endfacet
  facet normal 0 0 1
    outer loop
      vertex 32.53000821805341 -11.74553135266088 2.4
      vertex 32.53000821829207 -11.745531352084708 2.4
      vertex 32.521703903756304 -11.761483792002373 2.4
    endloop
  endfacet
  facet normal 0 0 1
    outer loop
      vertex 31.751546659310332 -12.96747123376029 2.4
      vertex 31.829227916461427 -12.866235048446782 2.4
      vertex 31.751546658575535 -12.967471234500408 2.4
    endloop
  endfacet
  facet normal 0 0 1
    outer loop
      vertex 30.755913312622386 -13.890613460518065 2.4
      vertex 31.067471233760298 -13.651546659310327 2.4
      vertex 31.067471235967666 -13.651546657102958 2.4
    endloop
  endfacet
  facet normal 0 0 1
    outer loop
      vertex 29.845531352660885 -14.430008218053405 2.4
      vertex 30.04746474836268 -14.324888345845022 2.4
      vertex 29.845531351864338 -14.430008217692375 2.4
    endloop
  endfacet
  facet normal 0 0 1
    outer loop
      vertex 29.845531352660885 -14.430008218053405 2.4
      vertex 29.398211794974472 -14.615294045514077 2.4
      vertex 29.398211795457463 -14.61529404536179 2.4
    endloop
  endfacet
  facet normal 0 0 1
    outer loop
      vertex 29.845531352660885 -14.430008218053405 2.4
      vertex 29.845531351864338 -14.430008217692375 2.4
      vertex 29.398211794974472 -14.615294045514077 2.4
    endloop
  endfacet
  facet normal 0 0 1
    outer loop
      vertex 31.424442635585343 -13.324442635585338 2.4
      vertex 31.067471235967666 -13.651546657102958 2.4
      vertex 31.067471233760298 -13.651546659310327 2.4
    endloop
  endfacet
  facet normal 0 0 1
    outer loop
      vertex 31.424442635585343 -13.324442635585338 2.4
      vertex 31.424442633986473 -13.324442632496357 2.4
      vertex 31.067471235967666 -13.651546657102958 2.4
    endloop
  endfacet
  facet normal 0 0 1
    outer loop
      vertex 31.751546659310332 -12.96747123376029 2.4
      vertex 31.751546658575535 -12.967471234500408 2.4
      vertex 31.424442633986473 -13.324442632496357 2.4
    endloop
  endfacet
  facet normal 0 0 1
    outer loop
      vertex 31.751546659310332 -12.96747123376029 2.4
      vertex 31.424442633986473 -13.324442632496357 2.4
      vertex 31.424442635585343 -13.324442635585338 2.4
    endloop
  endfacet
  facet normal 0 0 -1
    outer loop
      vertex -27.500000000000004 14.95 0
      vertex 28.310007623325713 -1.6420739046914161 0
      vertex 27.500000000000004 -14.95 0
    endloop
  endfacet
  facet normal 0 -1 0
    outer loop
      vertex -27.500000000000004 -14.95 2.4
      vertex 14.25 -14.95 0.8999999999999999
      vertex 27.500000000000004 -14.95 2.4
    endloop
  endfacet
  facet normal 0 -1 0
    outer loop
      vertex -9.75 -14.95 0.20000000000000018
      vertex 9.75 -14.95 0.20000000000000018
      vertex 9.75 -14.95 0.8999999999999999
    endloop
  endfacet
  facet normal 0 -1 0
    outer loop
      vertex 27.500000000000004 -14.95 0
      vertex -9.75 -14.95 0.20000000000000018
      vertex -14.25 -14.95 0.20000000000000018
    endloop
  endfacet
  facet normal 0 -1 0
    outer loop
      vertex 27.500000000000004 -14.95 0
      vertex 9.75 -14.95 0.20000000000000018
      vertex -9.75 -14.95 0.20000000000000018
    endloop
  endfacet
  facet normal 1 0 0
    outer loop
      vertex 33.050000000000004 9.399999999999999 0
      vertex 33.050000000000004 -9.399999999999999 2.4
      vertex 33.050000000000004 -9.399999999999999 0
    endloop
  endfacet
  facet normal 0 0 -1
    outer loop
      vertex 33.02888057440919 -9.883714372249502 0
      vertex 30.424173180120754 0.29520190203378155 0
      vertex 30.392073904691415 0.43999237667428526 0
    endloop
  endfacet
  facet normal 0 0 -1
    outer loop
      vertex 33.02888057440919 -9.883714372249502 0
      vertex 30.443530986755967 0.14816476267101888 0
      vertex 30.424173180120754 0.29520190203378155 0
    endloop
  endfacet
  facet normal 0 0 -1
    outer loop
      vertex 33.02888057440919 -9.883714372249502 0
      vertex 30.45 0 0
      vertex 30.443530986755967 0.14816476267101888 0
    endloop
  endfacet
  facet normal 0 0 -1
    outer loop
      vertex 33.02888057440919 -9.883714372249502 0
      vertex 30.443530986755967 -0.14816476267101888 0
      vertex 30.45 0 0
    endloop
  endfacet
  facet normal 0 0 -1
    outer loop
      vertex 33.02888057440919 -9.883714372249502 0
      vertex 30.424173180120754 -0.29520190203378155 0
      vertex 30.443530986755967 -0.14816476267101888 0
    endloop
  endfacet
  facet normal 0 0 -1
    outer loop
      vertex 33.02888057440919 -9.883714372249502 0
      vertex 30.290723237962304 -0.718451044959189 0
      vertex 30.347477455336044 -0.5814342436536368 0
    endloop
  endfacet
  facet normal 0 0 -1
    outer loop
      vertex 33.02888057440919 -9.883714372249502 0
      vertex 30.392073904691415 -0.43999237667428526 0
      vertex 30.424173180120754 -0.29520190203378155 0
    endloop
  endfacet
  facet normal 0 0 -1
    outer loop
      vertex 33.02888057440919 -9.883714372249502 0
      vertex 30.347477455336044 -0.5814342436536368 0
      vertex 30.392073904691415 -0.43999237667428526 0
    endloop
  endfacet
  facet normal 0 0 -1
    outer loop
      vertex 33.050000000000004 9.399999999999999 0
      vertex 33.050000000000004 -9.399999999999999 0
      vertex 33.02888057440919 -9.883714372249502 0
    endloop
  endfacet
  facet normal 0 0 -1
    outer loop
      vertex 27.500000000000004 -14.95 0
      vertex 28.310007623325713 -1.6420739046914161 0
      vertex 28.45479809796622 -1.6741731801207536 0
    endloop
  endfacet
  facet normal 0 0 -1
    outer loop
      vertex 27.500000000000004 -14.95 0
      vertex 28.45479809796622 -1.6741731801207536 0
      vertex 28.60183523732898 -1.6935309867559674 0
    endloop
  endfacet
  facet normal 0 0 -1
    outer loop
      vertex 27.500000000000004 -14.95 0
      vertex 28.60183523732898 -1.6935309867559674 0
      vertex 28.75 -1.7 0
    endloop
  endfacet
  facet normal 0 0 -1
    outer loop
      vertex 27.500000000000004 -14.95 0
      vertex 28.75 -1.7 0
      vertex 28.89816476267102 -1.6935309867559674 0
    endloop
  endfacet
  facet normal 0 0 -1
    outer loop
      vertex 33.02888057440919 -9.883714372249502 0
      vertex 29.842738936467118 -1.3022755533022627 0
      vertex 29.952081528017132 -1.2020815280171309 0
    endloop
  endfacet
  facet normal 0 0 -1
    outer loop
      vertex 33.02888057440919 -9.883714372249502 0
      vertex 29.72507994179678 -1.392558475291286 0
      vertex 29.842738936467118 -1.3022755533022627 0
    endloop
  endfacet
  facet normal 0 0 -1
    outer loop
      vertex 33.02888057440919 -9.883714372249502 0
      vertex 28.89816476267102 -1.6935309867559674 0
      vertex 29.04520190203378 -1.6741731801207536 0
    endloop
  endfacet
  facet normal 0 0 -1
    outer loop
      vertex 33.02888057440919 -9.883714372249502 0
      vertex 29.04520190203378 -1.6741731801207536 0
      vertex 29.189992376674287 -1.6420739046914161 0
    endloop
  endfacet
  facet normal 0 0 -1
    outer loop
      vertex 33.02888057440919 -9.883714372249502 0
      vertex 29.46845104495919 -1.5407232379623048 0
      vertex 29.6 -1.4722431864335457 0
    endloop
  endfacet
  facet normal 0 0 -1
    outer loop
      vertex 33.02888057440919 -9.883714372249502 0
      vertex 29.189992376674287 -1.6420739046914161 0
      vertex 29.331434243653636 -1.5974774553360442 0
    endloop
  endfacet
  facet normal 0 0 -1
    outer loop
      vertex 33.02888057440919 -9.883714372249502 0
      vertex 29.331434243653636 -1.5974774553360442 0
      vertex 29.46845104495919 -1.5407232379623048 0
    endloop
  endfacet
  facet normal 0 0 -1
    outer loop
      vertex 33.02888057440919 -9.883714372249502 0
      vertex 29.6 -1.4722431864335457 0
      vertex 29.72507994179678 -1.392558475291286 0
    endloop
  endfacet
  facet normal 0 0 -1
    outer loop
      vertex 33.02888057440919 -9.883714372249502 0
      vertex 30.222243186433545 -0.85 0
      vertex 30.290723237962304 -0.718451044959189 0
    endloop
  endfacet
  facet normal 0 0 -1
    outer loop
      vertex 33.02888057440919 -9.883714372249502 0
      vertex 30.142558475291285 -0.9750799417967783 0
      vertex 30.222243186433545 -0.85 0
    endloop
  endfacet
  facet normal 0 0 -1
    outer loop
      vertex 33.02888057440919 -9.883714372249502 0
      vertex 30.052275553302263 -1.0927389364671167 0
      vertex 30.142558475291285 -0.9750799417967783 0
    endloop
  endfacet
  facet normal 0 0 -1
    outer loop
      vertex 33.02888057440919 -9.883714372249502 0
      vertex 29.952081528017132 -1.2020815280171309 0
      vertex 30.052275553302263 -1.0927389364671167 0
    endloop
  endfacet
  facet normal 0 -1 0
    outer loop
      vertex 27.500000000000004 -14.95 2.4
      vertex 14.25 -14.95 0.8999999999999999
      vertex 14.25 -14.95 0.20000000000000018
    endloop
  endfacet
  facet normal 0.999048221581858 -0.04361938736533361 0
    outer loop
      vertex 33.050000000000004 -9.399999999999999 2.4
      vertex 33.02888057440919 -9.883714372249502 2.4
      vertex 33.02888057440919 -9.883714372249502 0
    endloop
  endfacet
  facet normal 0.9914448613738096 -0.1305261922200575 0
    outer loop
      vertex 33.02888057440919 -9.883714372249502 2.4
      vertex 32.96568302921776 -10.363747386051461 2.4
      vertex 33.02888057440919 -9.883714372249502 0
    endloop
  endfacet
  facet normal 0.9762960071199365 -0.2164396139380885 -1.7206065740403095e-15
    outer loop
      vertex 32.96568302921776 -10.363747386051461 2.4
      vertex 32.94613456486238 -10.451924810452788 2.4
      vertex 32.860888335904335 -10.836445700318988 0
    endloop
  endfacet
  facet normal 0.9762960071199343 -0.2164396139380988 0
    outer loop
      vertex 32.94613456486238 -10.451924810452788 2.4
      vertex 32.860888335904335 -10.836445700318988 2.4
      vertex 32.860888335904335 -10.836445700318988 0
    endloop
  endfacet
  facet normal 0.9537169507482255 -0.30070579950427784 0
    outer loop
      vertex 32.860888335904335 -10.836445700318988 2.4
      vertex 32.715294045361794 -11.29821179545746 2.4
      vertex 32.860888335904335 -10.836445700318988 0
    endloop
  endfacet
  facet normal 0.04361938736533743 -0.9990482215818578 0
    outer loop
      vertex 27.500000000000004 -14.95 2.4
      vertex 27.500000000000004 -14.95 0
      vertex 27.983714372249505 -14.928880574409186 2.4
    endloop
  endfacet
  facet normal 0.13052619222005343 -0.9914448613738103 0
    outer loop
      vertex 27.983714372249505 -14.928880574409186 2.4
      vertex 28.463747386051466 -14.865683029217752 0
      vertex 28.463747386051466 -14.865683029217752 2.4
    endloop
  endfacet
  facet normal 0.2164396139381031 -0.9762960071199333 7.230017453159404e-16
    outer loop
      vertex 28.463747386051466 -14.865683029217752 2.4
      vertex 28.936445700318995 -14.760888335904328 0
      vertex 28.70775377072158 -14.811588116085588 2.4
    endloop
  endfacet
  facet normal 0.21643961393809588 -0.9762960071199349 0
    outer loop
      vertex 28.70775377072158 -14.811588116085588 2.4
      vertex 28.936445700318995 -14.760888335904328 0
      vertex 28.936445700318995 -14.760888335904328 2.4
    endloop
  endfacet
  facet normal 0.9238795325112859 -0.38268343236509184 4.538267153801051e-16
    outer loop
      vertex 32.715294045361794 -11.29821179545746 2.4
      vertex 32.53000821829207 -11.745531352084708 2.4
      vertex 32.53000821805341 -11.74553135266088 0
    endloop
  endfacet
  facet normal 0.9238801913558758 -0.38268184176967474 0
    outer loop
      vertex 32.53000821805341 -11.74553135266088 2.4
      vertex 32.53000821805341 -11.74553135266088 0
      vertex 32.53000821829207 -11.745531352084708 2.4
    endloop
  endfacet
  facet normal 0.8870108331782313 -0.46174861323501565 0
    outer loop
      vertex 32.53000821805341 -11.74553135266088 2.4
      vertex 32.521703903756304 -11.761483792002373 2.4
      vertex 32.53000821805341 -11.74553135266088 0
    endloop
  endfacet
  facet normal 0.8870108331782242 -0.4617486132350293 -1.1512028588151184e-16
    outer loop
      vertex 32.521703903756304 -11.761483792002373 2.4
      vertex 32.30644099100364 -12.174999999999999 2.4
      vertex 32.53000821805341 -11.74553135266088 0
    endloop
  endfacet
  facet normal 0.7933533402912353 -0.6087614290087207 0
    outer loop
      vertex 31.829227916461427 -12.866235048446782 2.4
      vertex 32.04629384580391 -12.583349221748303 0
      vertex 32.04629384580391 -12.583349221748303 2.4
    endloop
  endfacet
  facet normal 0.7933533402912323 -0.6087614290087243 -7.023791024994535e-16
    outer loop
      vertex 31.751546659310332 -12.96747123376029 2.4
      vertex 32.04629384580391 -12.583349221748303 0
      vertex 31.829227916461427 -12.866235048446782 2.4
    endloop
  endfacet
  facet normal 0.8433914458128837 -0.5372996083468269 0
    outer loop
      vertex 32.30644099100364 -12.174999999999999 2.4
      vertex 32.04629384580391 -12.583349221748303 2.4
      vertex 32.04629384580391 -12.583349221748303 0
    endloop
  endfacet
  facet normal 0.608761429008717 -0.7933533402912379 0
    outer loop
      vertex 30.755913312622386 -13.890613460518065 2.4
      vertex 31.067471233760298 -13.651546659310327 0
      vertex 31.067471233760298 -13.651546659310327 2.4
    endloop
  endfacet
  facet normal 0.608761429008732 -0.7933533402912265 3.0977757607531657e-15
    outer loop
      vertex 30.68334922174831 -13.946293845803904 2.4
      vertex 31.067471233760298 -13.651546659310327 0
      vertex 30.755913312622386 -13.890613460518065 2.4
    endloop
  endfacet
  facet normal 0.4617486132350366 -0.8870108331782204 0
    outer loop
      vertex 29.845531352660885 -14.430008218053405 2.4
      vertex 29.845531352660885 -14.430008218053405 0
      vertex 30.04746474836268 -14.324888345845022 2.4
    endloop
  endfacet
  facet normal 0.3007057995042758 -0.9537169507482262 0
    outer loop
      vertex 29.398211794974472 -14.615294045514077 2.4
      vertex 28.936445700318995 -14.760888335904328 2.4
      vertex 28.936445700318995 -14.760888335904328 0
    endloop
  endfacet
  facet normal 0.30070662679471194 -0.9537166899041429 -1.7499670127261654e-7
    outer loop
      vertex 29.398211795457463 -14.61529404536179 2.4
      vertex 29.398211794974472 -14.615294045514077 2.4
      vertex 28.936445700318995 -14.760888335904328 0
    endloop
  endfacet
  facet normal 0.38268343236508856 -0.9238795325112873 0
    outer loop
      vertex 29.845531352660885 -14.430008218053405 2.4
      vertex 29.398211795457463 -14.61529404536179 2.4
      vertex 29.845531352660885 -14.430008218053405 0
    endloop
  endfacet
  facet normal 0.4617486132350356 -0.8870108331782208 1.0143824998681829e-16
    outer loop
      vertex 30.275000000000002 -14.206440991003632 2.4
      vertex 30.04746474836268 -14.324888345845022 2.4
      vertex 29.845531352660885 -14.430008218053405 0
    endloop
  endfacet
  facet normal 0.5372996083468199 -0.8433914458128882 0
    outer loop
      vertex 30.68334922174831 -13.946293845803904 2.4
      vertex 30.275000000000002 -14.206440991003632 2.4
      vertex 30.68334922174831 -13.946293845803904 0
    endloop
  endfacet
  facet normal 0.6755902076156589 -0.7372773368101253 0
    outer loop
      vertex 31.424442635585343 -13.324442635585338 2.4
      vertex 31.067471233760298 -13.651546659310327 2.4
      vertex 31.424442635585343 -13.324442635585338 0
    endloop
  endfacet
  facet normal 0.737277336810127 -0.6755902076156571 0
    outer loop
      vertex 31.751546659310332 -12.96747123376029 2.4
      vertex 31.424442635585343 -13.324442635585338 2.4
      vertex 31.424442635585343 -13.324442635585338 0
    endloop
  endfacet
  facet normal 0 -1 0
    outer loop
      vertex 27.500000000000004 -14.95 2.4
      vertex 14.25 -14.95 0.20000000000000018
      vertex 27.500000000000004 -14.95 0
    endloop
  endfacet
  facet normal 0 -1 0
    outer loop
      vertex 27.500000000000004 -14.95 0
      vertex 14.25 -14.95 0.20000000000000018
      vertex 9.75 -14.95 0.20000000000000018
    endloop
  endfacet
  facet normal 0.999048221581858 -0.04361938736533361 0
    outer loop
      vertex 33.050000000000004 -9.399999999999999 2.4
      vertex 33.02888057440919 -9.883714372249502 0
      vertex 33.050000000000004 -9.399999999999999 0
    endloop
  endfacet
  facet normal 0.9914448613738096 -0.1305261922200575 0
    outer loop
      vertex 32.96568302921776 -10.363747386051461 2.4
      vertex 32.96568302921776 -10.363747386051461 0
      vertex 33.02888057440919 -9.883714372249502 0
    endloop
  endfacet
  facet normal 0.9762960071199347 -0.21643961393809688 0
    outer loop
      vertex 32.96568302921776 -10.363747386051461 2.4
      vertex 32.860888335904335 -10.836445700318988 0
      vertex 32.96568302921776 -10.363747386051461 0
    endloop
  endfacet
  facet normal 0.9537169507482255 -0.30070579950427784 0
    outer loop
      vertex 32.715294045361794 -11.29821179545746 2.4
      vertex 32.715294045361794 -11.29821179545746 0
      vertex 32.860888335904335 -10.836445700318988 0
    endloop
  endfacet
  facet normal 0 0 -1
    outer loop
      vertex 33.02888057440919 -9.883714372249502 0
      vertex 27.500000000000004 -14.95 0
      vertex 28.89816476267102 -1.6935309867559674 0
    endloop
  endfacet
  facet normal 0 0 -1
    outer loop
      vertex 33.02888057440919 -9.883714372249502 0
      vertex 32.96568302921776 -10.363747386051461 0
      vertex 32.860888335904335 -10.836445700318988 0
    endloop
  endfacet
  facet normal 0 0 -1
    outer loop
      vertex 33.02888057440919 -9.883714372249502 0
      vertex 32.860888335904335 -10.836445700318988 0
      vertex 32.53000821805341 -11.74553135266088 0
    endloop
  endfacet
  facet normal 0.04361938736533743 -0.9990482215818578 0
    outer loop
      vertex 27.983714372249505 -14.928880574409186 2.4
      vertex 27.500000000000004 -14.95 0
      vertex 27.983714372249505 -14.928880574409186 0
    endloop
  endfacet
  facet normal 0.13052619222005343 -0.9914448613738103 0
    outer loop
      vertex 27.983714372249505 -14.928880574409186 2.4
      vertex 27.983714372249505 -14.928880574409186 0
      vertex 28.463747386051466 -14.865683029217752 0
    endloop
  endfacet
  facet normal 0.2164396139380996 -0.976296007119934 0
    outer loop
      vertex 28.463747386051466 -14.865683029217752 2.4
      vertex 28.463747386051466 -14.865683029217752 0
      vertex 28.936445700318995 -14.760888335904328 0
    endloop
  endfacet
  facet normal 0.9238795325112867 -0.38268343236508984 0
    outer loop
      vertex 32.715294045361794 -11.29821179545746 2.4
      vertex 32.53000821805341 -11.74553135266088 0
      vertex 32.715294045361794 -11.29821179545746 0
    endloop
  endfacet
  facet normal 0.8870108331782243 -0.46174861323502875 0
    outer loop
      vertex 32.30644099100364 -12.174999999999999 2.4
      vertex 32.30644099100364 -12.174999999999999 0
      vertex 32.53000821805341 -11.74553135266088 0
    endloop
  endfacet
  facet normal 0.7933533402912345 -0.6087614290087217 0
    outer loop
      vertex 31.751546659310332 -12.96747123376029 2.4
      vertex 31.751546659310332 -12.96747123376029 0
      vertex 32.04629384580391 -12.583349221748303 0
    endloop
  endfacet
  facet normal 0.8433914458128837 -0.5372996083468269 0
    outer loop
      vertex 32.30644099100364 -12.174999999999999 2.4
      vertex 32.04629384580391 -12.583349221748303 0
      vertex 32.30644099100364 -12.174999999999999 0
    endloop
  endfacet
  facet normal 0.6087614290087198 -0.7933533402912357 0
    outer loop
      vertex 30.68334922174831 -13.946293845803904 2.4
      vertex 30.68334922174831 -13.946293845803904 0
      vertex 31.067471233760298 -13.651546659310327 0
    endloop
  endfacet
  facet normal 0.30070579950427667 -0.9537169507482258 0
    outer loop
      vertex 29.398211795457463 -14.61529404536179 2.4
      vertex 28.936445700318995 -14.760888335904328 0
      vertex 29.398211795457463 -14.61529404536179 0
    endloop
  endfacet
  facet normal 0.38268343236508856 -0.9238795325112873 0
    outer loop
      vertex 29.398211795457463 -14.61529404536179 2.4
      vertex 29.398211795457463 -14.61529404536179 0
      vertex 29.845531352660885 -14.430008218053405 0
    endloop
  endfacet
  facet normal 0.5372996083468199 -0.8433914458128882 0
    outer loop
      vertex 30.275000000000002 -14.206440991003632 2.4
      vertex 30.275000000000002 -14.206440991003632 0
      vertex 30.68334922174831 -13.946293845803904 0
    endloop
  endfacet
  facet normal 0.4617486132350361 -0.8870108331782206 0
    outer loop
      vertex 30.275000000000002 -14.206440991003632 2.4
      vertex 29.845531352660885 -14.430008218053405 0
      vertex 30.275000000000002 -14.206440991003632 0
    endloop
  endfacet
  facet normal 0.6755902076156589 -0.7372773368101253 0
    outer loop
      vertex 31.067471233760298 -13.651546659310327 2.4
      vertex 31.067471233760298 -13.651546659310327 0
      vertex 31.424442635585343 -13.324442635585338 0
    endloop
  endfacet
  facet normal 0.737277336810127 -0.6755902076156571 0
    outer loop
      vertex 31.751546659310332 -12.96747123376029 2.4
      vertex 31.424442635585343 -13.324442635585338 0
      vertex 31.751546659310332 -12.96747123376029 0
    endloop
  endfacet
  facet normal 0 0 -1
    outer loop
      vertex 27.500000000000004 -14.95 0
      vertex 28.463747386051466 -14.865683029217752 0
      vertex 27.983714372249505 -14.928880574409186 0
    endloop
  endfacet
  facet normal 0 0 -1
    outer loop
      vertex 27.500000000000004 -14.95 0
      vertex 28.936445700318995 -14.760888335904328 0
      vertex 28.463747386051466 -14.865683029217752 0
    endloop
  endfacet
  facet normal 0 0 -1
    outer loop
      vertex 27.500000000000004 -14.95 0
      vertex 29.845531352660885 -14.430008218053405 0
      vertex 28.936445700318995 -14.760888335904328 0
    endloop
  endfacet
  facet normal 0 0 -1
    outer loop
      vertex 33.02888057440919 -9.883714372249502 0
      vertex 31.424442635585343 -13.324442635585338 0
      vertex 27.500000000000004 -14.95 0
    endloop
  endfacet
  facet normal 0 0 -1
    outer loop
      vertex 33.02888057440919 -9.883714372249502 0
      vertex 32.53000821805341 -11.74553135266088 0
      vertex 31.424442635585343 -13.324442635585338 0
    endloop
  endfacet
  facet normal 0 0 -1
    outer loop
      vertex 32.860888335904335 -10.836445700318988 0
      vertex 32.715294045361794 -11.29821179545746 0
      vertex 32.53000821805341 -11.74553135266088 0
    endloop
  endfacet
  facet normal 0 0 -1
    outer loop
      vertex 32.53000821805341 -11.74553135266088 0
      vertex 32.04629384580391 -12.583349221748303 0
      vertex 31.424442635585343 -13.324442635585338 0
    endloop
  endfacet
  facet normal 0 0 -1
    outer loop
      vertex 31.751546659310332 -12.96747123376029 0
      vertex 31.424442635585343 -13.324442635585338 0
      vertex 32.04629384580391 -12.583349221748303 0
    endloop
  endfacet
  facet normal 0 0 -1
    outer loop
      vertex 32.53000821805341 -11.74553135266088 0
      vertex 32.30644099100364 -12.174999999999999 0
      vertex 32.04629384580391 -12.583349221748303 0
    endloop
  endfacet
  facet normal 0 0 -1
    outer loop
      vertex 30.68334922174831 -13.946293845803904 0
      vertex 29.845531352660885 -14.430008218053405 0
      vertex 31.424442635585343 -13.324442635585338 0
    endloop
  endfacet
  facet normal 0 0 -1
    outer loop
      vertex 27.500000000000004 -14.95 0
      vertex 31.424442635585343 -13.324442635585338 0
      vertex 29.845531352660885 -14.430008218053405 0
    endloop
  endfacet
  facet normal 0 0 -1
    outer loop
      vertex 29.845531352660885 -14.430008218053405 0
      vertex 29.398211795457463 -14.61529404536179 0
      vertex 28.936445700318995 -14.760888335904328 0
    endloop
  endfacet
  facet normal 0 0 -1
    outer loop
      vertex 30.68334922174831 -13.946293845803904 0
      vertex 30.275000000000002 -14.206440991003632 0
      vertex 29.845531352660885 -14.430008218053405 0
    endloop
  endfacet
  facet normal 0 0 -1
    outer loop
      vertex 30.68334922174831 -13.946293845803904 0
      vertex 31.424442635585343 -13.324442635585338 0
      vertex 31.067471233760298 -13.651546659310327 0
    endloop
  endfacet
  facet normal 0 0 1
    outer loop
      vertex -31.067471235990524 13.651546657085419 4
      vertex -31.424442633986473 13.324442632496357 4
      vertex -30.57591449469328 12.475914493203163 4
    endloop
  endfacet
  facet normal 0 0 1
    outer loop
      vertex -29.398211792111397 14.6152940467 4
      vertex -29.845531351864338 14.430008217692375 4
      vertex -29.338389441370964 13.342438869178295 4
    endloop
  endfacet
  facet normal 0 0 1
    outer loop
      vertex -28.93644569814205 14.76088833808899 4
      vertex -29.398211792111397 14.6152940467 4
      vertex -28.987787626683712 13.487662896513939 4
    endloop
  endfacet
  facet normal 0 0 1
    outer loop
      vertex -30.274999998509884 14.20644099265337 4
      vertex -30.68334922194481 13.946293845772743 4
      vertex -29.995057500898838 12.96331138908863 4
    endloop
  endfacet
  facet normal 0 0 1
    outer loop
      vertex -31.067471235990524 13.651546657085419 4
      vertex -30.2961261048913 12.73229332268238 4
      vertex -30.68334922194481 13.946293845772743 4
    endloop
  endfacet
  facet normal 0 0 1
    outer loop
      vertex -30.274999998509884 14.20644099265337 4
      vertex -29.995057500898838 12.96331138908863 4
      vertex -29.674999997019768 13.167210504412651 4
    endloop
  endfacet
  facet normal 0 0 1
    outer loop
      vertex -30.68334922194481 13.946293845772743 4
      vertex -30.2961261048913 12.73229332268238 4
      vertex -29.995057500898838 12.96331138908863 4
    endloop
  endfacet
  facet normal 0 0 1
    outer loop
      vertex -30.274999998509884 14.20644099265337 4
      vertex -29.674999997019768 13.167210504412651 4
      vertex -29.845531351864338 14.430008217692375 4
    endloop
  endfacet
  facet normal 0 0 1
    outer loop
      vertex -29.845531351864338 14.430008217692375 4
      vertex -29.674999997019768 13.167210504412651 4
      vertex -29.338389441370964 13.342438869178295 4
    endloop
  endfacet
  facet normal 0 0 1
    outer loop
      vertex -29.398211792111397 14.6152940467 4
      vertex -29.338389441370964 13.342438869178295 4
      vertex -28.987787626683712 13.487662896513939 4
    endloop
  endfacet
  facet normal 0 0 1
    outer loop
      vertex -31.424442633986473 13.324442632496357 4
      vertex -31.751546658575535 12.967471234500408 4
      vertex -30.832293324172497 12.196126103401184 4
    endloop
  endfacet
  facet normal 0 0 1
    outer loop
      vertex -32.04629384726286 12.583349220454693 4
      vertex -30.832293324172497 12.196126103401184 4
      vertex -31.751546658575535 12.967471234500408 4
    endloop
  endfacet
  facet normal 0 0 1
    outer loop
      vertex -32.04629384726286 12.583349220454693 4
      vertex -32.306440994143486 12.174999997019768 4
      vertex -31.063311390578747 11.895057499408722 4
    endloop
  endfacet
  facet normal 0 0 1
    outer loop
      vertex -32.04629384726286 12.583349220454693 4
      vertex -31.063311390578747 11.895057499408722 4
      vertex -30.832293324172497 12.196126103401184 4
    endloop
  endfacet
  facet normal 0 0 1
    outer loop
      vertex -32.306440994143486 12.174999997019768 4
      vertex -32.53000821918249 11.745531350374222 4
      vertex -31.267210505902767 11.574999995529652 4
    endloop
  endfacet
  facet normal 0 0 1
    outer loop
      vertex -32.53000821918249 11.745531350374222 4
      vertex -32.71529404819012 11.29821179062128 4
      vertex -31.44243887066841 11.238389439880848 4
    endloop
  endfacet
  facet normal 0 0 1
    outer loop
      vertex -32.306440994143486 12.174999997019768 4
      vertex -31.267210505902767 11.574999995529652 4
      vertex -31.063311390578747 11.895057499408722 4
    endloop
  endfacet
  facet normal 0 0 1
    outer loop
      vertex -32.53000821918249 11.745531350374222 4
      vertex -31.44243887066841 11.238389439880848 4
      vertex -31.267210505902767 11.574999995529652 4
    endloop
  endfacet
  facet normal 0 0 1
    outer loop
      vertex -31.067471235990524 13.651546657085419 4
      vertex -30.57591449469328 12.475914493203163 4
      vertex -30.2961261048913 12.73229332268238 4
    endloop
  endfacet
  facet normal 0 0 1
    outer loop
      vertex -31.424442633986473 13.324442632496357 4
      vertex -30.832293324172497 12.196126103401184 4
      vertex -30.57591449469328 12.475914493203163 4
    endloop
  endfacet
  facet normal 0 0 1
    outer loop
      vertex -28.463747389614582 14.865683026611805 4
      vertex -28.25536957383156 13.683913722634315 4
      vertex -27.983714371919632 14.92888057231903 4
    endloop
  endfacet
  facet normal 0 0 1
    outer loop
      vertex -28.93644569814205 14.76088833808899 4
      vertex -28.62586284428835 13.601777344942093 4
      vertex -28.463747389614582 14.865683026611805 4
    endloop
  endfacet
  facet normal 0 0 1
    outer loop
      vertex -28.463747389614582 14.865683026611805 4
      vertex -28.62586284428835 13.601777344942093 4
      vertex -28.25536957383156 13.683913722634315 4
    endloop
  endfacet
  facet normal 0 0 1
    outer loop
      vertex -27.983714371919632 14.92888057231903 4
      vertex -28.25536957383156 13.683913722634315 4
      vertex -27.879127480089664 13.733446933329105 4
    endloop
  endfacet
  facet normal 0 0 1
    outer loop
      vertex -27.983714371919632 14.92888057231903 4
      vertex -27.879127480089664 13.733446933329105 4
      vertex -27.5 14.949999995529652 4
    endloop
  endfacet
  facet normal 0 0 1
    outer loop
      vertex -27.5 14.949999995529652 4
      vertex -27.879127480089664 13.733446933329105 4
      vertex -27.5 13.75 4
    endloop
  endfacet
  facet normal 0 0 1
    outer loop
      vertex -28.93644569814205 14.76088833808899 4
      vertex -28.987787626683712 13.487662896513939 4
      vertex -28.62586284428835 13.601777344942093 4
    endloop
  endfacet
  facet normal -0.737277332311594 0.6755902125249442 0
    outer loop
      vertex -31.424442633986473 13.324442632496357 4
      vertex -31.751546658575535 12.967471234500408 2.4
      vertex -31.751546658575535 12.967471234500408 4
    endloop
  endfacet
  facet normal -0.6755902125249442 0.737277332311594 0
    outer loop
      vertex -31.067471235990524 13.651546657085419 4
      vertex -31.424442633986473 13.324442632496357 2.4
      vertex -31.424442633986473 13.324442632496357 4
    endloop
  endfacet
  facet normal -0.5372996092376978 0.8433914452453365 0
    outer loop
      vertex -30.274999998509884 14.20644099265337 4
      vertex -30.68334922194481 13.946293845772743 2.4
      vertex -30.68334922194481 13.946293845772743 4
    endloop
  endfacet
  facet normal -0.4617486105542323 0.8870108345737587 0
    outer loop
      vertex -30.274999998509884 14.20644099265337 4
      vertex -29.845531351864338 14.430008217692375 4
      vertex -30.274999998509884 14.20644099265337 2.4
    endloop
  endfacet
  facet normal -0.38268343349898004 0.9238795320416141 0
    outer loop
      vertex -29.398211792111397 14.6152940467 4
      vertex -29.845531351864338 14.430008217692375 2.4
      vertex -29.845531351864338 14.430008217692375 4
    endloop
  endfacet
  facet normal -0.30070580178692446 0.9537169500285098 0
    outer loop
      vertex -28.93644569814205 14.76088833808899 4
      vertex -29.398211792111397 14.6152940467 2.4
      vertex -29.398211792111397 14.6152940467 4
    endloop
  endfacet
  facet normal -0.6087614298318748 0.7933533396596067 0
    outer loop
      vertex -31.067471235990524 13.651546657085419 4
      vertex -30.68334922194481 13.946293845772743 4
      vertex -31.067471235990524 13.651546657085419 2.4
    endloop
  endfacet
  facet normal 0.4617486145349047 -0.8870108325015518 0
    outer loop
      vertex -29.674999997019768 13.167210504412651 4
      vertex -29.674999997019768 13.167210504412651 2.4
      vertex -29.338389441370964 13.342438869178295 4
    endloop
  endfacet
  facet normal 0.38268343393856596 -0.9238795318595315 0
    outer loop
      vertex -29.338389441370964 13.342438869178295 4
      vertex -29.338389441370964 13.342438869178295 2.4
      vertex -28.987787626683712 13.487662896513939 4
    endloop
  endfacet
  facet normal -0.8433914452453365 0.5372996092376978 0
    outer loop
      vertex -32.04629384726286 12.583349220454693 4
      vertex -32.306440994143486 12.174999997019768 2.4
      vertex -32.306440994143486 12.174999997019768 4
    endloop
  endfacet
  facet normal -0.7933533396596067 0.6087614298318748 0
    outer loop
      vertex -32.04629384726286 12.583349220454693 4
      vertex -31.751546658575535 12.967471234500408 4
      vertex -32.04629384726286 12.583349220454693 2.4
    endloop
  endfacet
  facet normal -0.8870108345737587 0.4617486105542323 0
    outer loop
      vertex -32.306440994143486 12.174999997019768 4
      vertex -32.53000821918249 11.745531350374222 2.4
      vertex -32.53000821918249 11.745531350374222 4
    endloop
  endfacet
  facet normal -0.9238795320416141 0.38268343349898004 0
    outer loop
      vertex -32.53000821918249 11.745531350374222 4
      vertex -32.71529404819012 11.29821179062128 2.4
      vertex -32.71529404819012 11.29821179062128 4
    endloop
  endfacet
  facet normal 0.79335333859899 -0.6087614312140974 0
    outer loop
      vertex -31.063311390578747 11.895057499408722 4
      vertex -31.063311390578747 11.895057499408722 2.4
      vertex -30.832293324172497 12.196126103401184 4
    endloop
  endfacet
  facet normal 0.8433914483750001 -0.5372996043251097 0
    outer loop
      vertex -31.063311390578747 11.895057499408722 4
      vertex -31.267210505902767 11.574999995529652 4
      vertex -31.267210505902767 11.574999995529652 2.4
    endloop
  endfacet
  facet normal 0.8870108325015518 -0.4617486145349047 0
    outer loop
      vertex -31.267210505902767 11.574999995529652 4
      vertex -31.44243887066841 11.238389439880848 4
      vertex -31.44243887066841 11.238389439880848 2.4
    endloop
  endfacet
  facet normal 0.6087614312140974 -0.79335333859899 0
    outer loop
      vertex -29.995057500898838 12.96331138908863 4
      vertex -30.2961261048913 12.73229332268238 4
      vertex -30.2961261048913 12.73229332268238 2.4
    endloop
  endfacet
  facet normal 0.6755902158884972 -0.7372773292294654 0
    outer loop
      vertex -30.2961261048913 12.73229332268238 4
      vertex -30.57591449469328 12.475914493203163 4
      vertex -30.57591449469328 12.475914493203163 2.4
    endloop
  endfacet
  facet normal 0.7372773292294654 -0.6755902158884972 0
    outer loop
      vertex -30.57591449469328 12.475914493203163 4
      vertex -30.832293324172497 12.196126103401184 4
      vertex -30.832293324172497 12.196126103401184 2.4
    endloop
  endfacet
  facet normal 0.5372996043251097 -0.8433914483750001 0
    outer loop
      vertex -29.674999997019768 13.167210504412651 4
      vertex -29.995057500898838 12.96331138908863 4
      vertex -29.995057500898838 12.96331138908863 2.4
    endloop
  endfacet
  facet normal -0.2164396070123822 0.9762960086553286 0
    outer loop
      vertex -28.93644569814205 14.76088833808899 4
      vertex -28.463747389614582 14.865683026611805 4
      vertex -28.93644569814205 14.76088833808899 2.4
    endloop
  endfacet
  facet normal -0.13052619222669237 0.9914448613729361 0
    outer loop
      vertex -28.463747389614582 14.865683026611805 4
      vertex -27.983714371919632 14.92888057231903 4
      vertex -28.463747389614582 14.865683026611805 2.4
    endloop
  endfacet
  facet normal -0.043619382488407826 0.999048221794789 0
    outer loop
      vertex -27.983714371919632 14.92888057231903 4
      vertex -27.5 14.949999995529652 4
      vertex -27.983714371919632 14.92888057231903 2.4
    endloop
  endfacet
  facet normal 0.21643960662114065 -0.9762960087420649 0
    outer loop
      vertex -28.62586284428835 13.601777344942093 4
      vertex -28.62586284428835 13.601777344942093 2.4
      vertex -28.25536957383156 13.683913722634315 4
    endloop
  endfacet
  facet normal 0.13052619055235393 -0.9914448615933669 0
    outer loop
      vertex -28.25536957383156 13.683913722634315 4
      vertex -28.25536957383156 13.683913722634315 2.4
      vertex -27.879127480089664 13.733446933329105 4
    endloop
  endfacet
  facet normal 0.300705806391866 -0.9537169485765772 0
    outer loop
      vertex -28.987787626683712 13.487662896513939 4
      vertex -28.987787626683712 13.487662896513939 2.4
      vertex -28.62586284428835 13.601777344942093 4
    endloop
  endfacet
  facet normal 0.043619396327838546 -0.9990482211905464 0
    outer loop
      vertex -27.879127480089664 13.733446933329105 4
      vertex -27.879127480089664 13.733446933329105 2.4
      vertex -27.5 13.75 4
    endloop
  endfacet
  facet normal 0 0 1
    outer loop
      vertex -32.71529404819012 11.29821179062128 4
      vertex -32.860888339579105 10.836445696651936 4
      vertex -31.587662898004055 10.887787625193596 4
    endloop
  endfacet
  facet normal 0 0 1
    outer loop
      vertex -32.860888339579105 10.836445696651936 4
      vertex -31.70177734643221 10.525862842798233 4
      vertex -31.587662898004055 10.887787625193596 4
    endloop
  endfacet
  facet normal 0 0 1
    outer loop
      vertex -32.860888339579105 10.836445696651936 4
      vertex -32.96568302810192 10.363747388124466 4
      vertex -31.70177734643221 10.525862842798233 4
    endloop
  endfacet
  facet normal 0 0 1
    outer loop
      vertex -32.96568302810192 10.363747388124466 4
      vertex -31.78391372412443 10.155369572341442 4
      vertex -31.70177734643221 10.525862842798233 4
    endloop
  endfacet
  facet normal 0 0 1
    outer loop
      vertex -32.71529404819012 11.29821179062128 4
      vertex -31.587662898004055 10.887787625193596 4
      vertex -31.44243887066841 11.238389439880848 4
    endloop
  endfacet
  facet normal 0 0 1
    outer loop
      vertex -32.96568302810192 10.363747388124466 4
      vertex -33.02888057380915 9.883714370429516 4
      vertex -31.78391372412443 10.155369572341442 4
    endloop
  endfacet
  facet normal 0 0 1
    outer loop
      vertex -33.02888057380915 9.883714370429516 4
      vertex -31.83344693481922 9.779127478599548 4
      vertex -31.78391372412443 10.155369572341442 4
    endloop
  endfacet
  facet normal 0 0 1
    outer loop
      vertex -33.02888057380915 9.883714370429516 4
      vertex -33.04999999701977 9.399999998509884 4
      vertex -31.83344693481922 9.779127478599548 4
    endloop
  endfacet
  facet normal 0 0 1
    outer loop
      vertex -33.04999999701977 9.399999998509884 4
      vertex -31.850000001490116 9.399999998509884 4
      vertex -31.83344693481922 9.779127478599548 4
    endloop
  endfacet
  facet normal -0.9537169500285098 0.30070580178692446 0
    outer loop
      vertex -32.71529404819012 11.29821179062128 4
      vertex -32.860888339579105 10.836445696651936 2.4
      vertex -32.860888339579105 10.836445696651936 4
    endloop
  endfacet
  facet normal -0.9762960086553286 0.2164396070123822 0
    outer loop
      vertex -32.860888339579105 10.836445696651936 4
      vertex -32.96568302810192 10.363747388124466 2.4
      vertex -32.96568302810192 10.363747388124466 4
    endloop
  endfacet
  facet normal 0.9238795318595315 -0.38268343393856596 0
    outer loop
      vertex -31.44243887066841 11.238389439880848 4
      vertex -31.587662898004055 10.887787625193596 4
      vertex -31.587662898004055 10.887787625193596 2.4
    endloop
  endfacet
  facet normal 0.9537169485765772 -0.300705806391866 0
    outer loop
      vertex -31.587662898004055 10.887787625193596 4
      vertex -31.70177734643221 10.525862842798233 4
      vertex -31.70177734643221 10.525862842798233 2.4
    endloop
  endfacet
  facet normal 0.9762960087420649 -0.21643960662114065 0
    outer loop
      vertex -31.70177734643221 10.525862842798233 4
      vertex -31.78391372412443 10.155369572341442 4
      vertex -31.78391372412443 10.155369572341442 2.4
    endloop
  endfacet
  facet normal -0.9914448613729361 0.13052619222669237 0
    outer loop
      vertex -32.96568302810192 10.363747388124466 4
      vertex -33.02888057380915 9.883714370429516 2.4
      vertex -33.02888057380915 9.883714370429516 4
    endloop
  endfacet
  facet normal -0.999048221794789 0.043619382488407826 0
    outer loop
      vertex -33.02888057380915 9.883714370429516 4
      vertex -33.04999999701977 9.399999998509884 2.4
      vertex -33.04999999701977 9.399999998509884 4
    endloop
  endfacet
  facet normal 0.9914448615933669 -0.13052619055235393 0
    outer loop
      vertex -31.78391372412443 10.155369572341442 4
      vertex -31.83344693481922 9.779127478599548 4
      vertex -31.83344693481922 9.779127478599548 2.4
    endloop
  endfacet
  facet normal 0.9990482211905464 -0.043619396327838546 0
    outer loop
      vertex -31.83344693481922 9.779127478599548 4
      vertex -31.850000001490116 9.399999998509884 4
      vertex -31.850000001490116 9.399999998509884 2.4
    endloop
  endfacet
  facet normal -0.737277332311594 0.6755902125249442 0
    outer loop
      vertex -31.424442633986473 13.324442632496357 4
      vertex -31.424442633986473 13.324442632496357 2.4
      vertex -31.751546658575535 12.967471234500408 2.4
    endloop
  endfacet
  facet normal -0.6755902125249442 0.737277332311594 0
    outer loop
      vertex -31.067471235990524 13.651546657085419 4
      vertex -31.067471235990524 13.651546657085419 2.4
      vertex -31.424442633986473 13.324442632496357 2.4
    endloop
  endfacet
  facet normal -0.46174861055423033 0.8870108345737597 -6.255358799994782e-16
    outer loop
      vertex -29.845531351864338 14.430008217692375 4
      vertex -30.04746474836268 14.324888345845022 2.4
      vertex -30.274999998509884 14.20644099265337 2.4
    endloop
  endfacet
  facet normal -0.5372996092376978 0.8433914452453365 0
    outer loop
      vertex -30.274999998509884 14.20644099265337 4
      vertex -30.274999998509884 14.20644099265337 2.4
      vertex -30.68334922194481 13.946293845772743 2.4
    endloop
  endfacet
  facet normal -0.38268343349898054 0.9238795320416138 1.7161859790116091e-16
    outer loop
      vertex -29.398211792111397 14.6152940467 4
      vertex -29.398211794974472 14.615294045514077 2.4
      vertex -29.845531351864338 14.430008217692375 2.4
    endloop
  endfacet
  facet normal -0.38268335163698897 0.9238795659499569 0
    outer loop
      vertex -29.398211792111397 14.6152940467 4
      vertex -29.398211792111397 14.6152940467 2.4
      vertex -29.398211794974472 14.615294045514077 2.4
    endloop
  endfacet
  facet normal -0.30070580178692446 0.9537169500285098 0
    outer loop
      vertex -28.93644569814205 14.76088833808899 4
      vertex -28.93644569814205 14.76088833808899 2.4
      vertex -29.398211792111397 14.6152940467 2.4
    endloop
  endfacet
  facet normal -0.46174861055423444 0.8870108345737576 0
    outer loop
      vertex -29.845531351864338 14.430008217692375 4
      vertex -29.845531351864338 14.430008217692375 2.4
      vertex -30.04746474836268 14.324888345845022 2.4
    endloop
  endfacet
  facet normal -0.6087614298318728 0.7933533396596083 -7.509430997279128e-16
    outer loop
      vertex -30.68334922194481 13.946293845772743 4
      vertex -30.755913312622386 13.890613460518065 2.4
      vertex -31.067471235990524 13.651546657085419 2.4
    endloop
  endfacet
  facet normal -0.6087614298318833 0.7933533396596002 0
    outer loop
      vertex -30.68334922194481 13.946293845772743 4
      vertex -30.68334922194481 13.946293845772743 2.4
      vertex -30.755913312622386 13.890613460518065 2.4
    endloop
  endfacet
  facet normal 0.5372996043251097 -0.8433914483750001 0
    outer loop
      vertex -29.674999997019768 13.167210504412651 4
      vertex -29.995057500898838 12.96331138908863 2.4
      vertex -29.674999997019768 13.167210504412651 2.4
    endloop
  endfacet
  facet normal 0.4617486145349047 -0.8870108325015518 0
    outer loop
      vertex -29.338389441370964 13.342438869178295 4
      vertex -29.674999997019768 13.167210504412651 2.4
      vertex -29.338389441370964 13.342438869178295 2.4
    endloop
  endfacet
  facet normal 0.38268343393856596 -0.9238795318595315 0
    outer loop
      vertex -28.987787626683712 13.487662896513939 4
      vertex -29.338389441370964 13.342438869178295 2.4
      vertex -28.987787626683712 13.487662896513939 2.4
    endloop
  endfacet
  facet normal -0.8433914452453365 0.5372996092376978 0
    outer loop
      vertex -32.04629384726286 12.583349220454693 4
      vertex -32.04629384726286 12.583349220454693 2.4
      vertex -32.306440994143486 12.174999997019768 2.4
    endloop
  endfacet
  facet normal -0.793353339659603 0.6087614298318798 0
    outer loop
      vertex -31.751546658575535 12.967471234500408 4
      vertex -31.751546658575535 12.967471234500408 2.4
      vertex -31.829227916461427 12.866235048446782 2.4
    endloop
  endfacet
  facet normal -0.7933533396596082 0.6087614298318731 6.750232182144594e-16
    outer loop
      vertex -31.751546658575535 12.967471234500408 4
      vertex -31.829227916461427 12.866235048446782 2.4
      vertex -32.04629384726286 12.583349220454693 2.4
    endloop
  endfacet
  facet normal -0.8870108345737584 0.46174861055423283 0
    outer loop
      vertex -32.306440994143486 12.174999997019768 4
      vertex -32.306440994143486 12.174999997019768 2.4
      vertex -32.521703903756304 11.761483792002373 2.4
    endloop
  endfacet
  facet normal -0.8870106078895151 0.4617490460103298 -1.5292851442766025e-7
    outer loop
      vertex -32.306440994143486 12.174999997019768 4
      vertex -32.53000821829207 11.745531352084708 2.4
      vertex -32.53000821918249 11.745531350374222 2.4
    endloop
  endfacet
  facet normal -0.8870108345737912 0.4617486105541699 2.0738174418231345e-14
    outer loop
      vertex -32.306440994143486 12.174999997019768 4
      vertex -32.521703903756304 11.761483792002373 2.4
      vertex -32.53000821829207 11.745531352084708 2.4
    endloop
  endfacet
  facet normal -0.9238795320416141 0.38268343349898004 0
    outer loop
      vertex -32.53000821918249 11.745531350374222 4
      vertex -32.53000821918249 11.745531350374222 2.4
      vertex -32.71529404819012 11.29821179062128 2.4
    endloop
  endfacet
  facet normal 0.8433914483750001 -0.5372996043251097 0
    outer loop
      vertex -31.063311390578747 11.895057499408722 4
      vertex -31.267210505902767 11.574999995529652 2.4
      vertex -31.063311390578747 11.895057499408722 2.4
    endloop
  endfacet
  facet normal 0.8870108325015518 -0.4617486145349047 0
    outer loop
      vertex -31.267210505902767 11.574999995529652 4
      vertex -31.44243887066841 11.238389439880848 2.4
      vertex -31.267210505902767 11.574999995529652 2.4
    endloop
  endfacet
  facet normal 0.6087614312140974 -0.79335333859899 0
    outer loop
      vertex -29.995057500898838 12.96331138908863 4
      vertex -30.2961261048913 12.73229332268238 2.4
      vertex -29.995057500898838 12.96331138908863 2.4
    endloop
  endfacet
  facet normal 0.6755902158884972 -0.7372773292294654 0
    outer loop
      vertex -30.2961261048913 12.73229332268238 4
      vertex -30.57591449469328 12.475914493203163 2.4
      vertex -30.2961261048913 12.73229332268238 2.4
    endloop
  endfacet
  facet normal 0.7372773292294654 -0.6755902158884972 0
    outer loop
      vertex -30.57591449469328 12.475914493203163 4
      vertex -30.832293324172497 12.196126103401184 2.4
      vertex -30.57591449469328 12.475914493203163 2.4
    endloop
  endfacet
  facet normal 0.79335333859899 -0.6087614312140974 0
    outer loop
      vertex -30.832293324172497 12.196126103401184 4
      vertex -31.063311390578747 11.895057499408722 2.4
      vertex -30.832293324172497 12.196126103401184 2.4
    endloop
  endfacet
  facet normal -0.21643960701238008 0.9762960086553292 -6.572480353931227e-16
    outer loop
      vertex -28.463747389614582 14.865683026611805 4
      vertex -28.70775377072158 14.811588116085588 2.4
      vertex -28.93644569814205 14.76088833808899 2.4
    endloop
  endfacet
  facet normal -0.21643960701238427 0.9762960086553282 0
    outer loop
      vertex -28.463747389614582 14.865683026611805 4
      vertex -28.463747389614582 14.865683026611805 2.4
      vertex -28.70775377072158 14.811588116085588 2.4
    endloop
  endfacet
  facet normal -0.13052619222669237 0.9914448613729361 0
    outer loop
      vertex -27.983714371919632 14.92888057231903 4
      vertex -27.983714371919632 14.92888057231903 2.4
      vertex -28.463747389614582 14.865683026611805 2.4
    endloop
  endfacet
  facet normal -0.043619382488407826 0.999048221794789 0
    outer loop
      vertex -27.5 14.949999995529652 4
      vertex -27.5 14.949999995529652 2.4
      vertex -27.983714371919632 14.92888057231903 2.4
    endloop
  endfacet
  facet normal 0.300705806391866 -0.9537169485765772 0
    outer loop
      vertex -28.62586284428835 13.601777344942093 4
      vertex -28.987787626683712 13.487662896513939 2.4
      vertex -28.62586284428835 13.601777344942093 2.4
    endloop
  endfacet
  facet normal 0.21643960662114065 -0.9762960087420649 0
    outer loop
      vertex -28.25536957383156 13.683913722634315 4
      vertex -28.62586284428835 13.601777344942093 2.4
      vertex -28.25536957383156 13.683913722634315 2.4
    endloop
  endfacet
  facet normal 0.13052619055235393 -0.9914448615933669 0
    outer loop
      vertex -27.879127480089664 13.733446933329105 4
      vertex -28.25536957383156 13.683913722634315 2.4
      vertex -27.879127480089664 13.733446933329105 2.4
    endloop
  endfacet
  facet normal 0.043619396327838546 -0.9990482211905464 0
    outer loop
      vertex -27.5 13.75 4
      vertex -27.879127480089664 13.733446933329105 2.4
      vertex -27.5 13.75 2.4
    endloop
  endfacet
  facet normal 0 0 -1
    outer loop
      vertex -30.274999998509884 14.20644099265337 2.4
      vertex -30.68334922174831 13.946293845803904 2.4
      vertex -30.68334922194481 13.946293845772743 2.4
    endloop
  endfacet
  facet normal 0 0 -1
    outer loop
      vertex -30.274999998509884 14.20644099265337 2.4
      vertex -30.275000000000002 14.206440991003632 2.4
      vertex -30.68334922174831 13.946293845803904 2.4
    endloop
  endfacet
  facet normal 0 0 -1
    outer loop
      vertex -30.04746474836268 14.324888345845022 2.4
      vertex -30.275000000000002 14.206440991003632 2.4
      vertex -30.274999998509884 14.20644099265337 2.4
    endloop
  endfacet
  facet normal 0 0 -1
    outer loop
      vertex -28.936445700318995 14.760888335904328 2.4
      vertex -29.398211794974472 14.615294045514077 2.4
      vertex -29.398211792111397 14.6152940467 2.4
    endloop
  endfacet
  facet normal 0 0 -1
    outer loop
      vertex -28.93644569814205 14.76088833808899 2.4
      vertex -28.936445700318995 14.760888335904328 2.4
      vertex -29.398211792111397 14.6152940467 2.4
    endloop
  endfacet
  facet normal 0 0 -1
    outer loop
      vertex -30.755913312622386 13.890613460518065 2.4
      vertex -30.68334922194481 13.946293845772743 2.4
      vertex -30.68334922174831 13.946293845803904 2.4
    endloop
  endfacet
  facet normal 0 0 -1
    outer loop
      vertex -32.04629384726286 12.583349220454693 2.4
      vertex -32.04629384580391 12.583349221748303 2.4
      vertex -32.306440994143486 12.174999997019768 2.4
    endloop
  endfacet
  facet normal 0 0 -1
    outer loop
      vertex -32.04629384580391 12.583349221748303 2.4
      vertex -32.30644099100364 12.174999999999999 2.4
      vertex -32.306440994143486 12.174999997019768 2.4
    endloop
  endfacet
  facet normal 0 0 -1
    outer loop
      vertex -32.04629384726286 12.583349220454693 2.4
      vertex -31.829227916461427 12.866235048446782 2.4
      vertex -32.04629384580391 12.583349221748303 2.4
    endloop
  endfacet
  facet normal 0 0 -1
    outer loop
      vertex -32.306440994143486 12.174999997019768 2.4
      vertex -32.30644099100364 12.174999999999999 2.4
      vertex -32.521703903756304 11.761483792002373 2.4
    endloop
  endfacet
  facet normal 0 0 -1
    outer loop
      vertex -32.53000821918249 11.745531350374222 2.4
      vertex -32.53000821829207 11.745531352084708 2.4
      vertex -32.71529404819012 11.29821179062128 2.4
    endloop
  endfacet
  facet normal 0 0 -1
    outer loop
      vertex -32.53000821829207 11.745531352084708 2.4
      vertex -32.715294045361794 11.29821179545746 2.4
      vertex -32.71529404819012 11.29821179062128 2.4
    endloop
  endfacet
  facet normal 0 0 -1
    outer loop
      vertex -28.93644569814205 14.76088833808899 2.4
      vertex -28.70775377072158 14.811588116085588 2.4
      vertex -28.936445700318995 14.760888335904328 2.4
    endloop
  endfacet
  facet normal -0.9537169500285098 0.30070580178692446 0
    outer loop
      vertex -32.71529404819012 11.29821179062128 4
      vertex -32.71529404819012 11.29821179062128 2.4
      vertex -32.860888339579105 10.836445696651936 2.4
    endloop
  endfacet
  facet normal -0.9762960086553282 0.2164396070123839 0
    outer loop
      vertex -32.860888339579105 10.836445696651936 4
      vertex -32.860888339579105 10.836445696651936 2.4
      vertex -32.94613456486238 10.451924810452788 2.4
    endloop
  endfacet
  facet normal -0.9762960086553302 0.21643960701237483 2.2567956560441965e-15
    outer loop
      vertex -32.860888339579105 10.836445696651936 4
      vertex -32.94613456486238 10.451924810452788 2.4
      vertex -32.96568302810192 10.363747388124466 2.4
    endloop
  endfacet
  facet normal 0.9537169485765772 -0.300705806391866 0
    outer loop
      vertex -31.587662898004055 10.887787625193596 4
      vertex -31.70177734643221 10.525862842798233 2.4
      vertex -31.587662898004055 10.887787625193596 2.4
    endloop
  endfacet
  facet normal 0.9238795318595315 -0.38268343393856596 0
    outer loop
      vertex -31.44243887066841 11.238389439880848 4
      vertex -31.587662898004055 10.887787625193596 2.4
      vertex -31.44243887066841 11.238389439880848 2.4
    endloop
  endfacet
  facet normal 0.9762960087420649 -0.21643960662114065 0
    outer loop
      vertex -31.70177734643221 10.525862842798233 4
      vertex -31.78391372412443 10.155369572341442 2.4
      vertex -31.70177734643221 10.525862842798233 2.4
    endloop
  endfacet
  facet normal -0.9914448613729361 0.13052619222669237 0
    outer loop
      vertex -32.96568302810192 10.363747388124466 4
      vertex -32.96568302810192 10.363747388124466 2.4
      vertex -33.02888057380915 9.883714370429516 2.4
    endloop
  endfacet
  facet normal -0.999048221794789 0.043619382488407826 0
    outer loop
      vertex -33.02888057380915 9.883714370429516 4
      vertex -33.02888057380915 9.883714370429516 2.4
      vertex -33.04999999701977 9.399999998509884 2.4
    endloop
  endfacet
  facet normal 0.9914448615933669 -0.13052619055235393 0
    outer loop
      vertex -31.78391372412443 10.155369572341442 4
      vertex -31.83344693481922 9.779127478599548 2.4
      vertex -31.78391372412443 10.155369572341442 2.4
    endloop
  endfacet
  facet normal 0.9990482211905464 -0.043619396327838546 0
    outer loop
      vertex -31.83344693481922 9.779127478599548 4
      vertex -31.850000001490116 9.399999998509884 2.4
      vertex -31.83344693481922 9.779127478599548 2.4
    endloop
  endfacet
  facet normal 0 0 -1
    outer loop
      vertex -32.715294045361794 11.29821179545746 2.4
      vertex -32.860888335904335 10.836445700318988 2.4
      vertex -32.860888339579105 10.836445696651936 2.4
    endloop
  endfacet
  facet normal 0 0 -1
    outer loop
      vertex -32.71529404819012 11.29821179062128 2.4
      vertex -32.715294045361794 11.29821179545746 2.4
      vertex -32.860888339579105 10.836445696651936 2.4
    endloop
  endfacet
  facet normal 0 0 -1
    outer loop
      vertex -32.860888339579105 10.836445696651936 2.4
      vertex -32.860888335904335 10.836445700318988 2.4
      vertex -32.94613456486238 10.451924810452788 2.4
    endloop
  endfacet
  facet normal 0 0 1
    outer loop
      vertex -33.04999999701977 9.399999998509884 4
      vertex -33.04999999701977 -9.399999998509884 4
      vertex -31.850000001490116 9.399999998509884 4
    endloop
  endfacet
  facet normal -1 0 0
    outer loop
      vertex -33.04999999701977 9.399999998509884 4
      vertex -33.04999999701977 9.399999998509884 2.4
      vertex -33.04999999701977 -9.399999998509884 2.4
    endloop
  endfacet
  facet normal 1 0 0
    outer loop
      vertex -31.850000001490116 9.399999998509884 4
      vertex -31.850000001490116 -9.399999998509884 2.4
      vertex -31.850000001490116 9.399999998509884 2.4
    endloop
  endfacet
  facet normal 0 0 1
    outer loop
      vertex -27.5 14.949999995529652 4
      vertex -27.5 13.75 4
      vertex 27.5 13.75 4
    endloop
  endfacet
  facet normal 0 1 0
    outer loop
      vertex -27.5 14.949999995529652 4
      vertex 27.5 14.949999995529652 4
      vertex -27.5 14.949999995529652 2.4
    endloop
  endfacet
  facet normal 0 -1 0
    outer loop
      vertex -27.5 13.75 4
      vertex -27.5 13.75 2.4
      vertex 27.5 13.75 4
    endloop
  endfacet
  facet normal 0 0 1
    outer loop
      vertex -31.850000001490116 9.399999998509884 4
      vertex -33.04999999701977 -9.399999998509884 4
      vertex -31.850000001490116 -9.399999998509884 4
    endloop
  endfacet
  facet normal -1 0 0
    outer loop
      vertex -33.04999999701977 9.399999998509884 4
      vertex -33.04999999701977 -9.399999998509884 2.4
      vertex -33.04999999701977 -9.399999998509884 4
    endloop
  endfacet
  facet normal 1 0 0
    outer loop
      vertex -31.850000001490116 9.399999998509884 4
      vertex -31.850000001490116 -9.399999998509884 4
      vertex -31.850000001490116 -9.399999998509884 2.4
    endloop
  endfacet
  facet normal 0 0 1
    outer loop
      vertex -33.04999999701977 -9.399999998509884 4
      vertex -33.02888057380915 -9.883714370429516 4
      vertex -31.850000001490116 -9.399999998509884 4
    endloop
  endfacet
  facet normal 0 0 1
    outer loop
      vertex -33.02888057380915 -9.883714370429516 4
      vertex -31.83344693481922 -9.779127478599548 4
      vertex -31.850000001490116 -9.399999998509884 4
    endloop
  endfacet
  facet normal 0 0 1
    outer loop
      vertex -33.02888057380915 -9.883714370429516 4
      vertex -32.96568302810192 -10.363747388124466 4
      vertex -31.83344693481922 -9.779127478599548 4
    endloop
  endfacet
  facet normal 0 0 1
    outer loop
      vertex -31.83344693481922 -9.779127478599548 4
      vertex -32.96568302810192 -10.363747388124466 4
      vertex -31.78391372412443 -10.155369572341442 4
    endloop
  endfacet
  facet normal 0 0 1
    outer loop
      vertex -31.78391372412443 -10.155369572341442 4
      vertex -32.96568302810192 -10.363747388124466 4
      vertex -32.860888339579105 -10.836445696651936 4
    endloop
  endfacet
  facet normal 0 0 1
    outer loop
      vertex -31.78391372412443 -10.155369572341442 4
      vertex -32.860888339579105 -10.836445696651936 4
      vertex -31.70177734643221 -10.525862842798233 4
    endloop
  endfacet
  facet normal 0 0 1
    outer loop
      vertex -32.860888339579105 -10.836445696651936 4
      vertex -32.71529404819012 -11.29821179062128 4
      vertex -31.70177734643221 -10.525862842798233 4
    endloop
  endfacet
  facet normal 0 0 1
    outer loop
      vertex -31.70177734643221 -10.525862842798233 4
      vertex -32.71529404819012 -11.29821179062128 4
      vertex -31.587662898004055 -10.887787625193596 4
    endloop
  endfacet
  facet normal -0.999048221794789 -0.043619382488407826 0
    outer loop
      vertex -33.04999999701977 -9.399999998509884 4
      vertex -33.02888057380915 -9.883714370429516 2.4
      vertex -33.02888057380915 -9.883714370429516 4
    endloop
  endfacet
  facet normal -0.9914448613729361 -0.13052619222669237 0
    outer loop
      vertex -33.02888057380915 -9.883714370429516 4
      vertex -32.96568302810192 -10.363747388124466 2.4
      vertex -32.96568302810192 -10.363747388124466 4
    endloop
  endfacet
  facet normal 0.9990482211905464 0.043619396327838546 0
    outer loop
      vertex -31.850000001490116 -9.399999998509884 4
      vertex -31.83344693481922 -9.779127478599548 4
      vertex -31.83344693481922 -9.779127478599548 2.4
    endloop
  endfacet
  facet normal 0.9914448615933669 0.13052619055235393 0
    outer loop
      vertex -31.83344693481922 -9.779127478599548 4
      vertex -31.78391372412443 -10.155369572341442 4
      vertex -31.78391372412443 -10.155369572341442 2.4
    endloop
  endfacet
  facet normal -0.9762960086553286 -0.2164396070123822 0
    outer loop
      vertex -32.96568302810192 -10.363747388124466 4
      vertex -32.860888339579105 -10.836445696651936 2.4
      vertex -32.860888339579105 -10.836445696651936 4
    endloop
  endfacet
  facet normal -0.9537169500285098 -0.30070580178692446 0
    outer loop
      vertex -32.860888339579105 -10.836445696651936 4
      vertex -32.71529404819012 -11.29821179062128 2.4
      vertex -32.71529404819012 -11.29821179062128 4
    endloop
  endfacet
  facet normal 0.9762960087420649 0.21643960662114065 0
    outer loop
      vertex -31.78391372412443 -10.155369572341442 4
      vertex -31.70177734643221 -10.525862842798233 4
      vertex -31.70177734643221 -10.525862842798233 2.4
    endloop
  endfacet
  facet normal 0.9537169485765772 0.300705806391866 0
    outer loop
      vertex -31.70177734643221 -10.525862842798233 4
      vertex -31.587662898004055 -10.887787625193596 4
      vertex -31.587662898004055 -10.887787625193596 2.4
    endloop
  endfacet
  facet normal 0.9238795318595315 0.38268343393856596 0
    outer loop
      vertex -31.587662898004055 -10.887787625193596 4
      vertex -31.44243887066841 -11.238389439880848 4
      vertex -31.44243887066841 -11.238389439880848 2.4
    endloop
  endfacet
  facet normal 0 0 1
    outer loop
      vertex -31.587662898004055 -10.887787625193596 4
      vertex -32.71529404819012 -11.29821179062128 4
      vertex -32.53000821918249 -11.745531350374222 4
    endloop
  endfacet
  facet normal 0 0 1
    outer loop
      vertex -32.53000821918249 -11.745531350374222 4
      vertex -32.306440994143486 -12.174999997019768 4
      vertex -31.44243887066841 -11.238389439880848 4
    endloop
  endfacet
  facet normal 0 0 1
    outer loop
      vertex -31.587662898004055 -10.887787625193596 4
      vertex -32.53000821918249 -11.745531350374222 4
      vertex -31.44243887066841 -11.238389439880848 4
    endloop
  endfacet
  facet normal 0 0 1
    outer loop
      vertex -31.44243887066841 -11.238389439880848 4
      vertex -32.306440994143486 -12.174999997019768 4
      vertex -31.267210505902767 -11.574999995529652 4
    endloop
  endfacet
  facet normal 0 0 1
    outer loop
      vertex -31.267210505902767 -11.574999995529652 4
      vertex -32.306440994143486 -12.174999997019768 4
      vertex -32.04629384726286 -12.583349220454693 4
    endloop
  endfacet
  facet normal 0 0 1
    outer loop
      vertex -31.267210505902767 -11.574999995529652 4
      vertex -32.04629384726286 -12.583349220454693 4
      vertex -31.063311390578747 -11.895057499408722 4
    endloop
  endfacet
  facet normal 0 0 1
    outer loop
      vertex -31.063311390578747 -11.895057499408722 4
      vertex -32.04629384726286 -12.583349220454693 4
      vertex -31.751546658575535 -12.967471234500408 4
    endloop
  endfacet
  facet normal 0 0 1
    outer loop
      vertex -31.063311390578747 -11.895057499408722 4
      vertex -31.751546658575535 -12.967471234500408 4
      vertex -30.832293324172497 -12.196126103401184 4
    endloop
  endfacet
  facet normal 0 0 1
    outer loop
      vertex -31.751546658575535 -12.967471234500408 4
      vertex -31.424442633986473 -13.324442632496357 4
      vertex -30.832293324172497 -12.196126103401184 4
    endloop
  endfacet
  facet normal 0 0 1
    outer loop
      vertex -30.832293324172497 -12.196126103401184 4
      vertex -31.424442633986473 -13.324442632496357 4
      vertex -30.57591449469328 -12.475914493203163 4
    endloop
  endfacet
  facet normal 0 0 1
    outer loop
      vertex -30.57591449469328 -12.475914493203163 4
      vertex -31.067471235990524 -13.651546657085419 4
      vertex -30.2961261048913 -12.73229332268238 4
    endloop
  endfacet
  facet normal 0 0 1
    outer loop
      vertex -30.57591449469328 -12.475914493203163 4
      vertex -31.424442633986473 -13.324442632496357 4
      vertex -31.067471235990524 -13.651546657085419 4
    endloop
  endfacet
  facet normal 0 0 1
    outer loop
      vertex -30.2961261048913 -12.73229332268238 4
      vertex -31.067471235990524 -13.651546657085419 4
      vertex -30.68334922194481 -13.946293845772743 4
    endloop
  endfacet
  facet normal 0 0 1
    outer loop
      vertex -30.2961261048913 -12.73229332268238 4
      vertex -30.68334922194481 -13.946293845772743 4
      vertex -29.995057500898838 -12.96331138908863 4
    endloop
  endfacet
  facet normal 0 0 1
    outer loop
      vertex -29.995057500898838 -12.96331138908863 4
      vertex -30.274999998509884 -14.20644099265337 4
      vertex -29.674999997019768 -13.167210504412651 4
    endloop
  endfacet
  facet normal 0 0 1
    outer loop
      vertex -29.995057500898838 -12.96331138908863 4
      vertex -30.68334922194481 -13.946293845772743 4
      vertex -30.274999998509884 -14.20644099265337 4
    endloop
  endfacet
  facet normal 0 0 1
    outer loop
      vertex -29.674999997019768 -13.167210504412651 4
      vertex -29.845531351864338 -14.430008217692375 4
      vertex -29.338389441370964 -13.342438869178295 4
    endloop
  endfacet
  facet normal 0 0 1
    outer loop
      vertex -29.674999997019768 -13.167210504412651 4
      vertex -30.274999998509884 -14.20644099265337 4
      vertex -29.845531351864338 -14.430008217692375 4
    endloop
  endfacet
  facet normal 0 0 1
    outer loop
      vertex -29.338389441370964 -13.342438869178295 4
      vertex -29.398211792111397 -14.6152940467 4
      vertex -28.987787626683712 -13.487662896513939 4
    endloop
  endfacet
  facet normal 0 0 1
    outer loop
      vertex -29.338389441370964 -13.342438869178295 4
      vertex -29.845531351864338 -14.430008217692375 4
      vertex -29.398211792111397 -14.6152940467 4
    endloop
  endfacet
  facet normal 0 0 1
    outer loop
      vertex -28.987787626683712 -13.487662896513939 4
      vertex -29.398211792111397 -14.6152940467 4
      vertex -28.93644569814205 -14.76088833808899 4
    endloop
  endfacet
  facet normal 0 0 1
    outer loop
      vertex -28.987787626683712 -13.487662896513939 4
      vertex -28.93644569814205 -14.76088833808899 4
      vertex -28.62586284428835 -13.601777344942093 4
    endloop
  endfacet
  facet normal 0 0 1
    outer loop
      vertex -28.62586284428835 -13.601777344942093 4
      vertex -28.463747389614582 -14.865683026611805 4
      vertex -28.25536957383156 -13.683913722634315 4
    endloop
  endfacet
  facet normal 0 0 1
    outer loop
      vertex -28.93644569814205 -14.76088833808899 4
      vertex -28.463747389614582 -14.865683026611805 4
      vertex -28.62586284428835 -13.601777344942093 4
    endloop
  endfacet
  facet normal 0 0 1
    outer loop
      vertex -28.25536957383156 -13.683913722634315 4
      vertex -27.983714371919632 -14.92888057231903 4
      vertex -27.879127480089664 -13.733446933329105 4
    endloop
  endfacet
  facet normal 0 0 1
    outer loop
      vertex -28.25536957383156 -13.683913722634315 4
      vertex -28.463747389614582 -14.865683026611805 4
      vertex -27.983714371919632 -14.92888057231903 4
    endloop
  endfacet
  facet normal 0 0 1
    outer loop
      vertex -27.879127480089664 -13.733446933329105 4
      vertex -27.5 -14.949999995529652 4
      vertex -27.5 -13.75 4
    endloop
  endfacet
  facet normal 0 0 1
    outer loop
      vertex -27.879127480089664 -13.733446933329105 4
      vertex -27.983714371919632 -14.92888057231903 4
      vertex -27.5 -14.949999995529652 4
    endloop
  endfacet
  facet normal -0.9238795320416141 -0.38268343349898004 0
    outer loop
      vertex -32.71529404819012 -11.29821179062128 4
      vertex -32.53000821918249 -11.745531350374222 2.4
      vertex -32.53000821918249 -11.745531350374222 4
    endloop
  endfacet
  facet normal -0.8870108345737587 -0.4617486105542323 0
    outer loop
      vertex -32.53000821918249 -11.745531350374222 4
      vertex -32.306440994143486 -12.174999997019768 2.4
      vertex -32.306440994143486 -12.174999997019768 4
    endloop
  endfacet
  facet normal 0.8870108325015518 0.4617486145349047 0
    outer loop
      vertex -31.44243887066841 -11.238389439880848 4
      vertex -31.267210505902767 -11.574999995529652 4
      vertex -31.267210505902767 -11.574999995529652 2.4
    endloop
  endfacet
  facet normal 0.8433914483750001 0.5372996043251097 0
    outer loop
      vertex -31.267210505902767 -11.574999995529652 4
      vertex -31.063311390578747 -11.895057499408722 4
      vertex -31.063311390578747 -11.895057499408722 2.4
    endloop
  endfacet
  facet normal -0.8433914452453365 -0.5372996092376978 0
    outer loop
      vertex -32.306440994143486 -12.174999997019768 4
      vertex -32.04629384726286 -12.583349220454693 2.4
      vertex -32.04629384726286 -12.583349220454693 4
    endloop
  endfacet
  facet normal -0.7933533396596067 -0.6087614298318748 8.598821912175003e-16
    outer loop
      vertex -32.04629384726286 -12.583349220454693 4
      vertex -31.75154665859308 -12.967471234477543 2.4
      vertex -31.751546658575535 -12.967471234500408 4
    endloop
  endfacet
  facet normal 0.79335333859899 0.6087614312140974 0
    outer loop
      vertex -31.063311390578747 -11.895057499408722 4
      vertex -30.832293324172497 -12.196126103401184 4
      vertex -30.832293324172497 -12.196126103401184 2.4
    endloop
  endfacet
  facet normal 0.7372773292294654 0.6755902158884972 0
    outer loop
      vertex -30.832293324172497 -12.196126103401184 4
      vertex -30.57591449469328 -12.475914493203163 4
      vertex -30.57591449469328 -12.475914493203163 2.4
    endloop
  endfacet
  facet normal 0.6755902158884972 0.7372773292294654 0
    outer loop
      vertex -30.57591449469328 -12.475914493203163 4
      vertex -30.2961261048913 -12.73229332268238 4
      vertex -30.2961261048913 -12.73229332268238 2.4
    endloop
  endfacet
  facet normal 0.6087614312140974 0.79335333859899 0
    outer loop
      vertex -30.2961261048913 -12.73229332268238 4
      vertex -29.995057500898838 -12.96331138908863 4
      vertex -29.995057500898838 -12.96331138908863 2.4
    endloop
  endfacet
  facet normal -0.737277332311594 -0.6755902125249442 0
    outer loop
      vertex -31.751546658575535 -12.967471234500408 4
      vertex -31.424442633986473 -13.324442632496357 2.4
      vertex -31.424442633986473 -13.324442632496357 4
    endloop
  endfacet
  facet normal -0.6755902125249442 -0.737277332311594 0
    outer loop
      vertex -31.424442633986473 -13.324442632496357 4
      vertex -31.067471235990524 -13.651546657085419 2.4
      vertex -31.067471235990524 -13.651546657085419 4
    endloop
  endfacet
  facet normal -0.6087614298318748 -0.7933533396596067 0
    outer loop
      vertex -31.067471235990524 -13.651546657085419 4
      vertex -30.68334922194481 -13.946293845772743 2.4
      vertex -30.68334922194481 -13.946293845772743 4
    endloop
  endfacet
  facet normal 0.5372996043251097 0.8433914483750001 0
    outer loop
      vertex -29.995057500898838 -12.96331138908863 4
      vertex -29.674999997019768 -13.167210504412651 4
      vertex -29.674999997019768 -13.167210504412651 2.4
    endloop
  endfacet
  facet normal 0.4617486145349047 0.8870108325015518 0
    outer loop
      vertex -29.674999997019768 -13.167210504412651 4
      vertex -29.338389441370964 -13.342438869178295 4
      vertex -29.338389441370964 -13.342438869178295 2.4
    endloop
  endfacet
  facet normal 0.38268343393856596 0.9238795318595315 0
    outer loop
      vertex -29.338389441370964 -13.342438869178295 4
      vertex -28.987787626683712 -13.487662896513939 4
      vertex -28.987787626683712 -13.487662896513939 2.4
    endloop
  endfacet
  facet normal -0.5372996092376978 -0.8433914452453365 0
    outer loop
      vertex -30.68334922194481 -13.946293845772743 4
      vertex -30.274999998509884 -14.20644099265337 2.4
      vertex -30.274999998509884 -14.20644099265337 4
    endloop
  endfacet
  facet normal -0.4617486105542323 -0.8870108345737587 0
    outer loop
      vertex -30.274999998509884 -14.20644099265337 4
      vertex -29.845531351864338 -14.430008217692375 2.4
      vertex -29.845531351864338 -14.430008217692375 4
    endloop
  endfacet
  facet normal -0.38268343349898004 -0.9238795320416141 0
    outer loop
      vertex -29.845531351864338 -14.430008217692375 4
      vertex -29.398211792111397 -14.6152940467 2.4
      vertex -29.398211792111397 -14.6152940467 4
    endloop
  endfacet
  facet normal -0.30070580178692446 -0.9537169500285098 0
    outer loop
      vertex -29.398211792111397 -14.6152940467 4
      vertex -28.93644569814205 -14.76088833808899 2.4
      vertex -28.93644569814205 -14.76088833808899 4
    endloop
  endfacet
  facet normal 0.300705806391866 0.9537169485765772 0
    outer loop
      vertex -28.987787626683712 -13.487662896513939 4
      vertex -28.62586284428835 -13.601777344942093 4
      vertex -28.62586284428835 -13.601777344942093 2.4
    endloop
  endfacet
  facet normal 0.21643960662114065 0.9762960087420649 0
    outer loop
      vertex -28.62586284428835 -13.601777344942093 4
      vertex -28.25536957383156 -13.683913722634315 4
      vertex -28.25536957383156 -13.683913722634315 2.4
    endloop
  endfacet
  facet normal 0.13052619055235393 0.9914448615933669 0
    outer loop
      vertex -28.25536957383156 -13.683913722634315 4
      vertex -27.879127480089664 -13.733446933329105 4
      vertex -27.879127480089664 -13.733446933329105 2.4
    endloop
  endfacet
  facet normal 0.043619396327838546 0.9990482211905464 0
    outer loop
      vertex -27.879127480089664 -13.733446933329105 4
      vertex -27.5 -13.75 4
      vertex -27.5 -13.75 2.4
    endloop
  endfacet
  facet normal -0.2164396070123822 -0.9762960086553286 0
    outer loop
      vertex -28.93644569814205 -14.76088833808899 4
      vertex -28.463747389614582 -14.865683026611805 2.4
      vertex -28.463747389614582 -14.865683026611805 4
    endloop
  endfacet
  facet normal -0.13052619222669237 -0.9914448613729361 0
    outer loop
      vertex -28.463747389614582 -14.865683026611805 4
      vertex -27.983714371919632 -14.92888057231903 2.4
      vertex -27.983714371919632 -14.92888057231903 4
    endloop
  endfacet
  facet normal -0.043619382488407826 -0.999048221794789 0
    outer loop
      vertex -27.983714371919632 -14.92888057231903 4
      vertex -27.5 -14.949999995529652 2.4
      vertex -27.5 -14.949999995529652 4
    endloop
  endfacet
  facet normal -0.999048221794789 -0.043619382488407826 0
    outer loop
      vertex -33.04999999701977 -9.399999998509884 4
      vertex -33.04999999701977 -9.399999998509884 2.4
      vertex -33.02888057380915 -9.883714370429516 2.4
    endloop
  endfacet
  facet normal -0.9914448613729361 -0.13052619222669237 0
    outer loop
      vertex -33.02888057380915 -9.883714370429516 4
      vertex -33.02888057380915 -9.883714370429516 2.4
      vertex -32.96568302810192 -10.363747388124466 2.4
    endloop
  endfacet
  facet normal 0.9990482211905464 0.043619396327838546 0
    outer loop
      vertex -31.850000001490116 -9.399999998509884 4
      vertex -31.83344693481922 -9.779127478599548 2.4
      vertex -31.850000001490116 -9.399999998509884 2.4
    endloop
  endfacet
  facet normal 0.9914448615933669 0.13052619055235393 0
    outer loop
      vertex -31.83344693481922 -9.779127478599548 4
      vertex -31.78391372412443 -10.155369572341442 2.4
      vertex -31.83344693481922 -9.779127478599548 2.4
    endloop
  endfacet
  facet normal -0.9762960086553302 -0.21643960701237494 0
    outer loop
      vertex -32.96568302810192 -10.363747388124466 4
      vertex -32.96568302810192 -10.363747388124466 2.4
      vertex -32.94613456486238 -10.451924810452788 2.4
    endloop
  endfacet
  facet normal -0.9762960086553282 -0.2164396070123839 5.202758370365645e-16
    outer loop
      vertex -32.96568302810192 -10.363747388124466 4
      vertex -32.94613456486238 -10.451924810452788 2.4
      vertex -32.860888339579105 -10.836445696651936 2.4
    endloop
  endfacet
  facet normal -0.9537169500285098 -0.30070580178692446 0
    outer loop
      vertex -32.860888339579105 -10.836445696651936 4
      vertex -32.860888339579105 -10.836445696651936 2.4
      vertex -32.71529404819012 -11.29821179062128 2.4
    endloop
  endfacet
  facet normal 0.9762960087420649 0.21643960662114065 0
    outer loop
      vertex -31.78391372412443 -10.155369572341442 4
      vertex -31.70177734643221 -10.525862842798233 2.4
      vertex -31.78391372412443 -10.155369572341442 2.4
    endloop
  endfacet
  facet normal 0.9537169485765772 0.300705806391866 0
    outer loop
      vertex -31.70177734643221 -10.525862842798233 4
      vertex -31.587662898004055 -10.887787625193596 2.4
      vertex -31.70177734643221 -10.525862842798233 2.4
    endloop
  endfacet
  facet normal 0.9238795318595315 0.38268343393856596 0
    outer loop
      vertex -31.587662898004055 -10.887787625193596 4
      vertex -31.44243887066841 -11.238389439880848 2.4
      vertex -31.587662898004055 -10.887787625193596 2.4
    endloop
  endfacet
  facet normal 0 0 -1
    outer loop
      vertex -32.94613456486238 -10.451924810452788 2.4
      vertex -32.860888335904335 -10.836445700318988 2.4
      vertex -32.860888339579105 -10.836445696651936 2.4
    endloop
  endfacet
  facet normal 0 0 -1
    outer loop
      vertex -32.860888339579105 -10.836445696651936 2.4
      vertex -32.860888335904335 -10.836445700318988 2.4
      vertex -32.71529404819012 -11.29821179062128 2.4
    endloop
  endfacet
  facet normal 0 0 -1
    outer loop
      vertex -32.860888335904335 -10.836445700318988 2.4
      vertex -32.715294045361794 -11.29821179545746 2.4
      vertex -32.71529404819012 -11.29821179062128 2.4
    endloop
  endfacet
  facet normal -0.9238795320416141 -0.38268343349898004 0
    outer loop
      vertex -32.71529404819012 -11.29821179062128 4
      vertex -32.71529404819012 -11.29821179062128 2.4
      vertex -32.53000821918249 -11.745531350374222 2.4
    endloop
  endfacet
  facet normal -0.8870106004599718 -0.4617490602823577 0
    outer loop
      vertex -32.53000821918249 -11.745531350374222 4
      vertex -32.53000821918249 -11.745531350374222 2.4
      vertex -32.53000821829207 -11.745531352084708 2.4
    endloop
  endfacet
  facet normal -0.887010834573791 -0.46174861055417027 -6.110714115886839e-16
    outer loop
      vertex -32.53000821918249 -11.745531350374222 4
      vertex -32.53000821829207 -11.745531352084708 2.4
      vertex -32.521703903756304 -11.761483792002373 2.4
    endloop
  endfacet
  facet normal -0.8870108345737584 -0.4617486105542327 1.825644953746703e-16
    outer loop
      vertex -32.53000821918249 -11.745531350374222 4
      vertex -32.521703903756304 -11.761483792002373 2.4
      vertex -32.306440994143486 -12.174999997019768 2.4
    endloop
  endfacet
  facet normal 0.8870108325015518 0.4617486145349047 0
    outer loop
      vertex -31.44243887066841 -11.238389439880848 4
      vertex -31.267210505902767 -11.574999995529652 2.4
      vertex -31.44243887066841 -11.238389439880848 2.4
    endloop
  endfacet
  facet normal 0.8433914483750001 0.5372996043251097 0
    outer loop
      vertex -31.267210505902767 -11.574999995529652 4
      vertex -31.063311390578747 -11.895057499408722 2.4
      vertex -31.267210505902767 -11.574999995529652 2.4
    endloop
  endfacet
  facet normal 0.79335333859899 0.6087614312140974 0
    outer loop
      vertex -31.063311390578747 -11.895057499408722 4
      vertex -30.832293324172497 -12.196126103401184 2.4
      vertex -31.063311390578747 -11.895057499408722 2.4
    endloop
  endfacet
  facet normal -0.8433914452453365 -0.5372996092376978 0
    outer loop
      vertex -32.306440994143486 -12.174999997019768 4
      vertex -32.306440994143486 -12.174999997019768 2.4
      vertex -32.04629384726286 -12.583349220454693 2.4
    endloop
  endfacet
  facet normal -0.7933533396596082 -0.6087614298318731 0
    outer loop
      vertex -32.04629384726286 -12.583349220454693 4
      vertex -32.04629384726286 -12.583349220454693 2.4
      vertex -31.829227916461427 -12.866235048446782 2.4
    endloop
  endfacet
  facet normal -0.7933533396596095 -0.6087614298318713 -5.43777365391443e-16
    outer loop
      vertex -32.04629384726286 -12.583349220454693 4
      vertex -31.829227916461427 -12.866235048446782 2.4
      vertex -31.75154665859308 -12.967471234477543 2.4
    endloop
  endfacet
  facet normal 0.7372773292294654 0.6755902158884972 0
    outer loop
      vertex -30.832293324172497 -12.196126103401184 4
      vertex -30.57591449469328 -12.475914493203163 2.4
      vertex -30.832293324172497 -12.196126103401184 2.4
    endloop
  endfacet
  facet normal 0.6755902158884972 0.7372773292294654 0
    outer loop
      vertex -30.57591449469328 -12.475914493203163 4
      vertex -30.2961261048913 -12.73229332268238 2.4
      vertex -30.57591449469328 -12.475914493203163 2.4
    endloop
  endfacet
  facet normal 0.6087614312140974 0.79335333859899 0
    outer loop
      vertex -30.2961261048913 -12.73229332268238 4
      vertex -29.995057500898838 -12.96331138908863 2.4
      vertex -30.2961261048913 -12.73229332268238 2.4
    endloop
  endfacet
  facet normal 0.5372996043251097 0.8433914483750001 0
    outer loop
      vertex -29.995057500898838 -12.96331138908863 4
      vertex -29.674999997019768 -13.167210504412651 2.4
      vertex -29.995057500898838 -12.96331138908863 2.4
    endloop
  endfacet
  facet normal -0.7372773323150972 -0.6755902125211212 -1.5691578336289209e-12
    outer loop
      vertex -31.751546658575535 -12.967471234500408 4
      vertex -31.75154665859308 -12.967471234477543 2.4
      vertex -31.424442633986473 -13.324442632496357 2.4
    endloop
  endfacet
  facet normal -0.6755902125249442 -0.737277332311594 0
    outer loop
      vertex -31.424442633986473 -13.324442632496357 4
      vertex -31.424442633986473 -13.324442632496357 2.4
      vertex -31.067471235990524 -13.651546657085419 2.4
    endloop
  endfacet
  facet normal -0.6087614298318728 -0.7933533396596082 0
    outer loop
      vertex -31.067471235990524 -13.651546657085419 4
      vertex -31.067471235990524 -13.651546657085419 2.4
      vertex -30.755913312622386 -13.890613460518065 2.4
    endloop
  endfacet
  facet normal -0.6087614298318834 -0.7933533396596002 -3.3190454642952094e-15
    outer loop
      vertex -31.067471235990524 -13.651546657085419 4
      vertex -30.755913312622386 -13.890613460518065 2.4
      vertex -30.68334922194481 -13.946293845772743 2.4
    endloop
  endfacet
  facet normal 0.4617486145349047 0.8870108325015518 0
    outer loop
      vertex -29.674999997019768 -13.167210504412651 4
      vertex -29.338389441370964 -13.342438869178295 2.4
      vertex -29.674999997019768 -13.167210504412651 2.4
    endloop
  endfacet
  facet normal 0.38268343393856596 0.9238795318595315 0
    outer loop
      vertex -29.338389441370964 -13.342438869178295 4
      vertex -28.987787626683712 -13.487662896513939 2.4
      vertex -29.338389441370964 -13.342438869178295 2.4
    endloop
  endfacet
  facet normal -0.5372996092376978 -0.8433914452453365 0
    outer loop
      vertex -30.68334922194481 -13.946293845772743 4
      vertex -30.68334922194481 -13.946293845772743 2.4
      vertex -30.274999998509884 -14.20644099265337 2.4
    endloop
  endfacet
  facet normal -0.4617486105542304 -0.8870108345737595 0
    outer loop
      vertex -30.274999998509884 -14.20644099265337 4
      vertex -30.274999998509884 -14.20644099265337 2.4
      vertex -30.04746474836268 -14.324888345845022 2.4
    endloop
  endfacet
  facet normal -0.4617486105542343 -0.8870108345737577 -7.048436038805423e-16
    outer loop
      vertex -30.274999998509884 -14.20644099265337 4
      vertex -30.04746474836268 -14.324888345845022 2.4
      vertex -29.845531351864338 -14.430008217692375 2.4
    endloop
  endfacet
  facet normal -0.3826834334989805 -0.923879532041614 0
    outer loop
      vertex -29.845531351864338 -14.430008217692375 4
      vertex -29.845531351864338 -14.430008217692375 2.4
      vertex -29.398211794974472 -14.615294045514077 2.4
    endloop
  endfacet
  facet normal -0.3826833656148651 -0.923879560160132 2.7988710238130512e-8
    outer loop
      vertex -29.845531351864338 -14.430008217692375 4
      vertex -29.398211794974472 -14.615294045514077 2.4
      vertex -29.398211792111397 -14.6152940467 2.4
    endloop
  endfacet
  facet normal -0.30070580178692446 -0.9537169500285098 0
    outer loop
      vertex -29.398211792111397 -14.6152940467 4
      vertex -29.398211792111397 -14.6152940467 2.4
      vertex -28.93644569814205 -14.76088833808899 2.4
    endloop
  endfacet
  facet normal 0.300705806391866 0.9537169485765772 0
    outer loop
      vertex -28.987787626683712 -13.487662896513939 4
      vertex -28.62586284428835 -13.601777344942093 2.4
      vertex -28.987787626683712 -13.487662896513939 2.4
    endloop
  endfacet
  facet normal 0.21643960662114065 0.9762960087420649 0
    outer loop
      vertex -28.62586284428835 -13.601777344942093 4
      vertex -28.25536957383156 -13.683913722634315 2.4
      vertex -28.62586284428835 -13.601777344942093 2.4
    endloop
  endfacet
  facet normal 0.13052619055235393 0.9914448615933669 0
    outer loop
      vertex -28.25536957383156 -13.683913722634315 4
      vertex -27.879127480089664 -13.733446933329105 2.4
      vertex -28.25536957383156 -13.683913722634315 2.4
    endloop
  endfacet
  facet normal 0.043619396327838546 0.9990482211905464 0
    outer loop
      vertex -27.879127480089664 -13.733446933329105 4
      vertex -27.5 -13.75 2.4
      vertex -27.879127480089664 -13.733446933329105 2.4
    endloop
  endfacet
  facet normal -0.21643960701238013 -0.9762960086553292 0
    outer loop
      vertex -28.93644569814205 -14.76088833808899 4
      vertex -28.93644569814205 -14.76088833808899 2.4
      vertex -28.70775377072158 -14.811588116085588 2.4
    endloop
  endfacet
  facet normal -0.21643960701238418 -0.9762960086553282 -6.159974969730797e-16
    outer loop
      vertex -28.93644569814205 -14.76088833808899 4
      vertex -28.70775377072158 -14.811588116085588 2.4
      vertex -28.463747389614582 -14.865683026611805 2.4
    endloop
  endfacet
  facet normal -0.13052619222669237 -0.9914448613729361 0
    outer loop
      vertex -28.463747389614582 -14.865683026611805 4
      vertex -28.463747389614582 -14.865683026611805 2.4
      vertex -27.983714371919632 -14.92888057231903 2.4
    endloop
  endfacet
  facet normal -0.043619382488407826 -0.999048221794789 0
    outer loop
      vertex -27.983714371919632 -14.92888057231903 4
      vertex -27.983714371919632 -14.92888057231903 2.4
      vertex -27.5 -14.949999995529652 2.4
    endloop
  endfacet
  facet normal 0 0 -1
    outer loop
      vertex -32.71529404819012 -11.29821179062128 2.4
      vertex -32.715294045361794 -11.29821179545746 2.4
      vertex -32.53000821918249 -11.745531350374222 2.4
    endloop
  endfacet
  facet normal 0 0 -1
    outer loop
      vertex -32.715294045361794 -11.29821179545746 2.4
      vertex -32.53000821829207 -11.745531352084708 2.4
      vertex -32.53000821918249 -11.745531350374222 2.4
    endloop
  endfacet
  facet normal 0 0 -1
    outer loop
      vertex -32.521703903756304 -11.761483792002373 2.4
      vertex -32.30644099100364 -12.174999999999999 2.4
      vertex -32.306440994143486 -12.174999997019768 2.4
    endloop
  endfacet
  facet normal 0 0 -1
    outer loop
      vertex -32.306440994143486 -12.174999997019768 2.4
      vertex -32.30644099100364 -12.174999999999999 2.4
      vertex -32.04629384726286 -12.583349220454693 2.4
    endloop
  endfacet
  facet normal 0 0 -1
    outer loop
      vertex -32.30644099100364 -12.174999999999999 2.4
      vertex -32.04629384580391 -12.583349221748303 2.4
      vertex -32.04629384726286 -12.583349220454693 2.4
    endloop
  endfacet
  facet normal 0 0 -1
    outer loop
      vertex -32.04629384726286 -12.583349220454693 2.4
      vertex -32.04629384580391 -12.583349221748303 2.4
      vertex -31.829227916461427 -12.866235048446782 2.4
    endloop
  endfacet
  facet normal 0 0 -1
    outer loop
      vertex -30.755913312622386 -13.890613460518065 2.4
      vertex -30.68334922174831 -13.946293845803904 2.4
      vertex -30.68334922194481 -13.946293845772743 2.4
    endloop
  endfacet
  facet normal 0 0 -1
    outer loop
      vertex -30.68334922194481 -13.946293845772743 2.4
      vertex -30.68334922174831 -13.946293845803904 2.4
      vertex -30.274999998509884 -14.20644099265337 2.4
    endloop
  endfacet
  facet normal 0 0 -1
    outer loop
      vertex -30.68334922174831 -13.946293845803904 2.4
      vertex -30.275000000000002 -14.206440991003632 2.4
      vertex -30.274999998509884 -14.20644099265337 2.4
    endloop
  endfacet
  facet normal 0 0 -1
    outer loop
      vertex -30.274999998509884 -14.20644099265337 2.4
      vertex -30.275000000000002 -14.206440991003632 2.4
      vertex -30.04746474836268 -14.324888345845022 2.4
    endloop
  endfacet
  facet normal 0 0 -1
    outer loop
      vertex -29.398211792111397 -14.6152940467 2.4
      vertex -29.398211794974472 -14.615294045514077 2.4
      vertex -28.93644569814205 -14.76088833808899 2.4
    endloop
  endfacet
  facet normal 0 0 -1
    outer loop
      vertex -29.398211794974472 -14.615294045514077 2.4
      vertex -28.936445700318995 -14.760888335904328 2.4
      vertex -28.93644569814205 -14.76088833808899 2.4
    endloop
  endfacet
  facet normal 0 0 -1
    outer loop
      vertex -28.93644569814205 -14.76088833808899 2.4
      vertex -28.936445700318995 -14.760888335904328 2.4
      vertex -28.70775377072158 -14.811588116085588 2.4
    endloop
  endfacet
  facet normal 0 0 1
    outer loop
      vertex -27.5 -13.75 4
      vertex -27.5 -14.949999995529652 4
      vertex 27.5 -14.949999995529652 4
    endloop
  endfacet
  facet normal 0 1 0
    outer loop
      vertex -27.5 -13.75 4
      vertex 27.5 -13.75 2.4
      vertex -27.5 -13.75 2.4
    endloop
  endfacet
  facet normal 0 -1 0
    outer loop
      vertex -27.5 -14.949999995529652 4
      vertex -27.5 -14.949999995529652 2.4
      vertex 27.5 -14.949999995529652 2.4
    endloop
  endfacet
  facet normal 0 0 1
    outer loop
      vertex -27.5 14.949999995529652 4
      vertex 27.5 13.75 4
      vertex 27.5 14.949999995529652 4
    endloop
  endfacet
  facet normal 0 1 0
    outer loop
      vertex -27.5 14.949999995529652 2.4
      vertex 27.5 14.949999995529652 4
      vertex 27.5 14.949999995529652 2.4
    endloop
  endfacet
  facet normal 0 -1 0
    outer loop
      vertex -27.5 13.75 2.4
      vertex 27.5 13.75 2.4
      vertex 27.5 13.75 4
    endloop
  endfacet
  facet normal 0 0 1
    outer loop
      vertex 27.5 14.949999995529652 4
      vertex 27.5 13.75 4
      vertex 27.983714371919632 14.92888057231903 4
    endloop
  endfacet
  facet normal 0 0 1
    outer loop
      vertex 27.983714371919632 14.92888057231903 4
      vertex 27.5 13.75 4
      vertex 27.879127480089664 13.733446933329105 4
    endloop
  endfacet
  facet normal 0 0 1
    outer loop
      vertex 27.983714371919632 14.92888057231903 4
      vertex 27.879127480089664 13.733446933329105 4
      vertex 28.463747389614582 14.865683026611805 4
    endloop
  endfacet
  facet normal 0 0 1
    outer loop
      vertex 28.463747389614582 14.865683026611805 4
      vertex 27.879127480089664 13.733446933329105 4
      vertex 28.25536957383156 13.683913722634315 4
    endloop
  endfacet
  facet normal 0 0 1
    outer loop
      vertex 28.463747389614582 14.865683026611805 4
      vertex 28.25536957383156 13.683913722634315 4
      vertex 28.93644569814205 14.76088833808899 4
    endloop
  endfacet
  facet normal 0 0 1
    outer loop
      vertex 28.25536957383156 13.683913722634315 4
      vertex 28.62586284428835 13.601777344942093 4
      vertex 28.93644569814205 14.76088833808899 4
    endloop
  endfacet
  facet normal 0 0 1
    outer loop
      vertex 28.62586284428835 13.601777344942093 4
      vertex 29.398211792111397 14.6152940467 4
      vertex 28.93644569814205 14.76088833808899 4
    endloop
  endfacet
  facet normal 0 0 1
    outer loop
      vertex 29.398211792111397 14.6152940467 4
      vertex 28.987787626683712 13.487662896513939 4
      vertex 29.845531351864338 14.430008217692375 4
    endloop
  endfacet
  facet normal 0 0 1
    outer loop
      vertex 28.62586284428835 13.601777344942093 4
      vertex 28.987787626683712 13.487662896513939 4
      vertex 29.398211792111397 14.6152940467 4
    endloop
  endfacet
  facet normal 0 0 1
    outer loop
      vertex 29.845531351864338 14.430008217692375 4
      vertex 28.987787626683712 13.487662896513939 4
      vertex 29.338389441370964 13.342438869178295 4
    endloop
  endfacet
  facet normal 0 0 1
    outer loop
      vertex 29.845531351864338 14.430008217692375 4
      vertex 29.338389441370964 13.342438869178295 4
      vertex 30.274999998509884 14.20644099265337 4
    endloop
  endfacet
  facet normal 0 0 1
    outer loop
      vertex 30.274999998509884 14.20644099265337 4
      vertex 29.338389441370964 13.342438869178295 4
      vertex 29.674999997019768 13.167210504412651 4
    endloop
  endfacet
  facet normal 0 0 1
    outer loop
      vertex 30.274999998509884 14.20644099265337 4
      vertex 29.674999997019768 13.167210504412651 4
      vertex 30.68334922194481 13.946293845772743 4
    endloop
  endfacet
  facet normal 0 0 1
    outer loop
      vertex 29.674999997019768 13.167210504412651 4
      vertex 29.995057500898838 12.96331138908863 4
      vertex 30.68334922194481 13.946293845772743 4
    endloop
  endfacet
  facet normal 0 0 1
    outer loop
      vertex 31.067471235990524 13.651546657085419 4
      vertex 29.995057500898838 12.96331138908863 4
      vertex 30.2961261048913 12.73229332268238 4
    endloop
  endfacet
  facet normal 0 0 1
    outer loop
      vertex 30.68334922194481 13.946293845772743 4
      vertex 29.995057500898838 12.96331138908863 4
      vertex 31.067471235990524 13.651546657085419 4
    endloop
  endfacet
  facet normal 0 0 1
    outer loop
      vertex 31.067471235990524 13.651546657085419 4
      vertex 30.2961261048913 12.73229332268238 4
      vertex 31.424442633986473 13.324442632496357 4
    endloop
  endfacet
  facet normal 0 0 1
    outer loop
      vertex 31.424442633986473 13.324442632496357 4
      vertex 30.2961261048913 12.73229332268238 4
      vertex 30.57591449469328 12.475914493203163 4
    endloop
  endfacet
  facet normal 0 0 1
    outer loop
      vertex 31.424442633986473 13.324442632496357 4
      vertex 30.57591449469328 12.475914493203163 4
      vertex 31.751546658575535 12.967471234500408 4
    endloop
  endfacet
  facet normal 0 0 1
    outer loop
      vertex 30.57591449469328 12.475914493203163 4
      vertex 30.832293324172497 12.196126103401184 4
      vertex 31.751546658575535 12.967471234500408 4
    endloop
  endfacet
  facet normal 0 0 1
    outer loop
      vertex 30.832293324172497 12.196126103401184 4
      vertex 31.063311390578747 11.895057499408722 4
      vertex 32.04629384726286 12.583349220454693 4
    endloop
  endfacet
  facet normal 0 0 1
    outer loop
      vertex 30.832293324172497 12.196126103401184 4
      vertex 32.04629384726286 12.583349220454693 4
      vertex 31.751546658575535 12.967471234500408 4
    endloop
  endfacet
  facet normal 0 0 1
    outer loop
      vertex 32.04629384726286 12.583349220454693 4
      vertex 31.063311390578747 11.895057499408722 4
      vertex 32.306440994143486 12.174999997019768 4
    endloop
  endfacet
  facet normal 0 0 1
    outer loop
      vertex 32.306440994143486 12.174999997019768 4
      vertex 31.063311390578747 11.895057499408722 4
      vertex 31.267210505902767 11.574999995529652 4
    endloop
  endfacet
  facet normal 0 0 1
    outer loop
      vertex 31.267210505902767 11.574999995529652 4
      vertex 31.44243887066841 11.238389439880848 4
      vertex 32.53000821918249 11.745531350374222 4
    endloop
  endfacet
  facet normal 0 0 1
    outer loop
      vertex 32.306440994143486 12.174999997019768 4
      vertex 31.267210505902767 11.574999995529652 4
      vertex 32.53000821918249 11.745531350374222 4
    endloop
  endfacet
  facet normal 0 0 1
    outer loop
      vertex 31.44243887066841 11.238389439880848 4
      vertex 32.71529404819012 11.29821179062128 4
      vertex 32.53000821918249 11.745531350374222 4
    endloop
  endfacet
  facet normal 0.043619382488407826 0.999048221794789 0
    outer loop
      vertex 27.5 14.949999995529652 4
      vertex 27.983714371919632 14.92888057231903 4
      vertex 27.5 14.949999995529652 2.4
    endloop
  endfacet
  facet normal 0.13052619222669237 0.9914448613729361 0
    outer loop
      vertex 27.983714371919632 14.92888057231903 4
      vertex 28.463747389614582 14.865683026611805 4
      vertex 27.983714371919632 14.92888057231903 2.4
    endloop
  endfacet
  facet normal 0.2164396070123822 0.9762960086553286 0
    outer loop
      vertex 28.463747389614582 14.865683026611805 4
      vertex 28.93644569814205 14.76088833808899 4
      vertex 28.463747389614582 14.865683026611805 2.4
    endloop
  endfacet
  facet normal -0.043619396327838546 -0.9990482211905464 0
    outer loop
      vertex 27.5 13.75 4
      vertex 27.5 13.75 2.4
      vertex 27.879127480089664 13.733446933329105 4
    endloop
  endfacet
  facet normal -0.13052619055235393 -0.9914448615933669 0
    outer loop
      vertex 27.879127480089664 13.733446933329105 4
      vertex 27.879127480089664 13.733446933329105 2.4
      vertex 28.25536957383156 13.683913722634315 4
    endloop
  endfacet
  facet normal -0.21643960662114065 -0.9762960087420649 0
    outer loop
      vertex 28.25536957383156 13.683913722634315 4
      vertex 28.25536957383156 13.683913722634315 2.4
      vertex 28.62586284428835 13.601777344942093 4
    endloop
  endfacet
  facet normal -0.300705806391866 -0.9537169485765772 0
    outer loop
      vertex 28.62586284428835 13.601777344942093 4
      vertex 28.62586284428835 13.601777344942093 2.4
      vertex 28.987787626683712 13.487662896513939 4
    endloop
  endfacet
  facet normal 0.30070580178692446 0.9537169500285098 0
    outer loop
      vertex 28.93644569814205 14.76088833808899 4
      vertex 29.398211792111397 14.6152940467 4
      vertex 28.93644569814205 14.76088833808899 2.4
    endloop
  endfacet
  facet normal 0.38268343349898004 0.9238795320416141 0
    outer loop
      vertex 29.398211792111397 14.6152940467 4
      vertex 29.845531351864338 14.430008217692375 4
      vertex 29.398211792111397 14.6152940467 2.4
    endloop
  endfacet
  facet normal 0.4617486105542323 0.8870108345737587 0
    outer loop
      vertex 29.845531351864338 14.430008217692375 4
      vertex 30.274999998509884 14.20644099265337 4
      vertex 29.845531351864338 14.430008217692375 2.4
    endloop
  endfacet
  facet normal 0.5372996092376978 0.8433914452453365 0
    outer loop
      vertex 30.274999998509884 14.20644099265337 4
      vertex 30.68334922194481 13.946293845772743 4
      vertex 30.274999998509884 14.20644099265337 2.4
    endloop
  endfacet
  facet normal -0.38268343393856596 -0.9238795318595315 0
    outer loop
      vertex 28.987787626683712 13.487662896513939 4
      vertex 28.987787626683712 13.487662896513939 2.4
      vertex 29.338389441370964 13.342438869178295 4
    endloop
  endfacet
  facet normal -0.4617486145349047 -0.8870108325015518 0
    outer loop
      vertex 29.338389441370964 13.342438869178295 4
      vertex 29.338389441370964 13.342438869178295 2.4
      vertex 29.674999997019768 13.167210504412651 4
    endloop
  endfacet
  facet normal -0.5372996043251097 -0.8433914483750001 0
    outer loop
      vertex 29.674999997019768 13.167210504412651 4
      vertex 29.674999997019768 13.167210504412651 2.4
      vertex 29.995057500898838 12.96331138908863 4
    endloop
  endfacet
  facet normal 0.6087614298318748 0.7933533396596067 0
    outer loop
      vertex 30.68334922194481 13.946293845772743 4
      vertex 31.067471235990524 13.651546657085419 4
      vertex 30.68334922194481 13.946293845772743 2.4
    endloop
  endfacet
  facet normal 0.6755902125249442 0.737277332311594 0
    outer loop
      vertex 31.067471235990524 13.651546657085419 4
      vertex 31.424442633986473 13.324442632496357 4
      vertex 31.067471235990524 13.651546657085419 2.4
    endloop
  endfacet
  facet normal 0.737277332311594 0.6755902125249442 0
    outer loop
      vertex 31.424442633986473 13.324442632496357 4
      vertex 31.751546658575535 12.967471234500408 4
      vertex 31.424442633986473 13.324442632496357 2.4
    endloop
  endfacet
  facet normal -0.6087614312140974 -0.79335333859899 0
    outer loop
      vertex 29.995057500898838 12.96331138908863 4
      vertex 29.995057500898838 12.96331138908863 2.4
      vertex 30.2961261048913 12.73229332268238 4
    endloop
  endfacet
  facet normal -0.6755902158884972 -0.7372773292294654 0
    outer loop
      vertex 30.2961261048913 12.73229332268238 4
      vertex 30.2961261048913 12.73229332268238 2.4
      vertex 30.57591449469328 12.475914493203163 4
    endloop
  endfacet
  facet normal -0.7372773292294654 -0.6755902158884972 0
    outer loop
      vertex 30.57591449469328 12.475914493203163 4
      vertex 30.57591449469328 12.475914493203163 2.4
      vertex 30.832293324172497 12.196126103401184 4
    endloop
  endfacet
  facet normal -0.79335333859899 -0.6087614312140974 0
    outer loop
      vertex 30.832293324172497 12.196126103401184 4
      vertex 30.832293324172497 12.196126103401184 2.4
      vertex 31.063311390578747 11.895057499408722 4
    endloop
  endfacet
  facet normal 0.7933533396596067 0.6087614298318748 0
    outer loop
      vertex 31.751546658575535 12.967471234500408 4
      vertex 32.04629384726286 12.583349220454693 4
      vertex 31.751546658575535 12.967471234500408 2.4
    endloop
  endfacet
  facet normal 0.8433914452453365 0.5372996092376978 0
    outer loop
      vertex 32.04629384726286 12.583349220454693 4
      vertex 32.306440994143486 12.174999997019768 4
      vertex 32.04629384726286 12.583349220454693 2.4
    endloop
  endfacet
  facet normal -0.8433914483750001 -0.5372996043251097 0
    outer loop
      vertex 31.063311390578747 11.895057499408722 4
      vertex 31.063311390578747 11.895057499408722 2.4
      vertex 31.267210505902767 11.574999995529652 4
    endloop
  endfacet
  facet normal -0.8870108325015518 -0.4617486145349047 0
    outer loop
      vertex 31.267210505902767 11.574999995529652 4
      vertex 31.267210505902767 11.574999995529652 2.4
      vertex 31.44243887066841 11.238389439880848 4
    endloop
  endfacet
  facet normal 0.8870108345737587 0.4617486105542323 0
    outer loop
      vertex 32.306440994143486 12.174999997019768 4
      vertex 32.53000821918249 11.745531350374222 4
      vertex 32.306440994143486 12.174999997019768 2.4
    endloop
  endfacet
  facet normal 0.9238795320416141 0.38268343349898004 0
    outer loop
      vertex 32.53000821918249 11.745531350374222 4
      vertex 32.71529404819012 11.29821179062128 4
      vertex 32.53000821918249 11.745531350374222 2.4
    endloop
  endfacet
  facet normal 0 0 1
    outer loop
      vertex 31.44243887066841 11.238389439880848 4
      vertex 31.587662898004055 10.887787625193596 4
      vertex 32.71529404819012 11.29821179062128 4
    endloop
  endfacet
  facet normal 0 0 1
    outer loop
      vertex 32.71529404819012 11.29821179062128 4
      vertex 31.587662898004055 10.887787625193596 4
      vertex 32.860888339579105 10.836445696651936 4
    endloop
  endfacet
  facet normal 0 0 1
    outer loop
      vertex 31.587662898004055 10.887787625193596 4
      vertex 31.70177734643221 10.525862842798233 4
      vertex 32.860888339579105 10.836445696651936 4
    endloop
  endfacet
  facet normal 0 0 1
    outer loop
      vertex 31.70177734643221 10.525862842798233 4
      vertex 32.96568302810192 10.363747388124466 4
      vertex 32.860888339579105 10.836445696651936 4
    endloop
  endfacet
  facet normal 0 0 1
    outer loop
      vertex 31.70177734643221 10.525862842798233 4
      vertex 31.78391372412443 10.155369572341442 4
      vertex 32.96568302810192 10.363747388124466 4
    endloop
  endfacet
  facet normal 0 0 1
    outer loop
      vertex 31.78391372412443 10.155369572341442 4
      vertex 31.83344693481922 9.779127478599548 4
      vertex 33.02888057380915 9.883714370429516 4
    endloop
  endfacet
  facet normal 0 0 1
    outer loop
      vertex 32.96568302810192 10.363747388124466 4
      vertex 31.78391372412443 10.155369572341442 4
      vertex 33.02888057380915 9.883714370429516 4
    endloop
  endfacet
  facet normal 0 0 1
    outer loop
      vertex 31.83344693481922 9.779127478599548 4
      vertex 31.850000001490116 9.399999998509884 4
      vertex 33.04999999701977 9.399999998509884 4
    endloop
  endfacet
  facet normal 0 0 1
    outer loop
      vertex 31.83344693481922 9.779127478599548 4
      vertex 33.04999999701977 9.399999998509884 4
      vertex 33.02888057380915 9.883714370429516 4
    endloop
  endfacet
  facet normal -0.9238795318595315 -0.38268343393856596 0
    outer loop
      vertex 31.44243887066841 11.238389439880848 4
      vertex 31.44243887066841 11.238389439880848 2.4
      vertex 31.587662898004055 10.887787625193596 4
    endloop
  endfacet
  facet normal -0.9537169485765772 -0.300705806391866 0
    outer loop
      vertex 31.587662898004055 10.887787625193596 4
      vertex 31.587662898004055 10.887787625193596 2.4
      vertex 31.70177734643221 10.525862842798233 4
    endloop
  endfacet
  facet normal -0.9762960087420649 -0.21643960662114065 0
    outer loop
      vertex 31.70177734643221 10.525862842798233 4
      vertex 31.70177734643221 10.525862842798233 2.4
      vertex 31.78391372412443 10.155369572341442 4
    endloop
  endfacet
  facet normal 0.9537169500285098 0.30070580178692446 0
    outer loop
      vertex 32.71529404819012 11.29821179062128 4
      vertex 32.860888339579105 10.836445696651936 4
      vertex 32.71529404819012 11.29821179062128 2.4
    endloop
  endfacet
  facet normal 0.9762960086553286 0.2164396070123822 0
    outer loop
      vertex 32.860888339579105 10.836445696651936 4
      vertex 32.96568302810192 10.363747388124466 4
      vertex 32.860888339579105 10.836445696651936 2.4
    endloop
  endfacet
  facet normal -0.9914448615933669 -0.13052619055235393 0
    outer loop
      vertex 31.78391372412443 10.155369572341442 4
      vertex 31.78391372412443 10.155369572341442 2.4
      vertex 31.83344693481922 9.779127478599548 4
    endloop
  endfacet
  facet normal -0.9990482211905464 -0.043619396327838546 0
    outer loop
      vertex 31.83344693481922 9.779127478599548 4
      vertex 31.83344693481922 9.779127478599548 2.4
      vertex 31.850000001490116 9.399999998509884 4
    endloop
  endfacet
  facet normal 0.9914448613729361 0.13052619222669237 0
    outer loop
      vertex 32.96568302810192 10.363747388124466 4
      vertex 33.02888057380915 9.883714370429516 4
      vertex 32.96568302810192 10.363747388124466 2.4
    endloop
  endfacet
  facet normal 0.999048221794789 0.043619382488407826 0
    outer loop
      vertex 33.02888057380915 9.883714370429516 4
      vertex 33.04999999701977 9.399999998509884 4
      vertex 33.02888057380915 9.883714370429516 2.4
    endloop
  endfacet
  facet normal 0.043619382488407826 0.999048221794789 0
    outer loop
      vertex 27.983714371919632 14.92888057231903 4
      vertex 27.983714371919632 14.92888057231903 2.4
      vertex 27.5 14.949999995529652 2.4
    endloop
  endfacet
  facet normal 0.13052619222669237 0.9914448613729361 0
    outer loop
      vertex 28.463747389614582 14.865683026611805 4
      vertex 28.463747389614582 14.865683026611805 2.4
      vertex 27.983714371919632 14.92888057231903 2.4
    endloop
  endfacet
  facet normal 0.21643960701238418 0.9762960086553282 -6.159974969730797e-16
    outer loop
      vertex 28.93644569814205 14.76088833808899 4
      vertex 28.70775377072158 14.811588116085588 2.4
      vertex 28.463747389614582 14.865683026611805 2.4
    endloop
  endfacet
  facet normal 0.21643960701238013 0.9762960086553292 0
    outer loop
      vertex 28.93644569814205 14.76088833808899 4
      vertex 28.93644569814205 14.76088833808899 2.4
      vertex 28.70775377072158 14.811588116085588 2.4
    endloop
  endfacet
  facet normal -0.043619396327838546 -0.9990482211905464 0
    outer loop
      vertex 27.879127480089664 13.733446933329105 4
      vertex 27.5 13.75 2.4
      vertex 27.879127480089664 13.733446933329105 2.4
    endloop
  endfacet
  facet normal -0.13052619055235393 -0.9914448615933669 0
    outer loop
      vertex 28.25536957383156 13.683913722634315 4
      vertex 27.879127480089664 13.733446933329105 2.4
      vertex 28.25536957383156 13.683913722634315 2.4
    endloop
  endfacet
  facet normal -0.21643960662114065 -0.9762960087420649 0
    outer loop
      vertex 28.62586284428835 13.601777344942093 4
      vertex 28.25536957383156 13.683913722634315 2.4
      vertex 28.62586284428835 13.601777344942093 2.4
    endloop
  endfacet
  facet normal -0.300705806391866 -0.9537169485765772 0
    outer loop
      vertex 28.987787626683712 13.487662896513939 4
      vertex 28.62586284428835 13.601777344942093 2.4
      vertex 28.987787626683712 13.487662896513939 2.4
    endloop
  endfacet
  facet normal 0.30070580178692446 0.9537169500285098 0
    outer loop
      vertex 29.398211792111397 14.6152940467 4
      vertex 29.398211792111397 14.6152940467 2.4
      vertex 28.93644569814205 14.76088833808899 2.4
    endloop
  endfacet
  facet normal 0.3826833656148651 0.923879560160132 2.7988710238130512e-8
    outer loop
      vertex 29.845531351864338 14.430008217692375 4
      vertex 29.398211794974472 14.615294045514077 2.4
      vertex 29.398211792111397 14.6152940467 2.4
    endloop
  endfacet
  facet normal 0.3826834334989805 0.923879532041614 0
    outer loop
      vertex 29.845531351864338 14.430008217692375 4
      vertex 29.845531351864338 14.430008217692375 2.4
      vertex 29.398211794974472 14.615294045514077 2.4
    endloop
  endfacet
  facet normal 0.4617486105542343 0.8870108345737577 -7.048436038805423e-16
    outer loop
      vertex 30.274999998509884 14.20644099265337 4
      vertex 30.04746474836268 14.324888345845022 2.4
      vertex 29.845531351864338 14.430008217692375 2.4
    endloop
  endfacet
  facet normal 0.4617486105542304 0.8870108345737595 0
    outer loop
      vertex 30.274999998509884 14.20644099265337 4
      vertex 30.274999998509884 14.20644099265337 2.4
      vertex 30.04746474836268 14.324888345845022 2.4
    endloop
  endfacet
  facet normal 0.5372996092376978 0.8433914452453365 0
    outer loop
      vertex 30.68334922194481 13.946293845772743 4
      vertex 30.68334922194481 13.946293845772743 2.4
      vertex 30.274999998509884 14.20644099265337 2.4
    endloop
  endfacet
  facet normal -0.38268343393856596 -0.9238795318595315 0
    outer loop
      vertex 29.338389441370964 13.342438869178295 4
      vertex 28.987787626683712 13.487662896513939 2.4
      vertex 29.338389441370964 13.342438869178295 2.4
    endloop
  endfacet
  facet normal -0.4617486145349047 -0.8870108325015518 0
    outer loop
      vertex 29.674999997019768 13.167210504412651 4
      vertex 29.338389441370964 13.342438869178295 2.4
      vertex 29.674999997019768 13.167210504412651 2.4
    endloop
  endfacet
  facet normal 0.6087614298318834 0.7933533396596002 -3.3190454642952094e-15
    outer loop
      vertex 31.067471235990524 13.651546657085419 4
      vertex 30.755913312622386 13.890613460518065 2.4
      vertex 30.68334922194481 13.946293845772743 2.4
    endloop
  endfacet
  facet normal 0.6087614298318728 0.7933533396596082 0
    outer loop
      vertex 31.067471235990524 13.651546657085419 4
      vertex 31.067471235990524 13.651546657085419 2.4
      vertex 30.755913312622386 13.890613460518065 2.4
    endloop
  endfacet
  facet normal 0.6755902125249442 0.737277332311594 0
    outer loop
      vertex 31.424442633986473 13.324442632496357 4
      vertex 31.424442633986473 13.324442632496357 2.4
      vertex 31.067471235990524 13.651546657085419 2.4
    endloop
  endfacet
  facet normal 0.737277332311594 0.6755902125249442 0
    outer loop
      vertex 31.751546658575535 12.967471234500408 4
      vertex 31.751546658575535 12.967471234500408 2.4
      vertex 31.424442633986473 13.324442632496357 2.4
    endloop
  endfacet
  facet normal -0.5372996043251097 -0.8433914483750001 0
    outer loop
      vertex 29.995057500898838 12.96331138908863 4
      vertex 29.674999997019768 13.167210504412651 2.4
      vertex 29.995057500898838 12.96331138908863 2.4
    endloop
  endfacet
  facet normal -0.6087614312140974 -0.79335333859899 0
    outer loop
      vertex 30.2961261048913 12.73229332268238 4
      vertex 29.995057500898838 12.96331138908863 2.4
      vertex 30.2961261048913 12.73229332268238 2.4
    endloop
  endfacet
  facet normal -0.6755902158884972 -0.7372773292294654 0
    outer loop
      vertex 30.57591449469328 12.475914493203163 4
      vertex 30.2961261048913 12.73229332268238 2.4
      vertex 30.57591449469328 12.475914493203163 2.4
    endloop
  endfacet
  facet normal -0.7372773292294654 -0.6755902158884972 0
    outer loop
      vertex 30.832293324172497 12.196126103401184 4
      vertex 30.57591449469328 12.475914493203163 2.4
      vertex 30.832293324172497 12.196126103401184 2.4
    endloop
  endfacet
  facet normal 0.7933533396596029 0.6087614298318799 1.8352486077815948e-15
    outer loop
      vertex 32.04629384726286 12.583349220454693 4
      vertex 31.829227916461427 12.866235048446782 2.4
      vertex 31.751546658575535 12.967471234500408 2.4
    endloop
  endfacet
  facet normal 0.7933533396596082 0.6087614298318731 0
    outer loop
      vertex 32.04629384726286 12.583349220454693 4
      vertex 32.04629384726286 12.583349220454693 2.4
      vertex 31.829227916461427 12.866235048446782 2.4
    endloop
  endfacet
  facet normal 0.8433914452453365 0.5372996092376978 0
    outer loop
      vertex 32.306440994143486 12.174999997019768 4
      vertex 32.306440994143486 12.174999997019768 2.4
      vertex 32.04629384726286 12.583349220454693 2.4
    endloop
  endfacet
  facet normal -0.79335333859899 -0.6087614312140974 0
    outer loop
      vertex 31.063311390578747 11.895057499408722 4
      vertex 30.832293324172497 12.196126103401184 2.4
      vertex 31.063311390578747 11.895057499408722 2.4
    endloop
  endfacet
  facet normal -0.8433914483750001 -0.5372996043251097 0
    outer loop
      vertex 31.267210505902767 11.574999995529652 4
      vertex 31.063311390578747 11.895057499408722 2.4
      vertex 31.267210505902767 11.574999995529652 2.4
    endloop
  endfacet
  facet normal -0.8870108325015518 -0.4617486145349047 0
    outer loop
      vertex 31.44243887066841 11.238389439880848 4
      vertex 31.267210505902767 11.574999995529652 2.4
      vertex 31.44243887066841 11.238389439880848 2.4
    endloop
  endfacet
  facet normal 0.8870108345737584 0.4617486105542327 1.825644953746703e-16
    outer loop
      vertex 32.53000821918249 11.745531350374222 4
      vertex 32.521703903756304 11.761483792002373 2.4
      vertex 32.306440994143486 12.174999997019768 2.4
    endloop
  endfacet
  facet normal 0.8870106004599718 0.4617490602823577 0
    outer loop
      vertex 32.53000821918249 11.745531350374222 4
      vertex 32.53000821918249 11.745531350374222 2.4
      vertex 32.53000821829207 11.745531352084708 2.4
    endloop
  endfacet
  facet normal 0.887010834573791 0.46174861055417027 -6.110714115886839e-16
    outer loop
      vertex 32.53000821918249 11.745531350374222 4
      vertex 32.53000821829207 11.745531352084708 2.4
      vertex 32.521703903756304 11.761483792002373 2.4
    endloop
  endfacet
  facet normal 0.9238795320416141 0.38268343349898004 0
    outer loop
      vertex 32.71529404819012 11.29821179062128 4
      vertex 32.71529404819012 11.29821179062128 2.4
      vertex 32.53000821918249 11.745531350374222 2.4
    endloop
  endfacet
  facet normal 0 0 -1
    outer loop
      vertex 28.70775377072158 14.811588116085588 2.4
      vertex 28.93644569814205 14.76088833808899 2.4
      vertex 28.936445700318995 14.760888335904328 2.4
    endloop
  endfacet
  facet normal 0 0 -1
    outer loop
      vertex 28.93644569814205 14.76088833808899 2.4
      vertex 29.398211792111397 14.6152940467 2.4
      vertex 28.936445700318995 14.760888335904328 2.4
    endloop
  endfacet
  facet normal 0 0 -1
    outer loop
      vertex 28.936445700318995 14.760888335904328 2.4
      vertex 29.398211792111397 14.6152940467 2.4
      vertex 29.398211794974472 14.615294045514077 2.4
    endloop
  endfacet
  facet normal 0 0 -1
    outer loop
      vertex 30.04746474836268 14.324888345845022 2.4
      vertex 30.274999998509884 14.20644099265337 2.4
      vertex 30.275000000000002 14.206440991003632 2.4
    endloop
  endfacet
  facet normal 0 0 -1
    outer loop
      vertex 30.274999998509884 14.20644099265337 2.4
      vertex 30.68334922194481 13.946293845772743 2.4
      vertex 30.275000000000002 14.206440991003632 2.4
    endloop
  endfacet
  facet normal 0 0 -1
    outer loop
      vertex 30.275000000000002 14.206440991003632 2.4
      vertex 30.68334922194481 13.946293845772743 2.4
      vertex 30.68334922174831 13.946293845803904 2.4
    endloop
  endfacet
  facet normal 0 0 -1
    outer loop
      vertex 30.68334922194481 13.946293845772743 2.4
      vertex 30.755913312622386 13.890613460518065 2.4
      vertex 30.68334922174831 13.946293845803904 2.4
    endloop
  endfacet
  facet normal 0 0 -1
    outer loop
      vertex 31.829227916461427 12.866235048446782 2.4
      vertex 32.04629384726286 12.583349220454693 2.4
      vertex 32.04629384580391 12.583349221748303 2.4
    endloop
  endfacet
  facet normal 0 0 -1
    outer loop
      vertex 32.04629384726286 12.583349220454693 2.4
      vertex 32.30644099100364 12.174999999999999 2.4
      vertex 32.04629384580391 12.583349221748303 2.4
    endloop
  endfacet
  facet normal 0 0 -1
    outer loop
      vertex 32.04629384726286 12.583349220454693 2.4
      vertex 32.306440994143486 12.174999997019768 2.4
      vertex 32.30644099100364 12.174999999999999 2.4
    endloop
  endfacet
  facet normal 0 0 -1
    outer loop
      vertex 32.306440994143486 12.174999997019768 2.4
      vertex 32.521703903756304 11.761483792002373 2.4
      vertex 32.30644099100364 12.174999999999999 2.4
    endloop
  endfacet
  facet normal 0 0 -1
    outer loop
      vertex 32.53000821918249 11.745531350374222 2.4
      vertex 32.715294045361794 11.29821179545746 2.4
      vertex 32.53000821829207 11.745531352084708 2.4
    endloop
  endfacet
  facet normal 0 0 -1
    outer loop
      vertex 32.53000821918249 11.745531350374222 2.4
      vertex 32.71529404819012 11.29821179062128 2.4
      vertex 32.715294045361794 11.29821179545746 2.4
    endloop
  endfacet
  facet normal -0.9238795318595315 -0.38268343393856596 0
    outer loop
      vertex 31.587662898004055 10.887787625193596 4
      vertex 31.44243887066841 11.238389439880848 2.4
      vertex 31.587662898004055 10.887787625193596 2.4
    endloop
  endfacet
  facet normal -0.9537169485765772 -0.300705806391866 0
    outer loop
      vertex 31.70177734643221 10.525862842798233 4
      vertex 31.587662898004055 10.887787625193596 2.4
      vertex 31.70177734643221 10.525862842798233 2.4
    endloop
  endfacet
  facet normal -0.9762960087420649 -0.21643960662114065 0
    outer loop
      vertex 31.78391372412443 10.155369572341442 4
      vertex 31.70177734643221 10.525862842798233 2.4
      vertex 31.78391372412443 10.155369572341442 2.4
    endloop
  endfacet
  facet normal 0.9537169500285098 0.30070580178692446 0
    outer loop
      vertex 32.860888339579105 10.836445696651936 4
      vertex 32.860888339579105 10.836445696651936 2.4
      vertex 32.71529404819012 11.29821179062128 2.4
    endloop
  endfacet
  facet normal 0.9762960086553282 0.2164396070123839 5.202758370365645e-16
    outer loop
      vertex 32.96568302810192 10.363747388124466 4
      vertex 32.94613456486238 10.451924810452788 2.4
      vertex 32.860888339579105 10.836445696651936 2.4
    endloop
  endfacet
  facet normal 0.9762960086553302 0.21643960701237494 0
    outer loop
      vertex 32.96568302810192 10.363747388124466 4
      vertex 32.96568302810192 10.363747388124466 2.4
      vertex 32.94613456486238 10.451924810452788 2.4
    endloop
  endfacet
  facet normal -0.9914448615933669 -0.13052619055235393 0
    outer loop
      vertex 31.83344693481922 9.779127478599548 4
      vertex 31.78391372412443 10.155369572341442 2.4
      vertex 31.83344693481922 9.779127478599548 2.4
    endloop
  endfacet
  facet normal -0.9990482211905464 -0.043619396327838546 0
    outer loop
      vertex 31.850000001490116 9.399999998509884 4
      vertex 31.83344693481922 9.779127478599548 2.4
      vertex 31.850000001490116 9.399999998509884 2.4
    endloop
  endfacet
  facet normal 0.9914448613729361 0.13052619222669237 0
    outer loop
      vertex 33.02888057380915 9.883714370429516 4
      vertex 33.02888057380915 9.883714370429516 2.4
      vertex 32.96568302810192 10.363747388124466 2.4
    endloop
  endfacet
  facet normal 0.999048221794789 0.043619382488407826 0
    outer loop
      vertex 33.04999999701977 9.399999998509884 4
      vertex 33.04999999701977 9.399999998509884 2.4
      vertex 33.02888057380915 9.883714370429516 2.4
    endloop
  endfacet
  facet normal 0 0 -1
    outer loop
      vertex 32.71529404819012 11.29821179062128 2.4
      vertex 32.860888335904335 10.836445700318988 2.4
      vertex 32.715294045361794 11.29821179545746 2.4
    endloop
  endfacet
  facet normal 0 0 -1
    outer loop
      vertex 32.71529404819012 11.29821179062128 2.4
      vertex 32.860888339579105 10.836445696651936 2.4
      vertex 32.860888335904335 10.836445700318988 2.4
    endloop
  endfacet
  facet normal 0 0 -1
    outer loop
      vertex 32.860888339579105 10.836445696651936 2.4
      vertex 32.94613456486238 10.451924810452788 2.4
      vertex 32.860888335904335 10.836445700318988 2.4
    endloop
  endfacet
  facet normal 0 0 1
    outer loop
      vertex 31.850000001490116 9.399999998509884 4
      vertex 31.850000001490116 -9.399999998509884 4
      vertex 33.04999999701977 9.399999998509884 4
    endloop
  endfacet
  facet normal -1 0 0
    outer loop
      vertex 31.850000001490116 9.399999998509884 4
      vertex 31.850000001490116 9.399999998509884 2.4
      vertex 31.850000001490116 -9.399999998509884 4
    endloop
  endfacet
  facet normal 1 0 0
    outer loop
      vertex 33.04999999701977 9.399999998509884 4
      vertex 33.04999999701977 -9.399999998509884 4
      vertex 33.04999999701977 9.399999998509884 2.4
    endloop
  endfacet
  facet normal 0 0 1
    outer loop
      vertex -27.5 -13.75 4
      vertex 27.5 -14.949999995529652 4
      vertex 27.5 -13.75 4
    endloop
  endfacet
  facet normal 0 1 0
    outer loop
      vertex -27.5 -13.75 4
      vertex 27.5 -13.75 4
      vertex 27.5 -13.75 2.4
    endloop
  endfacet
  facet normal 0 -1 0
    outer loop
      vertex -27.5 -14.949999995529652 4
      vertex 27.5 -14.949999995529652 2.4
      vertex 27.5 -14.949999995529652 4
    endloop
  endfacet
  facet normal 0 0 1
    outer loop
      vertex 33.04999999701977 9.399999998509884 4
      vertex 31.850000001490116 -9.399999998509884 4
      vertex 33.04999999701977 -9.399999998509884 4
    endloop
  endfacet
  facet normal -1 0 0
    outer loop
      vertex 31.850000001490116 9.399999998509884 2.4
      vertex 31.850000001490116 -9.399999998509884 2.4
      vertex 31.850000001490116 -9.399999998509884 4
    endloop
  endfacet
  facet normal 1 0 0
    outer loop
      vertex 33.04999999701977 9.399999998509884 2.4
      vertex 33.04999999701977 -9.399999998509884 4
      vertex 33.04999999701977 -9.399999998509884 2.4
    endloop
  endfacet
  facet normal 0 0 1
    outer loop
      vertex 31.850000001490116 -9.399999998509884 4
      vertex 31.83344693481922 -9.779127478599548 4
      vertex 33.04999999701977 -9.399999998509884 4
    endloop
  endfacet
  facet normal 0 0 1
    outer loop
      vertex 31.83344693481922 -9.779127478599548 4
      vertex 33.02888057380915 -9.883714370429516 4
      vertex 33.04999999701977 -9.399999998509884 4
    endloop
  endfacet
  facet normal 0 0 1
    outer loop
      vertex 31.83344693481922 -9.779127478599548 4
      vertex 31.78391372412443 -10.155369572341442 4
      vertex 33.02888057380915 -9.883714370429516 4
    endloop
  endfacet
  facet normal 0 0 1
    outer loop
      vertex 31.78391372412443 -10.155369572341442 4
      vertex 32.96568302810192 -10.363747388124466 4
      vertex 33.02888057380915 -9.883714370429516 4
    endloop
  endfacet
  facet normal 0 0 1
    outer loop
      vertex 31.587662898004055 -10.887787625193596 4
      vertex 31.44243887066841 -11.238389439880848 4
      vertex 32.71529404819012 -11.29821179062128 4
    endloop
  endfacet
  facet normal 0 0 1
    outer loop
      vertex 31.78391372412443 -10.155369572341442 4
      vertex 31.70177734643221 -10.525862842798233 4
      vertex 32.96568302810192 -10.363747388124466 4
    endloop
  endfacet
  facet normal 0 0 1
    outer loop
      vertex 31.70177734643221 -10.525862842798233 4
      vertex 32.860888339579105 -10.836445696651936 4
      vertex 32.96568302810192 -10.363747388124466 4
    endloop
  endfacet
  facet normal 0 0 1
    outer loop
      vertex 31.70177734643221 -10.525862842798233 4
      vertex 31.587662898004055 -10.887787625193596 4
      vertex 32.860888339579105 -10.836445696651936 4
    endloop
  endfacet
  facet normal 0 0 1
    outer loop
      vertex 31.587662898004055 -10.887787625193596 4
      vertex 32.71529404819012 -11.29821179062128 4
      vertex 32.860888339579105 -10.836445696651936 4
    endloop
  endfacet
  facet normal -0.9990482211905464 0.043619396327838546 0
    outer loop
      vertex 31.850000001490116 -9.399999998509884 4
      vertex 31.850000001490116 -9.399999998509884 2.4
      vertex 31.83344693481922 -9.779127478599548 4
    endloop
  endfacet
  facet normal -0.9914448615933669 0.13052619055235393 0
    outer loop
      vertex 31.83344693481922 -9.779127478599548 4
      vertex 31.83344693481922 -9.779127478599548 2.4
      vertex 31.78391372412443 -10.155369572341442 4
    endloop
  endfacet
  facet normal 0.999048221794789 -0.043619382488407826 0
    outer loop
      vertex 33.04999999701977 -9.399999998509884 4
      vertex 33.02888057380915 -9.883714370429516 4
      vertex 33.04999999701977 -9.399999998509884 2.4
    endloop
  endfacet
  facet normal 0.9914448613729361 -0.13052619222669237 0
    outer loop
      vertex 33.02888057380915 -9.883714370429516 4
      vertex 32.96568302810192 -10.363747388124466 4
      vertex 33.02888057380915 -9.883714370429516 2.4
    endloop
  endfacet
  facet normal -0.9762960087420649 0.21643960662114065 0
    outer loop
      vertex 31.78391372412443 -10.155369572341442 4
      vertex 31.78391372412443 -10.155369572341442 2.4
      vertex 31.70177734643221 -10.525862842798233 4
    endloop
  endfacet
  facet normal -0.9537169485765772 0.300705806391866 0
    outer loop
      vertex 31.70177734643221 -10.525862842798233 4
      vertex 31.70177734643221 -10.525862842798233 2.4
      vertex 31.587662898004055 -10.887787625193596 4
    endloop
  endfacet
  facet normal -0.9238795318595315 0.38268343393856596 0
    outer loop
      vertex 31.587662898004055 -10.887787625193596 4
      vertex 31.587662898004055 -10.887787625193596 2.4
      vertex 31.44243887066841 -11.238389439880848 4
    endloop
  endfacet
  facet normal 0.9762960086553286 -0.2164396070123822 0
    outer loop
      vertex 32.96568302810192 -10.363747388124466 4
      vertex 32.860888339579105 -10.836445696651936 4
      vertex 32.96568302810192 -10.363747388124466 2.4
    endloop
  endfacet
  facet normal 0.9537169500285098 -0.30070580178692446 0
    outer loop
      vertex 32.860888339579105 -10.836445696651936 4
      vertex 32.71529404819012 -11.29821179062128 4
      vertex 32.860888339579105 -10.836445696651936 2.4
    endloop
  endfacet
  facet normal 0 0 1
    outer loop
      vertex 28.25536957383156 -13.683913722634315 4
      vertex 28.93644569814205 -14.76088833808899 4
      vertex 28.62586284428835 -13.601777344942093 4
    endloop
  endfacet
  facet normal 0 0 1
    outer loop
      vertex 27.5 -13.75 4
      vertex 27.983714371919632 -14.92888057231903 4
      vertex 27.879127480089664 -13.733446933329105 4
    endloop
  endfacet
  facet normal 0 0 1
    outer loop
      vertex 27.5 -13.75 4
      vertex 27.5 -14.949999995529652 4
      vertex 27.983714371919632 -14.92888057231903 4
    endloop
  endfacet
  facet normal 0 0 1
    outer loop
      vertex 27.879127480089664 -13.733446933329105 4
      vertex 28.463747389614582 -14.865683026611805 4
      vertex 28.25536957383156 -13.683913722634315 4
    endloop
  endfacet
  facet normal 0 0 1
    outer loop
      vertex 28.25536957383156 -13.683913722634315 4
      vertex 28.463747389614582 -14.865683026611805 4
      vertex 28.93644569814205 -14.76088833808899 4
    endloop
  endfacet
  facet normal 0 0 1
    outer loop
      vertex 27.879127480089664 -13.733446933329105 4
      vertex 27.983714371919632 -14.92888057231903 4
      vertex 28.463747389614582 -14.865683026611805 4
    endloop
  endfacet
  facet normal 0 0 1
    outer loop
      vertex 30.57591449469328 -12.475914493203163 4
      vertex 30.2961261048913 -12.73229332268238 4
      vertex 31.424442633986473 -13.324442632496357 4
    endloop
  endfacet
  facet normal 0 0 1
    outer loop
      vertex 31.44243887066841 -11.238389439880848 4
      vertex 31.267210505902767 -11.574999995529652 4
      vertex 32.53000821918249 -11.745531350374222 4
    endloop
  endfacet
  facet normal 0 0 1
    outer loop
      vertex 31.267210505902767 -11.574999995529652 4
      vertex 31.063311390578747 -11.895057499408722 4
      vertex 32.306440994143486 -12.174999997019768 4
    endloop
  endfacet
  facet normal 0 0 1
    outer loop
      vertex 31.44243887066841 -11.238389439880848 4
      vertex 32.53000821918249 -11.745531350374222 4
      vertex 32.71529404819012 -11.29821179062128 4
    endloop
  endfacet
  facet normal 0 0 1
    outer loop
      vertex 31.267210505902767 -11.574999995529652 4
      vertex 32.306440994143486 -12.174999997019768 4
      vertex 32.53000821918249 -11.745531350374222 4
    endloop
  endfacet
  facet normal 0 0 1
    outer loop
      vertex 30.832293324172497 -12.196126103401184 4
      vertex 32.04629384726286 -12.583349220454693 4
      vertex 31.063311390578747 -11.895057499408722 4
    endloop
  endfacet
  facet normal 0 0 1
    outer loop
      vertex 30.832293324172497 -12.196126103401184 4
      vertex 30.57591449469328 -12.475914493203163 4
      vertex 31.751546658575535 -12.967471234500408 4
    endloop
  endfacet
  facet normal 0 0 1
    outer loop
      vertex 31.063311390578747 -11.895057499408722 4
      vertex 32.04629384726286 -12.583349220454693 4
      vertex 32.306440994143486 -12.174999997019768 4
    endloop
  endfacet
  facet normal 0 0 1
    outer loop
      vertex 30.832293324172497 -12.196126103401184 4
      vertex 31.751546658575535 -12.967471234500408 4
      vertex 32.04629384726286 -12.583349220454693 4
    endloop
  endfacet
  facet normal 0 0 1
    outer loop
      vertex 30.57591449469328 -12.475914493203163 4
      vertex 31.424442633986473 -13.324442632496357 4
      vertex 31.751546658575535 -12.967471234500408 4
    endloop
  endfacet
  facet normal 0 0 1
    outer loop
      vertex 28.987787626683712 -13.487662896513939 4
      vertex 29.845531351864338 -14.430008217692375 4
      vertex 29.338389441370964 -13.342438869178295 4
    endloop
  endfacet
  facet normal 0 0 1
    outer loop
      vertex 28.62586284428835 -13.601777344942093 4
      vertex 29.398211792111397 -14.6152940467 4
      vertex 28.987787626683712 -13.487662896513939 4
    endloop
  endfacet
  facet normal 0 0 1
    outer loop
      vertex 29.338389441370964 -13.342438869178295 4
      vertex 30.274999998509884 -14.20644099265337 4
      vertex 29.674999997019768 -13.167210504412651 4
    endloop
  endfacet
  facet normal 0 0 1
    outer loop
      vertex 29.338389441370964 -13.342438869178295 4
      vertex 29.845531351864338 -14.430008217692375 4
      vertex 30.274999998509884 -14.20644099265337 4
    endloop
  endfacet
  facet normal 0 0 1
    outer loop
      vertex 30.2961261048913 -12.73229332268238 4
      vertex 29.995057500898838 -12.96331138908863 4
      vertex 31.067471235990524 -13.651546657085419 4
    endloop
  endfacet
  facet normal 0 0 1
    outer loop
      vertex 29.995057500898838 -12.96331138908863 4
      vertex 29.674999997019768 -13.167210504412651 4
      vertex 30.68334922194481 -13.946293845772743 4
    endloop
  endfacet
  facet normal 0 0 1
    outer loop
      vertex 30.2961261048913 -12.73229332268238 4
      vertex 31.067471235990524 -13.651546657085419 4
      vertex 31.424442633986473 -13.324442632496357 4
    endloop
  endfacet
  facet normal 0 0 1
    outer loop
      vertex 29.995057500898838 -12.96331138908863 4
      vertex 30.68334922194481 -13.946293845772743 4
      vertex 31.067471235990524 -13.651546657085419 4
    endloop
  endfacet
  facet normal 0 0 1
    outer loop
      vertex 29.674999997019768 -13.167210504412651 4
      vertex 30.274999998509884 -14.20644099265337 4
      vertex 30.68334922194481 -13.946293845772743 4
    endloop
  endfacet
  facet normal 0 0 1
    outer loop
      vertex 28.987787626683712 -13.487662896513939 4
      vertex 29.398211792111397 -14.6152940467 4
      vertex 29.845531351864338 -14.430008217692375 4
    endloop
  endfacet
  facet normal 0 0 1
    outer loop
      vertex 28.62586284428835 -13.601777344942093 4
      vertex 28.93644569814205 -14.76088833808899 4
      vertex 29.398211792111397 -14.6152940467 4
    endloop
  endfacet
  facet normal -0.043619396327838546 0.9990482211905464 0
    outer loop
      vertex 27.5 -13.75 4
      vertex 27.879127480089664 -13.733446933329105 4
      vertex 27.879127480089664 -13.733446933329105 2.4
    endloop
  endfacet
  facet normal -0.300705806391866 0.9537169485765772 0
    outer loop
      vertex 28.62586284428835 -13.601777344942093 4
      vertex 28.987787626683712 -13.487662896513939 4
      vertex 28.987787626683712 -13.487662896513939 2.4
    endloop
  endfacet
  facet normal -0.13052619055235393 0.9914448615933669 0
    outer loop
      vertex 27.879127480089664 -13.733446933329105 4
      vertex 28.25536957383156 -13.683913722634315 4
      vertex 28.25536957383156 -13.683913722634315 2.4
    endloop
  endfacet
  facet normal -0.21643960662114065 0.9762960087420649 0
    outer loop
      vertex 28.25536957383156 -13.683913722634315 4
      vertex 28.62586284428835 -13.601777344942093 4
      vertex 28.62586284428835 -13.601777344942093 2.4
    endloop
  endfacet
  facet normal 0.043619382488407826 -0.999048221794789 0
    outer loop
      vertex 27.5 -14.949999995529652 4
      vertex 27.983714371919632 -14.92888057231903 2.4
      vertex 27.983714371919632 -14.92888057231903 4
    endloop
  endfacet
  facet normal 0.13052619222669237 -0.9914448613729361 0
    outer loop
      vertex 27.983714371919632 -14.92888057231903 4
      vertex 28.463747389614582 -14.865683026611805 2.4
      vertex 28.463747389614582 -14.865683026611805 4
    endloop
  endfacet
  facet normal 0.2164396070123822 -0.9762960086553286 0
    outer loop
      vertex 28.463747389614582 -14.865683026611805 4
      vertex 28.93644569814205 -14.76088833808899 2.4
      vertex 28.93644569814205 -14.76088833808899 4
    endloop
  endfacet
  facet normal -0.5372996043251097 0.8433914483750001 0
    outer loop
      vertex 29.995057500898838 -12.96331138908863 4
      vertex 29.995057500898838 -12.96331138908863 2.4
      vertex 29.674999997019768 -13.167210504412651 4
    endloop
  endfacet
  facet normal -0.7372773292294654 0.6755902158884972 0
    outer loop
      vertex 30.832293324172497 -12.196126103401184 4
      vertex 30.832293324172497 -12.196126103401184 2.4
      vertex 30.57591449469328 -12.475914493203163 4
    endloop
  endfacet
  facet normal -0.6755902158884972 0.7372773292294654 0
    outer loop
      vertex 30.57591449469328 -12.475914493203163 4
      vertex 30.57591449469328 -12.475914493203163 2.4
      vertex 30.2961261048913 -12.73229332268238 4
    endloop
  endfacet
  facet normal -0.6087614312140974 0.79335333859899 0
    outer loop
      vertex 30.2961261048913 -12.73229332268238 4
      vertex 30.2961261048913 -12.73229332268238 2.4
      vertex 29.995057500898838 -12.96331138908863 4
    endloop
  endfacet
  facet normal -0.8870108325015518 0.4617486145349047 0
    outer loop
      vertex 31.44243887066841 -11.238389439880848 4
      vertex 31.44243887066841 -11.238389439880848 2.4
      vertex 31.267210505902767 -11.574999995529652 4
    endloop
  endfacet
  facet normal -0.8433914483750001 0.5372996043251097 0
    outer loop
      vertex 31.267210505902767 -11.574999995529652 4
      vertex 31.267210505902767 -11.574999995529652 2.4
      vertex 31.063311390578747 -11.895057499408722 4
    endloop
  endfacet
  facet normal -0.79335333859899 0.6087614312140974 0
    outer loop
      vertex 30.832293324172497 -12.196126103401184 4
      vertex 31.063311390578747 -11.895057499408722 4
      vertex 31.063311390578747 -11.895057499408722 2.4
    endloop
  endfacet
  facet normal 0.9238795320416141 -0.38268343349898004 0
    outer loop
      vertex 32.71529404819012 -11.29821179062128 4
      vertex 32.53000821918249 -11.745531350374222 4
      vertex 32.71529404819012 -11.29821179062128 2.4
    endloop
  endfacet
  facet normal 0.8870108345737587 -0.4617486105542323 0
    outer loop
      vertex 32.53000821918249 -11.745531350374222 4
      vertex 32.306440994143486 -12.174999997019768 4
      vertex 32.53000821918249 -11.745531350374222 2.4
    endloop
  endfacet
  facet normal 0.7933533396596067 -0.6087614298318748 0
    outer loop
      vertex 31.751546658575535 -12.967471234500408 4
      vertex 32.04629384726286 -12.583349220454693 2.4
      vertex 32.04629384726286 -12.583349220454693 4
    endloop
  endfacet
  facet normal 0.8433914452453365 -0.5372996092376978 0
    outer loop
      vertex 32.306440994143486 -12.174999997019768 4
      vertex 32.04629384726286 -12.583349220454693 4
      vertex 32.306440994143486 -12.174999997019768 2.4
    endloop
  endfacet
  facet normal -0.38268343393856596 0.9238795318595315 0
    outer loop
      vertex 28.987787626683712 -13.487662896513939 4
      vertex 29.338389441370964 -13.342438869178295 4
      vertex 29.338389441370964 -13.342438869178295 2.4
    endloop
  endfacet
  facet normal -0.4617486145349047 0.8870108325015518 0
    outer loop
      vertex 29.338389441370964 -13.342438869178295 4
      vertex 29.674999997019768 -13.167210504412651 4
      vertex 29.674999997019768 -13.167210504412651 2.4
    endloop
  endfacet
  facet normal 0.6087614298318748 -0.7933533396596067 3.5828424634062514e-17
    outer loop
      vertex 30.68334922194481 -13.946293845772743 4
      vertex 31.067471235967666 -13.651546657102958 2.4
      vertex 31.067471235990524 -13.651546657085419 4
    endloop
  endfacet
  facet normal 0.30070580178692446 -0.9537169500285098 0
    outer loop
      vertex 29.398211792111397 -14.6152940467 4
      vertex 28.93644569814205 -14.76088833808899 4
      vertex 29.398211792111397 -14.6152940467 2.4
    endloop
  endfacet
  facet normal 0.38268343349898004 -0.9238795320416141 0
    outer loop
      vertex 29.845531351864338 -14.430008217692375 4
      vertex 29.398211792111397 -14.6152940467 4
      vertex 29.845531351864338 -14.430008217692375 2.4
    endloop
  endfacet
  facet normal 0.4617486105542323 -0.8870108345737587 0
    outer loop
      vertex 29.845531351864338 -14.430008217692375 4
      vertex 30.274999998509884 -14.20644099265337 2.4
      vertex 30.274999998509884 -14.20644099265337 4
    endloop
  endfacet
  facet normal 0.5372996092376978 -0.8433914452453365 0
    outer loop
      vertex 30.68334922194481 -13.946293845772743 4
      vertex 30.274999998509884 -14.20644099265337 4
      vertex 30.68334922194481 -13.946293845772743 2.4
    endloop
  endfacet
  facet normal 0.6755902125249442 -0.737277332311594 0
    outer loop
      vertex 31.424442633986473 -13.324442632496357 4
      vertex 31.067471235990524 -13.651546657085419 4
      vertex 31.424442633986473 -13.324442632496357 2.4
    endloop
  endfacet
  facet normal 0.737277332311594 -0.6755902125249442 0
    outer loop
      vertex 31.751546658575535 -12.967471234500408 4
      vertex 31.424442633986473 -13.324442632496357 4
      vertex 31.751546658575535 -12.967471234500408 2.4
    endloop
  endfacet
  facet normal -0.9990482211905464 0.043619396327838546 0
    outer loop
      vertex 31.83344693481922 -9.779127478599548 4
      vertex 31.850000001490116 -9.399999998509884 2.4
      vertex 31.83344693481922 -9.779127478599548 2.4
    endloop
  endfacet
  facet normal -0.9914448615933669 0.13052619055235393 0
    outer loop
      vertex 31.78391372412443 -10.155369572341442 4
      vertex 31.83344693481922 -9.779127478599548 2.4
      vertex 31.78391372412443 -10.155369572341442 2.4
    endloop
  endfacet
  facet normal 0.999048221794789 -0.043619382488407826 0
    outer loop
      vertex 33.02888057380915 -9.883714370429516 4
      vertex 33.02888057380915 -9.883714370429516 2.4
      vertex 33.04999999701977 -9.399999998509884 2.4
    endloop
  endfacet
  facet normal 0.9914448613729361 -0.13052619222669237 0
    outer loop
      vertex 32.96568302810192 -10.363747388124466 4
      vertex 32.96568302810192 -10.363747388124466 2.4
      vertex 33.02888057380915 -9.883714370429516 2.4
    endloop
  endfacet
  facet normal -0.9762960087420649 0.21643960662114065 0
    outer loop
      vertex 31.70177734643221 -10.525862842798233 4
      vertex 31.78391372412443 -10.155369572341442 2.4
      vertex 31.70177734643221 -10.525862842798233 2.4
    endloop
  endfacet
  facet normal -0.9238795318595315 0.38268343393856596 0
    outer loop
      vertex 31.44243887066841 -11.238389439880848 4
      vertex 31.587662898004055 -10.887787625193596 2.4
      vertex 31.44243887066841 -11.238389439880848 2.4
    endloop
  endfacet
  facet normal -0.9537169485765772 0.300705806391866 0
    outer loop
      vertex 31.587662898004055 -10.887787625193596 4
      vertex 31.70177734643221 -10.525862842798233 2.4
      vertex 31.587662898004055 -10.887787625193596 2.4
    endloop
  endfacet
  facet normal 0.9762960086553302 -0.21643960701237483 2.2567956560441965e-15
    outer loop
      vertex 32.860888339579105 -10.836445696651936 4
      vertex 32.94613456486238 -10.451924810452788 2.4
      vertex 32.96568302810192 -10.363747388124466 2.4
    endloop
  endfacet
  facet normal 0.9762960086553282 -0.2164396070123839 0
    outer loop
      vertex 32.860888339579105 -10.836445696651936 4
      vertex 32.860888339579105 -10.836445696651936 2.4
      vertex 32.94613456486238 -10.451924810452788 2.4
    endloop
  endfacet
  facet normal 0.9537169500285098 -0.30070580178692446 0
    outer loop
      vertex 32.71529404819012 -11.29821179062128 4
      vertex 32.71529404819012 -11.29821179062128 2.4
      vertex 32.860888339579105 -10.836445696651936 2.4
    endloop
  endfacet
  facet normal 0 0 -1
    outer loop
      vertex 32.94613456486238 -10.451924810452788 2.4
      vertex 32.860888339579105 -10.836445696651936 2.4
      vertex 32.860888335904335 -10.836445700318988 2.4
    endloop
  endfacet
  facet normal 0 0 -1
    outer loop
      vertex 32.860888339579105 -10.836445696651936 2.4
      vertex 32.71529404819012 -11.29821179062128 2.4
      vertex 32.715294045361794 -11.29821179545746 2.4
    endloop
  endfacet
  facet normal 0 0 -1
    outer loop
      vertex 32.860888339579105 -10.836445696651936 2.4
      vertex 32.715294045361794 -11.29821179545746 2.4
      vertex 32.860888335904335 -10.836445700318988 2.4
    endloop
  endfacet
  facet normal -0.043619396327838546 0.9990482211905464 0
    outer loop
      vertex 27.5 -13.75 4
      vertex 27.879127480089664 -13.733446933329105 2.4
      vertex 27.5 -13.75 2.4
    endloop
  endfacet
  facet normal -0.13052619055235393 0.9914448615933669 0
    outer loop
      vertex 27.879127480089664 -13.733446933329105 4
      vertex 28.25536957383156 -13.683913722634315 2.4
      vertex 27.879127480089664 -13.733446933329105 2.4
    endloop
  endfacet
  facet normal -0.21643960662114065 0.9762960087420649 0
    outer loop
      vertex 28.25536957383156 -13.683913722634315 4
      vertex 28.62586284428835 -13.601777344942093 2.4
      vertex 28.25536957383156 -13.683913722634315 2.4
    endloop
  endfacet
  facet normal -0.300705806391866 0.9537169485765772 0
    outer loop
      vertex 28.62586284428835 -13.601777344942093 4
      vertex 28.987787626683712 -13.487662896513939 2.4
      vertex 28.62586284428835 -13.601777344942093 2.4
    endloop
  endfacet
  facet normal 0.043619382488407826 -0.999048221794789 0
    outer loop
      vertex 27.5 -14.949999995529652 4
      vertex 27.5 -14.949999995529652 2.4
      vertex 27.983714371919632 -14.92888057231903 2.4
    endloop
  endfacet
  facet normal 0.13052619222669237 -0.9914448613729361 0
    outer loop
      vertex 27.983714371919632 -14.92888057231903 4
      vertex 27.983714371919632 -14.92888057231903 2.4
      vertex 28.463747389614582 -14.865683026611805 2.4
    endloop
  endfacet
  facet normal 0.21643960701238427 -0.9762960086553282 0
    outer loop
      vertex 28.463747389614582 -14.865683026611805 4
      vertex 28.463747389614582 -14.865683026611805 2.4
      vertex 28.70775377072158 -14.811588116085588 2.4
    endloop
  endfacet
  facet normal 0.21643960701238008 -0.9762960086553292 -6.572480353931227e-16
    outer loop
      vertex 28.463747389614582 -14.865683026611805 4
      vertex 28.70775377072158 -14.811588116085588 2.4
      vertex 28.93644569814205 -14.76088833808899 2.4
    endloop
  endfacet
  facet normal -0.79335333859899 0.6087614312140974 0
    outer loop
      vertex 30.832293324172497 -12.196126103401184 4
      vertex 31.063311390578747 -11.895057499408722 2.4
      vertex 30.832293324172497 -12.196126103401184 2.4
    endloop
  endfacet
  facet normal -0.7372773292294654 0.6755902158884972 0
    outer loop
      vertex 30.57591449469328 -12.475914493203163 4
      vertex 30.832293324172497 -12.196126103401184 2.4
      vertex 30.57591449469328 -12.475914493203163 2.4
    endloop
  endfacet
  facet normal -0.6755902158884972 0.7372773292294654 0
    outer loop
      vertex 30.2961261048913 -12.73229332268238 4
      vertex 30.57591449469328 -12.475914493203163 2.4
      vertex 30.2961261048913 -12.73229332268238 2.4
    endloop
  endfacet
  facet normal -0.6087614312140974 0.79335333859899 0
    outer loop
      vertex 29.995057500898838 -12.96331138908863 4
      vertex 30.2961261048913 -12.73229332268238 2.4
      vertex 29.995057500898838 -12.96331138908863 2.4
    endloop
  endfacet
  facet normal -0.8870108325015518 0.4617486145349047 0
    outer loop
      vertex 31.267210505902767 -11.574999995529652 4
      vertex 31.44243887066841 -11.238389439880848 2.4
      vertex 31.267210505902767 -11.574999995529652 2.4
    endloop
  endfacet
  facet normal -0.8433914483750001 0.5372996043251097 0
    outer loop
      vertex 31.063311390578747 -11.895057499408722 4
      vertex 31.267210505902767 -11.574999995529652 2.4
      vertex 31.063311390578747 -11.895057499408722 2.4
    endloop
  endfacet
  facet normal 0.9238795320416141 -0.38268343349898004 0
    outer loop
      vertex 32.53000821918249 -11.745531350374222 4
      vertex 32.53000821918249 -11.745531350374222 2.4
      vertex 32.71529404819012 -11.29821179062128 2.4
    endloop
  endfacet
  facet normal 0.8870106078895151 -0.4617490460103298 -1.5292851442766025e-7
    outer loop
      vertex 32.306440994143486 -12.174999997019768 4
      vertex 32.53000821829207 -11.745531352084708 2.4
      vertex 32.53000821918249 -11.745531350374222 2.4
    endloop
  endfacet
  facet normal 0.8870108345737912 -0.4617486105541699 2.0738174418231345e-14
    outer loop
      vertex 32.306440994143486 -12.174999997019768 4
      vertex 32.521703903756304 -11.761483792002373 2.4
      vertex 32.53000821829207 -11.745531352084708 2.4
    endloop
  endfacet
  facet normal 0.8870108345737584 -0.46174861055423283 0
    outer loop
      vertex 32.306440994143486 -12.174999997019768 4
      vertex 32.306440994143486 -12.174999997019768 2.4
      vertex 32.521703903756304 -11.761483792002373 2.4
    endloop
  endfacet
  facet normal 0.7933533396596082 -0.6087614298318731 6.750232182144594e-16
    outer loop
      vertex 31.751546658575535 -12.967471234500408 4
      vertex 31.829227916461427 -12.866235048446782 2.4
      vertex 32.04629384726286 -12.583349220454693 2.4
    endloop
  endfacet
  facet normal 0.793353339659603 -0.6087614298318798 0
    outer loop
      vertex 31.751546658575535 -12.967471234500408 4
      vertex 31.751546658575535 -12.967471234500408 2.4
      vertex 31.829227916461427 -12.866235048446782 2.4
    endloop
  endfacet
  facet normal 0.8433914452453365 -0.5372996092376978 0
    outer loop
      vertex 32.04629384726286 -12.583349220454693 4
      vertex 32.04629384726286 -12.583349220454693 2.4
      vertex 32.306440994143486 -12.174999997019768 2.4
    endloop
  endfacet
  facet normal -0.38268343393856596 0.9238795318595315 0
    outer loop
      vertex 28.987787626683712 -13.487662896513939 4
      vertex 29.338389441370964 -13.342438869178295 2.4
      vertex 28.987787626683712 -13.487662896513939 2.4
    endloop
  endfacet
  facet normal -0.4617486145349047 0.8870108325015518 0
    outer loop
      vertex 29.338389441370964 -13.342438869178295 4
      vertex 29.674999997019768 -13.167210504412651 2.4
      vertex 29.338389441370964 -13.342438869178295 2.4
    endloop
  endfacet
  facet normal -0.5372996043251097 0.8433914483750001 0
    outer loop
      vertex 29.674999997019768 -13.167210504412651 4
      vertex 29.995057500898838 -12.96331138908863 2.4
      vertex 29.674999997019768 -13.167210504412651 2.4
    endloop
  endfacet
  facet normal 0.6087614298318833 -0.7933533396596002 0
    outer loop
      vertex 30.68334922194481 -13.946293845772743 4
      vertex 30.68334922194481 -13.946293845772743 2.4
      vertex 30.755913312622386 -13.890613460518065 2.4
    endloop
  endfacet
  facet normal 0.6087614298318728 -0.7933533396596083 -7.619863806621693e-16
    outer loop
      vertex 30.68334922194481 -13.946293845772743 4
      vertex 30.755913312622386 -13.890613460518065 2.4
      vertex 31.067471235967666 -13.651546657102958 2.4
    endloop
  endfacet
  facet normal 0.46174861055423444 -0.8870108345737576 0
    outer loop
      vertex 29.845531351864338 -14.430008217692375 4
      vertex 29.845531351864338 -14.430008217692375 2.4
      vertex 30.04746474836268 -14.324888345845022 2.4
    endloop
  endfacet
  facet normal 0.30070580178692446 -0.9537169500285098 0
    outer loop
      vertex 28.93644569814205 -14.76088833808899 4
      vertex 28.93644569814205 -14.76088833808899 2.4
      vertex 29.398211792111397 -14.6152940467 2.4
    endloop
  endfacet
  facet normal 0.38268335163698897 -0.9238795659499569 0
    outer loop
      vertex 29.398211792111397 -14.6152940467 4
      vertex 29.398211792111397 -14.6152940467 2.4
      vertex 29.398211794974472 -14.615294045514077 2.4
    endloop
  endfacet
  facet normal 0.38268343349898054 -0.9238795320416138 1.7161859790116091e-16
    outer loop
      vertex 29.398211792111397 -14.6152940467 4
      vertex 29.398211794974472 -14.615294045514077 2.4
      vertex 29.845531351864338 -14.430008217692375 2.4
    endloop
  endfacet
  facet normal 0.5372996092376978 -0.8433914452453365 0
    outer loop
      vertex 30.274999998509884 -14.20644099265337 4
      vertex 30.274999998509884 -14.20644099265337 2.4
      vertex 30.68334922194481 -13.946293845772743 2.4
    endloop
  endfacet
  facet normal 0.46174861055423033 -0.8870108345737597 -6.255358799994782e-16
    outer loop
      vertex 29.845531351864338 -14.430008217692375 4
      vertex 30.04746474836268 -14.324888345845022 2.4
      vertex 30.274999998509884 -14.20644099265337 2.4
    endloop
  endfacet
  facet normal 0.6755902125211205 -0.7372773323150978 -1.569431779471777e-12
    outer loop
      vertex 31.067471235990524 -13.651546657085419 4
      vertex 31.067471235967666 -13.651546657102958 2.4
      vertex 31.424442633986473 -13.324442632496357 2.4
    endloop
  endfacet
  facet normal 0.737277332311594 -0.6755902125249442 0
    outer loop
      vertex 31.424442633986473 -13.324442632496357 4
      vertex 31.424442633986473 -13.324442632496357 2.4
      vertex 31.751546658575535 -12.967471234500408 2.4
    endloop
  endfacet
  facet normal 0 0 -1
    outer loop
      vertex 28.70775377072158 -14.811588116085588 2.4
      vertex 28.936445700318995 -14.760888335904328 2.4
      vertex 28.93644569814205 -14.76088833808899 2.4
    endloop
  endfacet
  facet normal 0 0 -1
    outer loop
      vertex 32.71529404819012 -11.29821179062128 2.4
      vertex 32.53000821829207 -11.745531352084708 2.4
      vertex 32.715294045361794 -11.29821179545746 2.4
    endloop
  endfacet
  facet normal 0 0 -1
    outer loop
      vertex 32.71529404819012 -11.29821179062128 2.4
      vertex 32.53000821918249 -11.745531350374222 2.4
      vertex 32.53000821829207 -11.745531352084708 2.4
    endloop
  endfacet
  facet normal 0 0 -1
    outer loop
      vertex 32.521703903756304 -11.761483792002373 2.4
      vertex 32.306440994143486 -12.174999997019768 2.4
      vertex 32.30644099100364 -12.174999999999999 2.4
    endloop
  endfacet
  facet normal 0 0 -1
    outer loop
      vertex 31.829227916461427 -12.866235048446782 2.4
      vertex 32.04629384580391 -12.583349221748303 2.4
      vertex 32.04629384726286 -12.583349220454693 2.4
    endloop
  endfacet
  facet normal 0 0 -1
    outer loop
      vertex 32.306440994143486 -12.174999997019768 2.4
      vertex 32.04629384580391 -12.583349221748303 2.4
      vertex 32.30644099100364 -12.174999999999999 2.4
    endloop
  endfacet
  facet normal 0 0 -1
    outer loop
      vertex 32.306440994143486 -12.174999997019768 2.4
      vertex 32.04629384726286 -12.583349220454693 2.4
      vertex 32.04629384580391 -12.583349221748303 2.4
    endloop
  endfacet
  facet normal 0 0 -1
    outer loop
      vertex 30.68334922194481 -13.946293845772743 2.4
      vertex 30.68334922174831 -13.946293845803904 2.4
      vertex 30.755913312622386 -13.890613460518065 2.4
    endloop
  endfacet
  facet normal 0 0 -1
    outer loop
      vertex 29.398211792111397 -14.6152940467 2.4
      vertex 28.93644569814205 -14.76088833808899 2.4
      vertex 28.936445700318995 -14.760888335904328 2.4
    endloop
  endfacet
  facet normal 0 0 -1
    outer loop
      vertex 29.398211792111397 -14.6152940467 2.4
      vertex 28.936445700318995 -14.760888335904328 2.4
      vertex 29.398211794974472 -14.615294045514077 2.4
    endloop
  endfacet
  facet normal 0 0 -1
    outer loop
      vertex 30.274999998509884 -14.20644099265337 2.4
      vertex 30.04746474836268 -14.324888345845022 2.4
      vertex 30.275000000000002 -14.206440991003632 2.4
    endloop
  endfacet
  facet normal 0 0 -1
    outer loop
      vertex 30.68334922194481 -13.946293845772743 2.4
      vertex 30.274999998509884 -14.20644099265337 2.4
      vertex 30.275000000000002 -14.206440991003632 2.4
    endloop
  endfacet
  facet normal 0 0 -1
    outer loop
      vertex 30.68334922194481 -13.946293845772743 2.4
      vertex 30.275000000000002 -14.206440991003632 2.4
      vertex 30.68334922174831 -13.946293845803904 2.4
    endloop
  endfacet
  facet normal 0.7372773368101291 -0.6755902076156547 0
    outer loop
      vertex -29.952081528017132 1.2020815280171309 2.4
      vertex -30.052275553302263 1.0927389364671167 2.4
      vertex -30.052275553302263 1.0927389364671167 0
    endloop
  endfacet
  facet normal 0.7933533402912389 -0.6087614290087158 0
    outer loop
      vertex -30.052275553302263 1.0927389364671167 2.4
      vertex -30.142558475291285 0.9750799417967783 2.4
      vertex -30.142558475291285 0.9750799417967783 0
    endloop
  endfacet
  facet normal 0.5372996083468279 -0.8433914458128831 0
    outer loop
      vertex -29.72507994179678 1.392558475291286 2.4
      vertex -29.72507994179678 1.392558475291286 0
      vertex -29.6 1.4722431864335457 2.4
    endloop
  endfacet
  facet normal 0.46174861323502747 -0.887010833178225 0
    outer loop
      vertex -29.6 1.4722431864335457 2.4
      vertex -29.6 1.4722431864335457 0
      vertex -29.46845104495919 1.5407232379623048 2.4
    endloop
  endfacet
  facet normal 0.21643961393809977 -0.976296007119934 0
    outer loop
      vertex -29.189992376674287 1.6420739046914161 2.4
      vertex -29.189992376674287 1.6420739046914161 0
      vertex -29.04520190203378 1.6741731801207536 2.4
    endloop
  endfacet
  facet normal 0.1305261922200526 -0.9914448613738103 0
    outer loop
      vertex -29.04520190203378 1.6741731801207536 2.4
      vertex -29.04520190203378 1.6741731801207536 0
      vertex -28.89816476267102 1.6935309867559674 2.4
    endloop
  endfacet
  facet normal 0.3826834323650894 -0.9238795325112868 0
    outer loop
      vertex -29.46845104495919 1.5407232379623048 2.4
      vertex -29.46845104495919 1.5407232379623048 0
      vertex -29.331434243653636 1.5974774553360442 2.4
    endloop
  endfacet
  facet normal 0.3007057995042781 -0.9537169507482254 0
    outer loop
      vertex -29.331434243653636 1.5974774553360442 2.4
      vertex -29.331434243653636 1.5974774553360442 0
      vertex -29.189992376674287 1.6420739046914161 2.4
    endloop
  endfacet
  facet normal 0.6087614290087172 -0.7933533402912378 0
    outer loop
      vertex -29.842738936467118 1.3022755533022627 2.4
      vertex -29.842738936467118 1.3022755533022627 0
      vertex -29.72507994179678 1.392558475291286 2.4
    endloop
  endfacet
  facet normal 0.6755902076156596 -0.7372773368101246 0
    outer loop
      vertex -29.952081528017132 1.2020815280171309 2.4
      vertex -29.952081528017132 1.2020815280171309 0
      vertex -29.842738936467118 1.3022755533022627 2.4
    endloop
  endfacet
  facet normal 0.887010833178222 -0.4617486132350333 0
    outer loop
      vertex -30.222243186433545 0.85 2.4
      vertex -30.290723237962304 0.718451044959189 2.4
      vertex -30.290723237962304 0.718451044959189 0
    endloop
  endfacet
  facet normal 0.8433914458128843 -0.537299608346826 0
    outer loop
      vertex -30.142558475291285 0.9750799417967783 2.4
      vertex -30.222243186433545 0.85 2.4
      vertex -30.222243186433545 0.85 0
    endloop
  endfacet
  facet normal 0.923879532511285 -0.38268343236509433 0
    outer loop
      vertex -30.290723237962304 0.718451044959189 2.4
      vertex -30.347477455336044 0.5814342436536368 2.4
      vertex -30.347477455336044 0.5814342436536368 0
    endloop
  endfacet
  facet normal 0.9537169507482286 -0.3007057995042679 0
    outer loop
      vertex -30.347477455336044 0.5814342436536368 2.4
      vertex -30.392073904691415 0.43999237667428526 2.4
      vertex -30.392073904691415 0.43999237667428526 0
    endloop
  endfacet
  facet normal 0.9762960071199319 -0.2164396139381089 0
    outer loop
      vertex -30.392073904691415 0.43999237667428526 2.4
      vertex -30.424173180120754 0.29520190203378155 2.4
      vertex -30.424173180120754 0.29520190203378155 0
    endloop
  endfacet
  facet normal 0.9914448613738109 -0.13052619222004788 0
    outer loop
      vertex -30.424173180120754 0.29520190203378155 2.4
      vertex -30.443530986755967 0.14816476267101888 2.4
      vertex -30.443530986755967 0.14816476267101888 0
    endloop
  endfacet
  facet normal 0.9990482215818578 -0.043619387365336 0
    outer loop
      vertex -30.443530986755967 0.14816476267101888 2.4
      vertex -30.45 0 2.4
      vertex -30.45 0 0
    endloop
  endfacet
  facet normal 0.04361938736533591 -0.9990482215818576 0
    outer loop
      vertex -28.89816476267102 1.6935309867559674 2.4
      vertex -28.89816476267102 1.6935309867559674 0
      vertex -28.75 1.7 2.4
    endloop
  endfacet
  facet normal -0.04361938736533591 -0.9990482215818576 0
    outer loop
      vertex -28.75 1.7 2.4
      vertex -28.75 1.7 0
      vertex -28.60183523732898 1.6935309867559674 2.4
    endloop
  endfacet
  facet normal -0.1305261922200526 -0.9914448613738103 0
    outer loop
      vertex -28.60183523732898 1.6935309867559674 2.4
      vertex -28.60183523732898 1.6935309867559674 0
      vertex -28.45479809796622 1.6741731801207536 2.4
    endloop
  endfacet
  facet normal -0.21643961393809977 -0.976296007119934 0
    outer loop
      vertex -28.45479809796622 1.6741731801207536 2.4
      vertex -28.45479809796622 1.6741731801207536 0
      vertex -28.310007623325713 1.6420739046914161 2.4
    endloop
  endfacet
  facet normal -0.3007057995042781 -0.9537169507482254 0
    outer loop
      vertex -28.310007623325713 1.6420739046914161 2.4
      vertex -28.310007623325713 1.6420739046914161 0
      vertex -28.168565756346364 1.5974774553360442 2.4
    endloop
  endfacet
  facet normal -0.3826834323650894 -0.9238795325112868 0
    outer loop
      vertex -28.168565756346364 1.5974774553360442 2.4
      vertex -28.168565756346364 1.5974774553360442 0
      vertex -28.03154895504081 1.5407232379623048 2.4
    endloop
  endfacet
  facet normal -0.46174861323502747 -0.887010833178225 0
    outer loop
      vertex -28.03154895504081 1.5407232379623048 2.4
      vertex -28.03154895504081 1.5407232379623048 0
      vertex -27.9 1.4722431864335457 2.4
    endloop
  endfacet
  facet normal -0.5372996083468279 -0.8433914458128831 0
    outer loop
      vertex -27.9 1.4722431864335457 2.4
      vertex -27.9 1.4722431864335457 0
      vertex -27.77492005820322 1.392558475291286 2.4
    endloop
  endfacet
  facet normal -0.6087614290087172 -0.7933533402912378 0
    outer loop
      vertex -27.77492005820322 1.392558475291286 2.4
      vertex -27.77492005820322 1.392558475291286 0
      vertex -27.657261063532882 1.3022755533022627 2.4
    endloop
  endfacet
  facet normal -0.6755902076156596 -0.7372773368101246 0
    outer loop
      vertex -27.657261063532882 1.3022755533022627 2.4
      vertex -27.657261063532882 1.3022755533022627 0
      vertex -27.547918471982868 1.2020815280171309 2.4
    endloop
  endfacet
  facet normal -0.7372773368101291 -0.6755902076156547 0
    outer loop
      vertex -27.547918471982868 1.2020815280171309 2.4
      vertex -27.547918471982868 1.2020815280171309 0
      vertex -27.447724446697737 1.0927389364671167 2.4
    endloop
  endfacet
  facet normal -0.7933533402912389 -0.6087614290087158 0
    outer loop
      vertex -27.357441524708715 0.9750799417967783 2.4
      vertex -27.447724446697737 1.0927389364671167 2.4
      vertex -27.447724446697737 1.0927389364671167 0
    endloop
  endfacet
  facet normal -0.8433914458128843 -0.537299608346826 0
    outer loop
      vertex -27.277756813566455 0.85 2.4
      vertex -27.357441524708715 0.9750799417967783 2.4
      vertex -27.357441524708715 0.9750799417967783 0
    endloop
  endfacet
  facet normal -0.887010833178222 -0.4617486132350333 0
    outer loop
      vertex -27.209276762037696 0.718451044959189 2.4
      vertex -27.277756813566455 0.85 2.4
      vertex -27.277756813566455 0.85 0
    endloop
  endfacet
  facet normal -0.923879532511285 -0.38268343236509433 0
    outer loop
      vertex -27.152522544663956 0.5814342436536368 2.4
      vertex -27.209276762037696 0.718451044959189 2.4
      vertex -27.209276762037696 0.718451044959189 0
    endloop
  endfacet
  facet normal -0.9537169507482286 -0.3007057995042679 0
    outer loop
      vertex -27.107926095308585 0.43999237667428526 2.4
      vertex -27.152522544663956 0.5814342436536368 2.4
      vertex -27.152522544663956 0.5814342436536368 0
    endloop
  endfacet
  facet normal -0.9762960071199319 -0.2164396139381089 0
    outer loop
      vertex -27.075826819879246 0.29520190203378155 2.4
      vertex -27.107926095308585 0.43999237667428526 2.4
      vertex -27.107926095308585 0.43999237667428526 0
    endloop
  endfacet
  facet normal -0.9914448613738109 -0.13052619222004788 0
    outer loop
      vertex -27.056469013244033 0.14816476267101888 2.4
      vertex -27.075826819879246 0.29520190203378155 2.4
      vertex -27.075826819879246 0.29520190203378155 0
    endloop
  endfacet
  facet normal -0.9990482215818578 -0.043619387365336 0
    outer loop
      vertex -27.056469013244033 0.14816476267101888 2.4
      vertex -27.056469013244033 0.14816476267101888 0
      vertex -27.05 0 2.4
    endloop
  endfacet
  facet normal 0.7933533402912389 -0.6087614290087158 0
    outer loop
      vertex -30.052275553302263 1.0927389364671167 2.4
      vertex -30.142558475291285 0.9750799417967783 0
      vertex -30.052275553302263 1.0927389364671167 0
    endloop
  endfacet
  facet normal 0.7372773368101291 -0.6755902076156547 0
    outer loop
      vertex -29.952081528017132 1.2020815280171309 2.4
      vertex -30.052275553302263 1.0927389364671167 0
      vertex -29.952081528017132 1.2020815280171309 0
    endloop
  endfacet
  facet normal 0.5372996083468279 -0.8433914458128831 0
    outer loop
      vertex -29.6 1.4722431864335457 2.4
      vertex -29.72507994179678 1.392558475291286 0
      vertex -29.6 1.4722431864335457 0
    endloop
  endfacet
  facet normal 0.46174861323502747 -0.887010833178225 0
    outer loop
      vertex -29.46845104495919 1.5407232379623048 2.4
      vertex -29.6 1.4722431864335457 0
      vertex -29.46845104495919 1.5407232379623048 0
    endloop
  endfacet
  facet normal 0.21643961393809977 -0.976296007119934 0
    outer loop
      vertex -29.04520190203378 1.6741731801207536 2.4
      vertex -29.189992376674287 1.6420739046914161 0
      vertex -29.04520190203378 1.6741731801207536 0
    endloop
  endfacet
  facet normal 0.1305261922200526 -0.9914448613738103 0
    outer loop
      vertex -28.89816476267102 1.6935309867559674 2.4
      vertex -29.04520190203378 1.6741731801207536 0
      vertex -28.89816476267102 1.6935309867559674 0
    endloop
  endfacet
  facet normal 0.3826834323650894 -0.9238795325112868 0
    outer loop
      vertex -29.331434243653636 1.5974774553360442 2.4
      vertex -29.46845104495919 1.5407232379623048 0
      vertex -29.331434243653636 1.5974774553360442 0
    endloop
  endfacet
  facet normal 0.3007057995042781 -0.9537169507482254 0
    outer loop
      vertex -29.189992376674287 1.6420739046914161 2.4
      vertex -29.331434243653636 1.5974774553360442 0
      vertex -29.189992376674287 1.6420739046914161 0
    endloop
  endfacet
  facet normal 0.6087614290087172 -0.7933533402912378 0
    outer loop
      vertex -29.72507994179678 1.392558475291286 2.4
      vertex -29.842738936467118 1.3022755533022627 0
      vertex -29.72507994179678 1.392558475291286 0
    endloop
  endfacet
  facet normal 0.6755902076156596 -0.7372773368101246 0
    outer loop
      vertex -29.842738936467118 1.3022755533022627 2.4
      vertex -29.952081528017132 1.2020815280171309 0
      vertex -29.842738936467118 1.3022755533022627 0
    endloop
  endfacet
  facet normal 0.887010833178222 -0.4617486132350333 0
    outer loop
      vertex -30.222243186433545 0.85 2.4
      vertex -30.290723237962304 0.718451044959189 0
      vertex -30.222243186433545 0.85 0
    endloop
  endfacet
  facet normal 0.8433914458128843 -0.537299608346826 0
    outer loop
      vertex -30.142558475291285 0.9750799417967783 2.4
      vertex -30.222243186433545 0.85 0
      vertex -30.142558475291285 0.9750799417967783 0
    endloop
  endfacet
  facet normal 0.923879532511285 -0.38268343236509433 0
    outer loop
      vertex -30.290723237962304 0.718451044959189 2.4
      vertex -30.347477455336044 0.5814342436536368 0
      vertex -30.290723237962304 0.718451044959189 0
    endloop
  endfacet
  facet normal 0.9537169507482286 -0.3007057995042679 0
    outer loop
      vertex -30.347477455336044 0.5814342436536368 2.4
      vertex -30.392073904691415 0.43999237667428526 0
      vertex -30.347477455336044 0.5814342436536368 0
    endloop
  endfacet
  facet normal 0.9762960071199319 -0.2164396139381089 0
    outer loop
      vertex -30.392073904691415 0.43999237667428526 2.4
      vertex -30.424173180120754 0.29520190203378155 0
      vertex -30.392073904691415 0.43999237667428526 0
    endloop
  endfacet
  facet normal 0.9914448613738109 -0.13052619222004788 0
    outer loop
      vertex -30.424173180120754 0.29520190203378155 2.4
      vertex -30.443530986755967 0.14816476267101888 0
      vertex -30.424173180120754 0.29520190203378155 0
    endloop
  endfacet
  facet normal 0.9990482215818578 -0.043619387365336 0
    outer loop
      vertex -30.443530986755967 0.14816476267101888 2.4
      vertex -30.45 0 0
      vertex -30.443530986755967 0.14816476267101888 0
    endloop
  endfacet
  facet normal 0.04361938736533591 -0.9990482215818576 0
    outer loop
      vertex -28.75 1.7 2.4
      vertex -28.89816476267102 1.6935309867559674 0
      vertex -28.75 1.7 0
    endloop
  endfacet
  facet normal -0.04361938736533591 -0.9990482215818576 0
    outer loop
      vertex -28.60183523732898 1.6935309867559674 2.4
      vertex -28.75 1.7 0
      vertex -28.60183523732898 1.6935309867559674 0
    endloop
  endfacet
  facet normal -0.1305261922200526 -0.9914448613738103 0
    outer loop
      vertex -28.45479809796622 1.6741731801207536 2.4
      vertex -28.60183523732898 1.6935309867559674 0
      vertex -28.45479809796622 1.6741731801207536 0
    endloop
  endfacet
  facet normal -0.21643961393809977 -0.976296007119934 0
    outer loop
      vertex -28.310007623325713 1.6420739046914161 2.4
      vertex -28.45479809796622 1.6741731801207536 0
      vertex -28.310007623325713 1.6420739046914161 0
    endloop
  endfacet
  facet normal -0.3007057995042781 -0.9537169507482254 0
    outer loop
      vertex -28.168565756346364 1.5974774553360442 2.4
      vertex -28.310007623325713 1.6420739046914161 0
      vertex -28.168565756346364 1.5974774553360442 0
    endloop
  endfacet
  facet normal -0.3826834323650894 -0.9238795325112868 0
    outer loop
      vertex -28.03154895504081 1.5407232379623048 2.4
      vertex -28.168565756346364 1.5974774553360442 0
      vertex -28.03154895504081 1.5407232379623048 0
    endloop
  endfacet
  facet normal -0.46174861323502747 -0.887010833178225 0
    outer loop
      vertex -27.9 1.4722431864335457 2.4
      vertex -28.03154895504081 1.5407232379623048 0
      vertex -27.9 1.4722431864335457 0
    endloop
  endfacet
  facet normal -0.5372996083468279 -0.8433914458128831 0
    outer loop
      vertex -27.77492005820322 1.392558475291286 2.4
      vertex -27.9 1.4722431864335457 0
      vertex -27.77492005820322 1.392558475291286 0
    endloop
  endfacet
  facet normal -0.6087614290087172 -0.7933533402912378 0
    outer loop
      vertex -27.657261063532882 1.3022755533022627 2.4
      vertex -27.77492005820322 1.392558475291286 0
      vertex -27.657261063532882 1.3022755533022627 0
    endloop
  endfacet
  facet normal -0.6755902076156596 -0.7372773368101246 0
    outer loop
      vertex -27.547918471982868 1.2020815280171309 2.4
      vertex -27.657261063532882 1.3022755533022627 0
      vertex -27.547918471982868 1.2020815280171309 0
    endloop
  endfacet
  facet normal -0.7372773368101291 -0.6755902076156547 0
    outer loop
      vertex -27.447724446697737 1.0927389364671167 2.4
      vertex -27.547918471982868 1.2020815280171309 0
      vertex -27.447724446697737 1.0927389364671167 0
    endloop
  endfacet
  facet normal -0.7933533402912389 -0.6087614290087158 0
    outer loop
      vertex -27.357441524708715 0.9750799417967783 2.4
      vertex -27.447724446697737 1.0927389364671167 0
      vertex -27.357441524708715 0.9750799417967783 0
    endloop
  endfacet
  facet normal -0.8433914458128843 -0.537299608346826 0
    outer loop
      vertex -27.277756813566455 0.85 2.4
      vertex -27.357441524708715 0.9750799417967783 0
      vertex -27.277756813566455 0.85 0
    endloop
  endfacet
  facet normal -0.887010833178222 -0.4617486132350333 0
    outer loop
      vertex -27.209276762037696 0.718451044959189 2.4
      vertex -27.277756813566455 0.85 0
      vertex -27.209276762037696 0.718451044959189 0
    endloop
  endfacet
  facet normal -0.923879532511285 -0.38268343236509433 0
    outer loop
      vertex -27.152522544663956 0.5814342436536368 2.4
      vertex -27.209276762037696 0.718451044959189 0
      vertex -27.152522544663956 0.5814342436536368 0
    endloop
  endfacet
  facet normal -0.9537169507482286 -0.3007057995042679 0
    outer loop
      vertex -27.107926095308585 0.43999237667428526 2.4
      vertex -27.152522544663956 0.5814342436536368 0
      vertex -27.107926095308585 0.43999237667428526 0
    endloop
  endfacet
  facet normal -0.9762960071199319 -0.2164396139381089 0
    outer loop
      vertex -27.075826819879246 0.29520190203378155 2.4
      vertex -27.107926095308585 0.43999237667428526 0
      vertex -27.075826819879246 0.29520190203378155 0
    endloop
  endfacet
  facet normal -0.9914448613738109 -0.13052619222004788 0
    outer loop
      vertex -27.056469013244033 0.14816476267101888 2.4
      vertex -27.075826819879246 0.29520190203378155 0
      vertex -27.056469013244033 0.14816476267101888 0
    endloop
  endfacet
  facet normal -0.9990482215818578 -0.043619387365336 0
    outer loop
      vertex -27.05 0 2.4
      vertex -27.056469013244033 0.14816476267101888 0
      vertex -27.05 0 0
    endloop
  endfacet
  facet normal 0.9990482215818578 0.043619387365336 0
    outer loop
      vertex -30.45 0 2.4
      vertex -30.443530986755967 -0.14816476267101888 2.4
      vertex -30.443530986755967 -0.14816476267101888 0
    endloop
  endfacet
  facet normal 0.9914448613738109 0.13052619222004788 0
    outer loop
      vertex -30.443530986755967 -0.14816476267101888 2.4
      vertex -30.424173180120754 -0.29520190203378155 2.4
      vertex -30.424173180120754 -0.29520190203378155 0
    endloop
  endfacet
  facet normal 0.9762960071199319 0.2164396139381089 0
    outer loop
      vertex -30.424173180120754 -0.29520190203378155 2.4
      vertex -30.392073904691415 -0.43999237667428526 2.4
      vertex -30.392073904691415 -0.43999237667428526 0
    endloop
  endfacet
  facet normal 0.9537169507482286 0.3007057995042679 0
    outer loop
      vertex -30.392073904691415 -0.43999237667428526 2.4
      vertex -30.347477455336044 -0.5814342436536368 2.4
      vertex -30.347477455336044 -0.5814342436536368 0
    endloop
  endfacet
  facet normal 0.923879532511285 0.38268343236509433 0
    outer loop
      vertex -30.347477455336044 -0.5814342436536368 2.4
      vertex -30.290723237962304 -0.718451044959189 2.4
      vertex -30.290723237962304 -0.718451044959189 0
    endloop
  endfacet
  facet normal 0.887010833178222 0.4617486132350333 0
    outer loop
      vertex -30.290723237962304 -0.718451044959189 2.4
      vertex -30.222243186433545 -0.85 2.4
      vertex -30.222243186433545 -0.85 0
    endloop
  endfacet
  facet normal 0.8433914458128843 0.537299608346826 0
    outer loop
      vertex -30.222243186433545 -0.85 2.4
      vertex -30.142558475291285 -0.9750799417967783 2.4
      vertex -30.142558475291285 -0.9750799417967783 0
    endloop
  endfacet
  facet normal 0.7933533402912389 0.6087614290087158 0
    outer loop
      vertex -30.142558475291285 -0.9750799417967783 2.4
      vertex -30.052275553302263 -1.0927389364671167 2.4
      vertex -30.052275553302263 -1.0927389364671167 0
    endloop
  endfacet
  facet normal 0.7372773368101291 0.6755902076156547 0
    outer loop
      vertex -30.052275553302263 -1.0927389364671167 2.4
      vertex -29.952081528017132 -1.2020815280171309 2.4
      vertex -29.952081528017132 -1.2020815280171309 0
    endloop
  endfacet
  facet normal 0.6755902076156596 0.7372773368101246 0
    outer loop
      vertex -29.842738936467118 -1.3022755533022627 2.4
      vertex -29.842738936467118 -1.3022755533022627 0
      vertex -29.952081528017132 -1.2020815280171309 2.4
    endloop
  endfacet
  facet normal 0.6087614290087172 0.7933533402912378 0
    outer loop
      vertex -29.72507994179678 -1.392558475291286 2.4
      vertex -29.72507994179678 -1.392558475291286 0
      vertex -29.842738936467118 -1.3022755533022627 2.4
    endloop
  endfacet
  facet normal 0.5372996083468279 0.8433914458128831 0
    outer loop
      vertex -29.6 -1.4722431864335457 2.4
      vertex -29.6 -1.4722431864335457 0
      vertex -29.72507994179678 -1.392558475291286 2.4
    endloop
  endfacet
  facet normal 0.46174861323502747 0.887010833178225 0
    outer loop
      vertex -29.46845104495919 -1.5407232379623048 2.4
      vertex -29.46845104495919 -1.5407232379623048 0
      vertex -29.6 -1.4722431864335457 2.4
    endloop
  endfacet
  facet normal 0.3826834323650894 0.9238795325112868 0
    outer loop
      vertex -29.331434243653636 -1.5974774553360442 2.4
      vertex -29.331434243653636 -1.5974774553360442 0
      vertex -29.46845104495919 -1.5407232379623048 2.4
    endloop
  endfacet
  facet normal 0.3007057995042781 0.9537169507482254 0
    outer loop
      vertex -29.189992376674287 -1.6420739046914161 2.4
      vertex -29.189992376674287 -1.6420739046914161 0
      vertex -29.331434243653636 -1.5974774553360442 2.4
    endloop
  endfacet
  facet normal 0.21643961393809977 0.976296007119934 0
    outer loop
      vertex -29.04520190203378 -1.6741731801207536 2.4
      vertex -29.04520190203378 -1.6741731801207536 0
      vertex -29.189992376674287 -1.6420739046914161 2.4
    endloop
  endfacet
  facet normal 0.1305261922200526 0.9914448613738103 0
    outer loop
      vertex -28.89816476267102 -1.6935309867559674 2.4
      vertex -28.89816476267102 -1.6935309867559674 0
      vertex -29.04520190203378 -1.6741731801207536 2.4
    endloop
  endfacet
  facet normal -0.9990482215818578 0.043619387365336 0
    outer loop
      vertex -27.05 0 2.4
      vertex -27.05 0 0
      vertex -27.056469013244033 -0.14816476267101888 2.4
    endloop
  endfacet
  facet normal -0.9914448613738109 0.13052619222004788 0
    outer loop
      vertex -27.075826819879246 -0.29520190203378155 2.4
      vertex -27.056469013244033 -0.14816476267101888 2.4
      vertex -27.056469013244033 -0.14816476267101888 0
    endloop
  endfacet
  facet normal -0.9762960071199319 0.2164396139381089 0
    outer loop
      vertex -27.107926095308585 -0.43999237667428526 2.4
      vertex -27.075826819879246 -0.29520190203378155 2.4
      vertex -27.075826819879246 -0.29520190203378155 0
    endloop
  endfacet
  facet normal -0.9537169507482286 0.3007057995042679 0
    outer loop
      vertex -27.152522544663956 -0.5814342436536368 2.4
      vertex -27.107926095308585 -0.43999237667428526 2.4
      vertex -27.107926095308585 -0.43999237667428526 0
    endloop
  endfacet
  facet normal -0.923879532511285 0.38268343236509433 0
    outer loop
      vertex -27.209276762037696 -0.718451044959189 2.4
      vertex -27.152522544663956 -0.5814342436536368 2.4
      vertex -27.152522544663956 -0.5814342436536368 0
    endloop
  endfacet
  facet normal -0.887010833178222 0.4617486132350333 0
    outer loop
      vertex -27.277756813566455 -0.85 2.4
      vertex -27.209276762037696 -0.718451044959189 2.4
      vertex -27.209276762037696 -0.718451044959189 0
    endloop
  endfacet
  facet normal -0.8433914458128843 0.537299608346826 0
    outer loop
      vertex -27.357441524708715 -0.9750799417967783 2.4
      vertex -27.277756813566455 -0.85 2.4
      vertex -27.277756813566455 -0.85 0
    endloop
  endfacet
  facet normal 0.04361938736533591 0.9990482215818576 0
    outer loop
      vertex -28.75 -1.7 2.4
      vertex -28.75 -1.7 0
      vertex -28.89816476267102 -1.6935309867559674 2.4
    endloop
  endfacet
  facet normal -0.04361938736533591 0.9990482215818576 0
    outer loop
      vertex -28.60183523732898 -1.6935309867559674 2.4
      vertex -28.60183523732898 -1.6935309867559674 0
      vertex -28.75 -1.7 2.4
    endloop
  endfacet
  facet normal -0.1305261922200526 0.9914448613738103 0
    outer loop
      vertex -28.45479809796622 -1.6741731801207536 2.4
      vertex -28.45479809796622 -1.6741731801207536 0
      vertex -28.60183523732898 -1.6935309867559674 2.4
    endloop
  endfacet
  facet normal -0.3007057995042781 0.9537169507482254 0
    outer loop
      vertex -28.168565756346364 -1.5974774553360442 2.4
      vertex -28.168565756346364 -1.5974774553360442 0
      vertex -28.310007623325713 -1.6420739046914161 2.4
    endloop
  endfacet
  facet normal -0.46174861323502747 0.887010833178225 0
    outer loop
      vertex -27.9 -1.4722431864335457 2.4
      vertex -27.9 -1.4722431864335457 0
      vertex -28.03154895504081 -1.5407232379623048 2.4
    endloop
  endfacet
  facet normal -0.3826834323650894 0.9238795325112868 0
    outer loop
      vertex -28.03154895504081 -1.5407232379623048 2.4
      vertex -28.03154895504081 -1.5407232379623048 0
      vertex -28.168565756346364 -1.5974774553360442 2.4
    endloop
  endfacet
  facet normal -0.21643961393809977 0.976296007119934 0
    outer loop
      vertex -28.310007623325713 -1.6420739046914161 2.4
      vertex -28.310007623325713 -1.6420739046914161 0
      vertex -28.45479809796622 -1.6741731801207536 2.4
    endloop
  endfacet
  facet normal -0.7933533402912389 0.6087614290087158 0
    outer loop
      vertex -27.447724446697737 -1.0927389364671167 2.4
      vertex -27.357441524708715 -0.9750799417967783 2.4
      vertex -27.357441524708715 -0.9750799417967783 0
    endloop
  endfacet
  facet normal -0.7372773368101291 0.6755902076156547 0
    outer loop
      vertex -27.547918471982868 -1.2020815280171309 2.4
      vertex -27.447724446697737 -1.0927389364671167 2.4
      vertex -27.447724446697737 -1.0927389364671167 0
    endloop
  endfacet
  facet normal -0.6087614290087172 0.7933533402912378 0
    outer loop
      vertex -27.657261063532882 -1.3022755533022627 2.4
      vertex -27.657261063532882 -1.3022755533022627 0
      vertex -27.77492005820322 -1.392558475291286 2.4
    endloop
  endfacet
  facet normal -0.6755902076156596 0.7372773368101246 0
    outer loop
      vertex -27.547918471982868 -1.2020815280171309 2.4
      vertex -27.547918471982868 -1.2020815280171309 0
      vertex -27.657261063532882 -1.3022755533022627 2.4
    endloop
  endfacet
  facet normal -0.5372996083468279 0.8433914458128831 0
    outer loop
      vertex -27.77492005820322 -1.392558475291286 2.4
      vertex -27.77492005820322 -1.392558475291286 0
      vertex -27.9 -1.4722431864335457 2.4
    endloop
  endfacet
  facet normal 0.9990482215818578 0.043619387365336 0
    outer loop
      vertex -30.45 0 2.4
      vertex -30.443530986755967 -0.14816476267101888 0
      vertex -30.45 0 0
    endloop
  endfacet
  facet normal 0.9914448613738109 0.13052619222004788 0
    outer loop
      vertex -30.443530986755967 -0.14816476267101888 2.4
      vertex -30.424173180120754 -0.29520190203378155 0
      vertex -30.443530986755967 -0.14816476267101888 0
    endloop
  endfacet
  facet normal 0.9762960071199319 0.2164396139381089 0
    outer loop
      vertex -30.424173180120754 -0.29520190203378155 2.4
      vertex -30.392073904691415 -0.43999237667428526 0
      vertex -30.424173180120754 -0.29520190203378155 0
    endloop
  endfacet
  facet normal 0.9537169507482286 0.3007057995042679 0
    outer loop
      vertex -30.392073904691415 -0.43999237667428526 2.4
      vertex -30.347477455336044 -0.5814342436536368 0
      vertex -30.392073904691415 -0.43999237667428526 0
    endloop
  endfacet
  facet normal 0.923879532511285 0.38268343236509433 0
    outer loop
      vertex -30.347477455336044 -0.5814342436536368 2.4
      vertex -30.290723237962304 -0.718451044959189 0
      vertex -30.347477455336044 -0.5814342436536368 0
    endloop
  endfacet
  facet normal 0.887010833178222 0.4617486132350333 0
    outer loop
      vertex -30.290723237962304 -0.718451044959189 2.4
      vertex -30.222243186433545 -0.85 0
      vertex -30.290723237962304 -0.718451044959189 0
    endloop
  endfacet
  facet normal 0.8433914458128843 0.537299608346826 0
    outer loop
      vertex -30.222243186433545 -0.85 2.4
      vertex -30.142558475291285 -0.9750799417967783 0
      vertex -30.222243186433545 -0.85 0
    endloop
  endfacet
  facet normal 0.7933533402912389 0.6087614290087158 0
    outer loop
      vertex -30.142558475291285 -0.9750799417967783 2.4
      vertex -30.052275553302263 -1.0927389364671167 0
      vertex -30.142558475291285 -0.9750799417967783 0
    endloop
  endfacet
  facet normal 0.7372773368101291 0.6755902076156547 0
    outer loop
      vertex -30.052275553302263 -1.0927389364671167 2.4
      vertex -29.952081528017132 -1.2020815280171309 0
      vertex -30.052275553302263 -1.0927389364671167 0
    endloop
  endfacet
  facet normal 0.6755902076156596 0.7372773368101246 0
    outer loop
      vertex -29.952081528017132 -1.2020815280171309 2.4
      vertex -29.842738936467118 -1.3022755533022627 0
      vertex -29.952081528017132 -1.2020815280171309 0
    endloop
  endfacet
  facet normal 0.6087614290087172 0.7933533402912378 0
    outer loop
      vertex -29.842738936467118 -1.3022755533022627 2.4
      vertex -29.72507994179678 -1.392558475291286 0
      vertex -29.842738936467118 -1.3022755533022627 0
    endloop
  endfacet
  facet normal 0.5372996083468279 0.8433914458128831 0
    outer loop
      vertex -29.72507994179678 -1.392558475291286 2.4
      vertex -29.6 -1.4722431864335457 0
      vertex -29.72507994179678 -1.392558475291286 0
    endloop
  endfacet
  facet normal 0.46174861323502747 0.887010833178225 0
    outer loop
      vertex -29.6 -1.4722431864335457 2.4
      vertex -29.46845104495919 -1.5407232379623048 0
      vertex -29.6 -1.4722431864335457 0
    endloop
  endfacet
  facet normal 0.3826834323650894 0.9238795325112868 0
    outer loop
      vertex -29.46845104495919 -1.5407232379623048 2.4
      vertex -29.331434243653636 -1.5974774553360442 0
      vertex -29.46845104495919 -1.5407232379623048 0
    endloop
  endfacet
  facet normal 0.3007057995042781 0.9537169507482254 0
    outer loop
      vertex -29.331434243653636 -1.5974774553360442 2.4
      vertex -29.189992376674287 -1.6420739046914161 0
      vertex -29.331434243653636 -1.5974774553360442 0
    endloop
  endfacet
  facet normal 0.21643961393809977 0.976296007119934 0
    outer loop
      vertex -29.189992376674287 -1.6420739046914161 2.4
      vertex -29.04520190203378 -1.6741731801207536 0
      vertex -29.189992376674287 -1.6420739046914161 0
    endloop
  endfacet
  facet normal 0.1305261922200526 0.9914448613738103 0
    outer loop
      vertex -29.04520190203378 -1.6741731801207536 2.4
      vertex -28.89816476267102 -1.6935309867559674 0
      vertex -29.04520190203378 -1.6741731801207536 0
    endloop
  endfacet
  facet normal -0.9990482215818578 0.043619387365336 0
    outer loop
      vertex -27.056469013244033 -0.14816476267101888 2.4
      vertex -27.05 0 0
      vertex -27.056469013244033 -0.14816476267101888 0
    endloop
  endfacet
  facet normal -0.9914448613738109 0.13052619222004788 0
    outer loop
      vertex -27.075826819879246 -0.29520190203378155 2.4
      vertex -27.056469013244033 -0.14816476267101888 0
      vertex -27.075826819879246 -0.29520190203378155 0
    endloop
  endfacet
  facet normal -0.9762960071199319 0.2164396139381089 0
    outer loop
      vertex -27.107926095308585 -0.43999237667428526 2.4
      vertex -27.075826819879246 -0.29520190203378155 0
      vertex -27.107926095308585 -0.43999237667428526 0
    endloop
  endfacet
  facet normal -0.9537169507482286 0.3007057995042679 0
    outer loop
      vertex -27.152522544663956 -0.5814342436536368 2.4
      vertex -27.107926095308585 -0.43999237667428526 0
      vertex -27.152522544663956 -0.5814342436536368 0
    endloop
  endfacet
  facet normal -0.923879532511285 0.38268343236509433 0
    outer loop
      vertex -27.209276762037696 -0.718451044959189 2.4
      vertex -27.152522544663956 -0.5814342436536368 0
      vertex -27.209276762037696 -0.718451044959189 0
    endloop
  endfacet
  facet normal -0.887010833178222 0.4617486132350333 0
    outer loop
      vertex -27.277756813566455 -0.85 2.4
      vertex -27.209276762037696 -0.718451044959189 0
      vertex -27.277756813566455 -0.85 0
    endloop
  endfacet
  facet normal -0.8433914458128843 0.537299608346826 0
    outer loop
      vertex -27.357441524708715 -0.9750799417967783 2.4
      vertex -27.277756813566455 -0.85 0
      vertex -27.357441524708715 -0.9750799417967783 0
    endloop
  endfacet
  facet normal 0.04361938736533591 0.9990482215818576 0
    outer loop
      vertex -28.89816476267102 -1.6935309867559674 2.4
      vertex -28.75 -1.7 0
      vertex -28.89816476267102 -1.6935309867559674 0
    endloop
  endfacet
  facet normal -0.04361938736533591 0.9990482215818576 0
    outer loop
      vertex -28.75 -1.7 2.4
      vertex -28.60183523732898 -1.6935309867559674 0
      vertex -28.75 -1.7 0
    endloop
  endfacet
  facet normal -0.1305261922200526 0.9914448613738103 0
    outer loop
      vertex -28.60183523732898 -1.6935309867559674 2.4
      vertex -28.45479809796622 -1.6741731801207536 0
      vertex -28.60183523732898 -1.6935309867559674 0
    endloop
  endfacet
  facet normal -0.21643961393809977 0.976296007119934 0
    outer loop
      vertex -28.45479809796622 -1.6741731801207536 2.4
      vertex -28.310007623325713 -1.6420739046914161 0
      vertex -28.45479809796622 -1.6741731801207536 0
    endloop
  endfacet
  facet normal -0.3007057995042781 0.9537169507482254 0
    outer loop
      vertex -28.310007623325713 -1.6420739046914161 2.4
      vertex -28.168565756346364 -1.5974774553360442 0
      vertex -28.310007623325713 -1.6420739046914161 0
    endloop
  endfacet
  facet normal -0.46174861323502747 0.887010833178225 0
    outer loop
      vertex -28.03154895504081 -1.5407232379623048 2.4
      vertex -27.9 -1.4722431864335457 0
      vertex -28.03154895504081 -1.5407232379623048 0
    endloop
  endfacet
  facet normal -0.3826834323650894 0.9238795325112868 0
    outer loop
      vertex -28.168565756346364 -1.5974774553360442 2.4
      vertex -28.03154895504081 -1.5407232379623048 0
      vertex -28.168565756346364 -1.5974774553360442 0
    endloop
  endfacet
  facet normal -0.7372773368101291 0.6755902076156547 0
    outer loop
      vertex -27.547918471982868 -1.2020815280171309 2.4
      vertex -27.447724446697737 -1.0927389364671167 0
      vertex -27.547918471982868 -1.2020815280171309 0
    endloop
  endfacet
  facet normal -0.7933533402912389 0.6087614290087158 0
    outer loop
      vertex -27.447724446697737 -1.0927389364671167 2.4
      vertex -27.357441524708715 -0.9750799417967783 0
      vertex -27.447724446697737 -1.0927389364671167 0
    endloop
  endfacet
  facet normal -0.6087614290087172 0.7933533402912378 0
    outer loop
      vertex -27.77492005820322 -1.392558475291286 2.4
      vertex -27.657261063532882 -1.3022755533022627 0
      vertex -27.77492005820322 -1.392558475291286 0
    endloop
  endfacet
  facet normal -0.6755902076156596 0.7372773368101246 0
    outer loop
      vertex -27.657261063532882 -1.3022755533022627 2.4
      vertex -27.547918471982868 -1.2020815280171309 0
      vertex -27.657261063532882 -1.3022755533022627 0
    endloop
  endfacet
  facet normal -0.5372996083468279 0.8433914458128831 0
    outer loop
      vertex -27.9 -1.4722431864335457 2.4
      vertex -27.77492005820322 -1.392558475291286 0
      vertex -27.9 -1.4722431864335457 0
    endloop
  endfacet
  facet normal 0.5372996083468279 -0.8433914458128831 0
    outer loop
      vertex 27.77492005820322 1.392558475291286 0
      vertex 27.9 1.4722431864335457 2.4
      vertex 27.77492005820322 1.392558475291286 2.4
    endloop
  endfacet
  facet normal 0.6755902076156596 -0.7372773368101246 0
    outer loop
      vertex 27.657261063532882 1.3022755533022627 2.4
      vertex 27.547918471982868 1.2020815280171309 2.4
      vertex 27.547918471982868 1.2020815280171309 0
    endloop
  endfacet
  facet normal 0.6087614290087172 -0.7933533402912378 0
    outer loop
      vertex 27.657261063532882 1.3022755533022627 0
      vertex 27.77492005820322 1.392558475291286 2.4
      vertex 27.657261063532882 1.3022755533022627 2.4
    endloop
  endfacet
  facet normal 0.7372773368101291 -0.6755902076156547 0
    outer loop
      vertex 27.447724446697737 1.0927389364671167 0
      vertex 27.547918471982868 1.2020815280171309 2.4
      vertex 27.447724446697737 1.0927389364671167 2.4
    endloop
  endfacet
  facet normal 0.7933533402912389 -0.6087614290087158 0
    outer loop
      vertex 27.357441524708715 0.9750799417967783 0
      vertex 27.447724446697737 1.0927389364671167 2.4
      vertex 27.357441524708715 0.9750799417967783 2.4
    endloop
  endfacet
  facet normal 0.21643961393809977 -0.976296007119934 0
    outer loop
      vertex 28.310007623325713 1.6420739046914161 0
      vertex 28.45479809796622 1.6741731801207536 2.4
      vertex 28.310007623325713 1.6420739046914161 2.4
    endloop
  endfacet
  facet normal 0.3826834323650894 -0.9238795325112868 0
    outer loop
      vertex 28.03154895504081 1.5407232379623048 0
      vertex 28.168565756346364 1.5974774553360442 2.4
      vertex 28.03154895504081 1.5407232379623048 2.4
    endloop
  endfacet
  facet normal 0.46174861323502747 -0.887010833178225 0
    outer loop
      vertex 27.9 1.4722431864335457 0
      vertex 28.03154895504081 1.5407232379623048 2.4
      vertex 27.9 1.4722431864335457 2.4
    endloop
  endfacet
  facet normal 0.3007057995042781 -0.9537169507482254 0
    outer loop
      vertex 28.168565756346364 1.5974774553360442 0
      vertex 28.310007623325713 1.6420739046914161 2.4
      vertex 28.168565756346364 1.5974774553360442 2.4
    endloop
  endfacet
  facet normal 0.1305261922200526 -0.9914448613738103 0
    outer loop
      vertex 28.45479809796622 1.6741731801207536 0
      vertex 28.60183523732898 1.6935309867559674 2.4
      vertex 28.45479809796622 1.6741731801207536 2.4
    endloop
  endfacet
  facet normal 0.04361938736533591 -0.9990482215818576 0
    outer loop
      vertex 28.60183523732898 1.6935309867559674 0
      vertex 28.75 1.7 2.4
      vertex 28.60183523732898 1.6935309867559674 2.4
    endloop
  endfacet
  facet normal -0.04361938736533591 -0.9990482215818576 0
    outer loop
      vertex 28.75 1.7 0
      vertex 28.89816476267102 1.6935309867559674 2.4
      vertex 28.75 1.7 2.4
    endloop
  endfacet
  facet normal 0.8433914458128843 -0.537299608346826 0
    outer loop
      vertex 27.277756813566455 0.85 0
      vertex 27.357441524708715 0.9750799417967783 2.4
      vertex 27.277756813566455 0.85 2.4
    endloop
  endfacet
  facet normal 0.887010833178222 -0.4617486132350333 0
    outer loop
      vertex 27.209276762037696 0.718451044959189 0
      vertex 27.277756813566455 0.85 2.4
      vertex 27.209276762037696 0.718451044959189 2.4
    endloop
  endfacet
  facet normal 0.923879532511285 -0.38268343236509433 0
    outer loop
      vertex 27.152522544663956 0.5814342436536368 0
      vertex 27.209276762037696 0.718451044959189 2.4
      vertex 27.152522544663956 0.5814342436536368 2.4
    endloop
  endfacet
  facet normal 0.9537169507482286 -0.3007057995042679 0
    outer loop
      vertex 27.107926095308585 0.43999237667428526 0
      vertex 27.152522544663956 0.5814342436536368 2.4
      vertex 27.107926095308585 0.43999237667428526 2.4
    endloop
  endfacet
  facet normal 0.9762960071199319 -0.2164396139381089 0
    outer loop
      vertex 27.075826819879246 0.29520190203378155 0
      vertex 27.107926095308585 0.43999237667428526 2.4
      vertex 27.075826819879246 0.29520190203378155 2.4
    endloop
  endfacet
  facet normal 0.9914448613738109 -0.13052619222004788 0
    outer loop
      vertex 27.056469013244033 0.14816476267101888 0
      vertex 27.075826819879246 0.29520190203378155 2.4
      vertex 27.056469013244033 0.14816476267101888 2.4
    endloop
  endfacet
  facet normal 0.9990482215818578 -0.043619387365336 0
    outer loop
      vertex 27.05 0 0
      vertex 27.056469013244033 0.14816476267101888 2.4
      vertex 27.05 0 2.4
    endloop
  endfacet
  facet normal -0.1305261922200526 -0.9914448613738103 0
    outer loop
      vertex 28.89816476267102 1.6935309867559674 0
      vertex 29.04520190203378 1.6741731801207536 2.4
      vertex 28.89816476267102 1.6935309867559674 2.4
    endloop
  endfacet
  facet normal -0.21643961393809977 -0.976296007119934 0
    outer loop
      vertex 29.04520190203378 1.6741731801207536 0
      vertex 29.189992376674287 1.6420739046914161 2.4
      vertex 29.04520190203378 1.6741731801207536 2.4
    endloop
  endfacet
  facet normal -0.3007057995042781 -0.9537169507482254 0
    outer loop
      vertex 29.189992376674287 1.6420739046914161 2.4
      vertex 29.189992376674287 1.6420739046914161 0
      vertex 29.331434243653636 1.5974774553360442 2.4
    endloop
  endfacet
  facet normal -0.3826834323650894 -0.9238795325112868 0
    outer loop
      vertex 29.331434243653636 1.5974774553360442 2.4
      vertex 29.331434243653636 1.5974774553360442 0
      vertex 29.46845104495919 1.5407232379623048 2.4
    endloop
  endfacet
  facet normal -0.46174861323502747 -0.887010833178225 0
    outer loop
      vertex 29.46845104495919 1.5407232379623048 2.4
      vertex 29.46845104495919 1.5407232379623048 0
      vertex 29.6 1.4722431864335457 2.4
    endloop
  endfacet
  facet normal -0.5372996083468279 -0.8433914458128831 0
    outer loop
      vertex 29.6 1.4722431864335457 2.4
      vertex 29.6 1.4722431864335457 0
      vertex 29.72507994179678 1.392558475291286 2.4
    endloop
  endfacet
  facet normal -0.6087614290087172 -0.7933533402912378 0
    outer loop
      vertex 29.72507994179678 1.392558475291286 2.4
      vertex 29.72507994179678 1.392558475291286 0
      vertex 29.842738936467118 1.3022755533022627 2.4
    endloop
  endfacet
  facet normal -0.6755902076156596 -0.7372773368101246 0
    outer loop
      vertex 29.842738936467118 1.3022755533022627 2.4
      vertex 29.842738936467118 1.3022755533022627 0
      vertex 29.952081528017132 1.2020815280171309 2.4
    endloop
  endfacet
  facet normal -0.7372773368101291 -0.6755902076156547 0
    outer loop
      vertex 29.952081528017132 1.2020815280171309 2.4
      vertex 29.952081528017132 1.2020815280171309 0
      vertex 30.052275553302263 1.0927389364671167 2.4
    endloop
  endfacet
  facet normal -0.7933533402912389 -0.6087614290087158 0
    outer loop
      vertex 30.142558475291285 0.9750799417967783 2.4
      vertex 30.052275553302263 1.0927389364671167 2.4
      vertex 30.052275553302263 1.0927389364671167 0
    endloop
  endfacet
  facet normal -0.8433914458128843 -0.537299608346826 0
    outer loop
      vertex 30.222243186433545 0.85 2.4
      vertex 30.142558475291285 0.9750799417967783 2.4
      vertex 30.142558475291285 0.9750799417967783 0
    endloop
  endfacet
  facet normal -0.887010833178222 -0.4617486132350333 0
    outer loop
      vertex 30.290723237962304 0.718451044959189 2.4
      vertex 30.222243186433545 0.85 2.4
      vertex 30.222243186433545 0.85 0
    endloop
  endfacet
  facet normal -0.923879532511285 -0.38268343236509433 0
    outer loop
      vertex 30.347477455336044 0.5814342436536368 2.4
      vertex 30.290723237962304 0.718451044959189 2.4
      vertex 30.290723237962304 0.718451044959189 0
    endloop
  endfacet
  facet normal -0.9537169507482286 -0.3007057995042679 0
    outer loop
      vertex 30.392073904691415 0.43999237667428526 2.4
      vertex 30.347477455336044 0.5814342436536368 2.4
      vertex 30.347477455336044 0.5814342436536368 0
    endloop
  endfacet
  facet normal -0.9762960071199319 -0.2164396139381089 0
    outer loop
      vertex 30.424173180120754 0.29520190203378155 2.4
      vertex 30.392073904691415 0.43999237667428526 2.4
      vertex 30.392073904691415 0.43999237667428526 0
    endloop
  endfacet
  facet normal -0.9914448613738109 -0.13052619222004788 0
    outer loop
      vertex 30.443530986755967 0.14816476267101888 2.4
      vertex 30.424173180120754 0.29520190203378155 2.4
      vertex 30.424173180120754 0.29520190203378155 0
    endloop
  endfacet
  facet normal -0.9990482215818578 -0.043619387365336 0
    outer loop
      vertex 30.443530986755967 0.14816476267101888 2.4
      vertex 30.443530986755967 0.14816476267101888 0
      vertex 30.45 0 2.4
    endloop
  endfacet
  facet normal 0.5372996083468279 -0.8433914458128831 0
    outer loop
      vertex 27.9 1.4722431864335457 0
      vertex 27.9 1.4722431864335457 2.4
      vertex 27.77492005820322 1.392558475291286 0
    endloop
  endfacet
  facet normal 0.6755902076156596 -0.7372773368101246 0
    outer loop
      vertex 27.657261063532882 1.3022755533022627 0
      vertex 27.657261063532882 1.3022755533022627 2.4
      vertex 27.547918471982868 1.2020815280171309 0
    endloop
  endfacet
  facet normal 0.6087614290087172 -0.7933533402912378 0
    outer loop
      vertex 27.77492005820322 1.392558475291286 0
      vertex 27.77492005820322 1.392558475291286 2.4
      vertex 27.657261063532882 1.3022755533022627 0
    endloop
  endfacet
  facet normal 0.7933533402912389 -0.6087614290087158 0
    outer loop
      vertex 27.357441524708715 0.9750799417967783 0
      vertex 27.447724446697737 1.0927389364671167 0
      vertex 27.447724446697737 1.0927389364671167 2.4
    endloop
  endfacet
  facet normal 0.7372773368101291 -0.6755902076156547 0
    outer loop
      vertex 27.447724446697737 1.0927389364671167 0
      vertex 27.547918471982868 1.2020815280171309 0
      vertex 27.547918471982868 1.2020815280171309 2.4
    endloop
  endfacet
  facet normal 0.3826834323650894 -0.9238795325112868 0
    outer loop
      vertex 28.168565756346364 1.5974774553360442 0
      vertex 28.168565756346364 1.5974774553360442 2.4
      vertex 28.03154895504081 1.5407232379623048 0
    endloop
  endfacet
  facet normal 0.46174861323502747 -0.887010833178225 0
    outer loop
      vertex 28.03154895504081 1.5407232379623048 0
      vertex 28.03154895504081 1.5407232379623048 2.4
      vertex 27.9 1.4722431864335457 0
    endloop
  endfacet
  facet normal 0.3007057995042781 -0.9537169507482254 0
    outer loop
      vertex 28.310007623325713 1.6420739046914161 0
      vertex 28.310007623325713 1.6420739046914161 2.4
      vertex 28.168565756346364 1.5974774553360442 0
    endloop
  endfacet
  facet normal 0.21643961393809977 -0.976296007119934 0
    outer loop
      vertex 28.45479809796622 1.6741731801207536 0
      vertex 28.45479809796622 1.6741731801207536 2.4
      vertex 28.310007623325713 1.6420739046914161 0
    endloop
  endfacet
  facet normal 0.1305261922200526 -0.9914448613738103 0
    outer loop
      vertex 28.60183523732898 1.6935309867559674 0
      vertex 28.60183523732898 1.6935309867559674 2.4
      vertex 28.45479809796622 1.6741731801207536 0
    endloop
  endfacet
  facet normal 0.04361938736533591 -0.9990482215818576 0
    outer loop
      vertex 28.75 1.7 0
      vertex 28.75 1.7 2.4
      vertex 28.60183523732898 1.6935309867559674 0
    endloop
  endfacet
  facet normal -0.04361938736533591 -0.9990482215818576 0
    outer loop
      vertex 28.89816476267102 1.6935309867559674 0
      vertex 28.89816476267102 1.6935309867559674 2.4
      vertex 28.75 1.7 0
    endloop
  endfacet
  facet normal 0.8433914458128843 -0.537299608346826 0
    outer loop
      vertex 27.277756813566455 0.85 0
      vertex 27.357441524708715 0.9750799417967783 0
      vertex 27.357441524708715 0.9750799417967783 2.4
    endloop
  endfacet
  facet normal 0.887010833178222 -0.4617486132350333 0
    outer loop
      vertex 27.209276762037696 0.718451044959189 0
      vertex 27.277756813566455 0.85 0
      vertex 27.277756813566455 0.85 2.4
    endloop
  endfacet
  facet normal 0.923879532511285 -0.38268343236509433 0
    outer loop
      vertex 27.152522544663956 0.5814342436536368 0
      vertex 27.209276762037696 0.718451044959189 0
      vertex 27.209276762037696 0.718451044959189 2.4
    endloop
  endfacet
  facet normal 0.9537169507482286 -0.3007057995042679 0
    outer loop
      vertex 27.107926095308585 0.43999237667428526 0
      vertex 27.152522544663956 0.5814342436536368 0
      vertex 27.152522544663956 0.5814342436536368 2.4
    endloop
  endfacet
  facet normal 0.9762960071199319 -0.2164396139381089 0
    outer loop
      vertex 27.075826819879246 0.29520190203378155 0
      vertex 27.107926095308585 0.43999237667428526 0
      vertex 27.107926095308585 0.43999237667428526 2.4
    endloop
  endfacet
  facet normal 0.9914448613738109 -0.13052619222004788 0
    outer loop
      vertex 27.056469013244033 0.14816476267101888 0
      vertex 27.075826819879246 0.29520190203378155 0
      vertex 27.075826819879246 0.29520190203378155 2.4
    endloop
  endfacet
  facet normal 0.9990482215818578 -0.043619387365336 0
    outer loop
      vertex 27.05 0 0
      vertex 27.056469013244033 0.14816476267101888 0
      vertex 27.056469013244033 0.14816476267101888 2.4
    endloop
  endfacet
  facet normal -0.1305261922200526 -0.9914448613738103 0
    outer loop
      vertex 29.04520190203378 1.6741731801207536 0
      vertex 29.04520190203378 1.6741731801207536 2.4
      vertex 28.89816476267102 1.6935309867559674 0
    endloop
  endfacet
  facet normal -0.21643961393809977 -0.976296007119934 0
    outer loop
      vertex 29.189992376674287 1.6420739046914161 2.4
      vertex 29.04520190203378 1.6741731801207536 0
      vertex 29.189992376674287 1.6420739046914161 0
    endloop
  endfacet
  facet normal -0.3007057995042781 -0.9537169507482254 0
    outer loop
      vertex 29.331434243653636 1.5974774553360442 2.4
      vertex 29.189992376674287 1.6420739046914161 0
      vertex 29.331434243653636 1.5974774553360442 0
    endloop
  endfacet
  facet normal -0.3826834323650894 -0.9238795325112868 0
    outer loop
      vertex 29.46845104495919 1.5407232379623048 2.4
      vertex 29.331434243653636 1.5974774553360442 0
      vertex 29.46845104495919 1.5407232379623048 0
    endloop
  endfacet
  facet normal -0.46174861323502747 -0.887010833178225 0
    outer loop
      vertex 29.6 1.4722431864335457 2.4
      vertex 29.46845104495919 1.5407232379623048 0
      vertex 29.6 1.4722431864335457 0
    endloop
  endfacet
  facet normal -0.5372996083468279 -0.8433914458128831 0
    outer loop
      vertex 29.72507994179678 1.392558475291286 2.4
      vertex 29.6 1.4722431864335457 0
      vertex 29.72507994179678 1.392558475291286 0
    endloop
  endfacet
  facet normal -0.6087614290087172 -0.7933533402912378 0
    outer loop
      vertex 29.842738936467118 1.3022755533022627 2.4
      vertex 29.72507994179678 1.392558475291286 0
      vertex 29.842738936467118 1.3022755533022627 0
    endloop
  endfacet
  facet normal -0.6755902076156596 -0.7372773368101246 0
    outer loop
      vertex 29.952081528017132 1.2020815280171309 2.4
      vertex 29.842738936467118 1.3022755533022627 0
      vertex 29.952081528017132 1.2020815280171309 0
    endloop
  endfacet
  facet normal -0.7372773368101291 -0.6755902076156547 0
    outer loop
      vertex 30.052275553302263 1.0927389364671167 2.4
      vertex 29.952081528017132 1.2020815280171309 0
      vertex 30.052275553302263 1.0927389364671167 0
    endloop
  endfacet
  facet normal -0.7933533402912389 -0.6087614290087158 0
    outer loop
      vertex 30.142558475291285 0.9750799417967783 2.4
      vertex 30.052275553302263 1.0927389364671167 0
      vertex 30.142558475291285 0.9750799417967783 0
    endloop
  endfacet
  facet normal -0.8433914458128843 -0.537299608346826 0
    outer loop
      vertex 30.222243186433545 0.85 2.4
      vertex 30.142558475291285 0.9750799417967783 0
      vertex 30.222243186433545 0.85 0
    endloop
  endfacet
  facet normal -0.887010833178222 -0.4617486132350333 0
    outer loop
      vertex 30.290723237962304 0.718451044959189 2.4
      vertex 30.222243186433545 0.85 0
      vertex 30.290723237962304 0.718451044959189 0
    endloop
  endfacet
  facet normal -0.923879532511285 -0.38268343236509433 0
    outer loop
      vertex 30.347477455336044 0.5814342436536368 2.4
      vertex 30.290723237962304 0.718451044959189 0
      vertex 30.347477455336044 0.5814342436536368 0
    endloop
  endfacet
  facet normal -0.9537169507482286 -0.3007057995042679 0
    outer loop
      vertex 30.392073904691415 0.43999237667428526 2.4
      vertex 30.347477455336044 0.5814342436536368 0
      vertex 30.392073904691415 0.43999237667428526 0
    endloop
  endfacet
  facet normal -0.9762960071199319 -0.2164396139381089 0
    outer loop
      vertex 30.424173180120754 0.29520190203378155 2.4
      vertex 30.392073904691415 0.43999237667428526 0
      vertex 30.424173180120754 0.29520190203378155 0
    endloop
  endfacet
  facet normal -0.9914448613738109 -0.13052619222004788 0
    outer loop
      vertex 30.443530986755967 0.14816476267101888 2.4
      vertex 30.424173180120754 0.29520190203378155 0
      vertex 30.443530986755967 0.14816476267101888 0
    endloop
  endfacet
  facet normal -0.9990482215818578 -0.043619387365336 0
    outer loop
      vertex 30.45 0 2.4
      vertex 30.443530986755967 0.14816476267101888 0
      vertex 30.45 0 0
    endloop
  endfacet
  facet normal 0.9990482215818578 0.043619387365336 0
    outer loop
      vertex 27.056469013244033 -0.14816476267101888 0
      vertex 27.05 0 2.4
      vertex 27.056469013244033 -0.14816476267101888 2.4
    endloop
  endfacet
  facet normal 0.9914448613738109 0.13052619222004788 0
    outer loop
      vertex 27.075826819879246 -0.29520190203378155 0
      vertex 27.056469013244033 -0.14816476267101888 2.4
      vertex 27.075826819879246 -0.29520190203378155 2.4
    endloop
  endfacet
  facet normal 0.9762960071199319 0.2164396139381089 0
    outer loop
      vertex 27.107926095308585 -0.43999237667428526 0
      vertex 27.075826819879246 -0.29520190203378155 2.4
      vertex 27.107926095308585 -0.43999237667428526 2.4
    endloop
  endfacet
  facet normal 0.9537169507482286 0.3007057995042679 0
    outer loop
      vertex 27.152522544663956 -0.5814342436536368 0
      vertex 27.107926095308585 -0.43999237667428526 2.4
      vertex 27.152522544663956 -0.5814342436536368 2.4
    endloop
  endfacet
  facet normal 0.923879532511285 0.38268343236509433 0
    outer loop
      vertex 27.209276762037696 -0.718451044959189 0
      vertex 27.152522544663956 -0.5814342436536368 2.4
      vertex 27.209276762037696 -0.718451044959189 2.4
    endloop
  endfacet
  facet normal 0.887010833178222 0.4617486132350333 0
    outer loop
      vertex 27.277756813566455 -0.85 0
      vertex 27.209276762037696 -0.718451044959189 2.4
      vertex 27.277756813566455 -0.85 2.4
    endloop
  endfacet
  facet normal 0.8433914458128843 0.537299608346826 0
    outer loop
      vertex 27.357441524708715 -0.9750799417967783 0
      vertex 27.277756813566455 -0.85 2.4
      vertex 27.357441524708715 -0.9750799417967783 2.4
    endloop
  endfacet
  facet normal 0.7933533402912389 0.6087614290087158 0
    outer loop
      vertex 27.447724446697737 -1.0927389364671167 0
      vertex 27.357441524708715 -0.9750799417967783 2.4
      vertex 27.447724446697737 -1.0927389364671167 2.4
    endloop
  endfacet
  facet normal 0.7372773368101291 0.6755902076156547 0
    outer loop
      vertex 27.547918471982868 -1.2020815280171309 0
      vertex 27.447724446697737 -1.0927389364671167 2.4
      vertex 27.547918471982868 -1.2020815280171309 2.4
    endloop
  endfacet
  facet normal 0.6755902076156596 0.7372773368101246 0
    outer loop
      vertex 27.657261063532882 -1.3022755533022627 0
      vertex 27.547918471982868 -1.2020815280171309 2.4
      vertex 27.657261063532882 -1.3022755533022627 2.4
    endloop
  endfacet
  facet normal 0.6087614290087172 0.7933533402912378 0
    outer loop
      vertex 27.77492005820322 -1.392558475291286 0
      vertex 27.657261063532882 -1.3022755533022627 2.4
      vertex 27.77492005820322 -1.392558475291286 2.4
    endloop
  endfacet
  facet normal 0.5372996083468279 0.8433914458128831 0
    outer loop
      vertex 27.9 -1.4722431864335457 0
      vertex 27.77492005820322 -1.392558475291286 2.4
      vertex 27.9 -1.4722431864335457 2.4
    endloop
  endfacet
  facet normal 0.46174861323502747 0.887010833178225 0
    outer loop
      vertex 28.03154895504081 -1.5407232379623048 0
      vertex 27.9 -1.4722431864335457 2.4
      vertex 28.03154895504081 -1.5407232379623048 2.4
    endloop
  endfacet
  facet normal 0.3826834323650894 0.9238795325112868 0
    outer loop
      vertex 28.168565756346364 -1.5974774553360442 0
      vertex 28.03154895504081 -1.5407232379623048 2.4
      vertex 28.168565756346364 -1.5974774553360442 2.4
    endloop
  endfacet
  facet normal 0.3007057995042781 0.9537169507482254 0
    outer loop
      vertex 28.310007623325713 -1.6420739046914161 0
      vertex 28.168565756346364 -1.5974774553360442 2.4
      vertex 28.310007623325713 -1.6420739046914161 2.4
    endloop
  endfacet
  facet normal 0.21643961393809977 0.976296007119934 0
    outer loop
      vertex 28.45479809796622 -1.6741731801207536 0
      vertex 28.310007623325713 -1.6420739046914161 2.4
      vertex 28.45479809796622 -1.6741731801207536 2.4
    endloop
  endfacet
  facet normal 0.1305261922200526 0.9914448613738103 0
    outer loop
      vertex 28.60183523732898 -1.6935309867559674 0
      vertex 28.45479809796622 -1.6741731801207536 2.4
      vertex 28.60183523732898 -1.6935309867559674 2.4
    endloop
  endfacet
  facet normal 0.04361938736533591 0.9990482215818576 0
    outer loop
      vertex 28.75 -1.7 0
      vertex 28.60183523732898 -1.6935309867559674 2.4
      vertex 28.75 -1.7 2.4
    endloop
  endfacet
  facet normal -0.04361938736533591 0.9990482215818576 0
    outer loop
      vertex 28.89816476267102 -1.6935309867559674 2.4
      vertex 28.89816476267102 -1.6935309867559674 0
      vertex 28.75 -1.7 2.4
    endloop
  endfacet
  facet normal -0.9990482215818578 0.043619387365336 0
    outer loop
      vertex 30.45 0 2.4
      vertex 30.45 0 0
      vertex 30.443530986755967 -0.14816476267101888 2.4
    endloop
  endfacet
  facet normal -0.9914448613738109 0.13052619222004788 0
    outer loop
      vertex 30.424173180120754 -0.29520190203378155 2.4
      vertex 30.443530986755967 -0.14816476267101888 2.4
      vertex 30.443530986755967 -0.14816476267101888 0
    endloop
  endfacet
  facet normal -0.9762960071199319 0.2164396139381089 0
    outer loop
      vertex 30.392073904691415 -0.43999237667428526 2.4
      vertex 30.424173180120754 -0.29520190203378155 2.4
      vertex 30.424173180120754 -0.29520190203378155 0
    endloop
  endfacet
  facet normal -0.9537169507482286 0.3007057995042679 0
    outer loop
      vertex 30.347477455336044 -0.5814342436536368 2.4
      vertex 30.392073904691415 -0.43999237667428526 2.4
      vertex 30.392073904691415 -0.43999237667428526 0
    endloop
  endfacet
  facet normal -0.923879532511285 0.38268343236509433 0
    outer loop
      vertex 30.290723237962304 -0.718451044959189 2.4
      vertex 30.347477455336044 -0.5814342436536368 2.4
      vertex 30.347477455336044 -0.5814342436536368 0
    endloop
  endfacet
  facet normal -0.8433914458128843 0.537299608346826 0
    outer loop
      vertex 30.142558475291285 -0.9750799417967783 2.4
      vertex 30.222243186433545 -0.85 2.4
      vertex 30.222243186433545 -0.85 0
    endloop
  endfacet
  facet normal -0.887010833178222 0.4617486132350333 0
    outer loop
      vertex 30.222243186433545 -0.85 2.4
      vertex 30.290723237962304 -0.718451044959189 2.4
      vertex 30.290723237962304 -0.718451044959189 0
    endloop
  endfacet
  facet normal -0.6755902076156596 0.7372773368101246 0
    outer loop
      vertex 29.842738936467118 -1.3022755533022627 2.4
      vertex 29.952081528017132 -1.2020815280171309 2.4
      vertex 29.952081528017132 -1.2020815280171309 0
    endloop
  endfacet
  facet normal -0.6087614290087172 0.7933533402912378 0
    outer loop
      vertex 29.72507994179678 -1.392558475291286 2.4
      vertex 29.842738936467118 -1.3022755533022627 2.4
      vertex 29.842738936467118 -1.3022755533022627 0
    endloop
  endfacet
  facet normal -0.3007057995042781 0.9537169507482254 0
    outer loop
      vertex 29.331434243653636 -1.5974774553360442 2.4
      vertex 29.331434243653636 -1.5974774553360442 0
      vertex 29.189992376674287 -1.6420739046914161 2.4
    endloop
  endfacet
  facet normal -0.3826834323650894 0.9238795325112868 0
    outer loop
      vertex 29.46845104495919 -1.5407232379623048 2.4
      vertex 29.46845104495919 -1.5407232379623048 0
      vertex 29.331434243653636 -1.5974774553360442 2.4
    endloop
  endfacet
  facet normal -0.1305261922200526 0.9914448613738103 0
    outer loop
      vertex 29.04520190203378 -1.6741731801207536 2.4
      vertex 29.04520190203378 -1.6741731801207536 0
      vertex 28.89816476267102 -1.6935309867559674 2.4
    endloop
  endfacet
  facet normal -0.21643961393809977 0.976296007119934 0
    outer loop
      vertex 29.189992376674287 -1.6420739046914161 2.4
      vertex 29.189992376674287 -1.6420739046914161 0
      vertex 29.04520190203378 -1.6741731801207536 2.4
    endloop
  endfacet
  facet normal -0.46174861323502747 0.887010833178225 0
    outer loop
      vertex 29.6 -1.4722431864335457 2.4
      vertex 29.6 -1.4722431864335457 0
      vertex 29.46845104495919 -1.5407232379623048 2.4
    endloop
  endfacet
  facet normal -0.5372996083468279 0.8433914458128831 0
    outer loop
      vertex 29.72507994179678 -1.392558475291286 2.4
      vertex 29.72507994179678 -1.392558475291286 0
      vertex 29.6 -1.4722431864335457 2.4
    endloop
  endfacet
  facet normal -0.7933533402912389 0.6087614290087158 0
    outer loop
      vertex 30.052275553302263 -1.0927389364671167 2.4
      vertex 30.142558475291285 -0.9750799417967783 2.4
      vertex 30.142558475291285 -0.9750799417967783 0
    endloop
  endfacet
  facet normal -0.7372773368101291 0.6755902076156547 0
    outer loop
      vertex 29.952081528017132 -1.2020815280171309 2.4
      vertex 30.052275553302263 -1.0927389364671167 2.4
      vertex 30.052275553302263 -1.0927389364671167 0
    endloop
  endfacet
  facet normal 0.9990482215818578 0.043619387365336 0
    outer loop
      vertex 27.056469013244033 -0.14816476267101888 0
      vertex 27.05 0 0
      vertex 27.05 0 2.4
    endloop
  endfacet
  facet normal 0.9914448613738109 0.13052619222004788 0
    outer loop
      vertex 27.075826819879246 -0.29520190203378155 0
      vertex 27.056469013244033 -0.14816476267101888 0
      vertex 27.056469013244033 -0.14816476267101888 2.4
    endloop
  endfacet
  facet normal 0.9762960071199319 0.2164396139381089 0
    outer loop
      vertex 27.107926095308585 -0.43999237667428526 0
      vertex 27.075826819879246 -0.29520190203378155 0
      vertex 27.075826819879246 -0.29520190203378155 2.4
    endloop
  endfacet
  facet normal 0.9537169507482286 0.3007057995042679 0
    outer loop
      vertex 27.152522544663956 -0.5814342436536368 0
      vertex 27.107926095308585 -0.43999237667428526 0
      vertex 27.107926095308585 -0.43999237667428526 2.4
    endloop
  endfacet
  facet normal 0.923879532511285 0.38268343236509433 0
    outer loop
      vertex 27.209276762037696 -0.718451044959189 0
      vertex 27.152522544663956 -0.5814342436536368 0
      vertex 27.152522544663956 -0.5814342436536368 2.4
    endloop
  endfacet
  facet normal 0.887010833178222 0.4617486132350333 0
    outer loop
      vertex 27.277756813566455 -0.85 0
      vertex 27.209276762037696 -0.718451044959189 0
      vertex 27.209276762037696 -0.718451044959189 2.4
    endloop
  endfacet
  facet normal 0.8433914458128843 0.537299608346826 0
    outer loop
      vertex 27.357441524708715 -0.9750799417967783 0
      vertex 27.277756813566455 -0.85 0
      vertex 27.277756813566455 -0.85 2.4
    endloop
  endfacet
  facet normal 0.7933533402912389 0.6087614290087158 0
    outer loop
      vertex 27.447724446697737 -1.0927389364671167 0
      vertex 27.357441524708715 -0.9750799417967783 0
      vertex 27.357441524708715 -0.9750799417967783 2.4
    endloop
  endfacet
  facet normal 0.7372773368101291 0.6755902076156547 0
    outer loop
      vertex 27.547918471982868 -1.2020815280171309 0
      vertex 27.447724446697737 -1.0927389364671167 0
      vertex 27.447724446697737 -1.0927389364671167 2.4
    endloop
  endfacet
  facet normal 0.6755902076156596 0.7372773368101246 0
    outer loop
      vertex 27.547918471982868 -1.2020815280171309 0
      vertex 27.547918471982868 -1.2020815280171309 2.4
      vertex 27.657261063532882 -1.3022755533022627 0
    endloop
  endfacet
  facet normal 0.6087614290087172 0.7933533402912378 0
    outer loop
      vertex 27.657261063532882 -1.3022755533022627 0
      vertex 27.657261063532882 -1.3022755533022627 2.4
      vertex 27.77492005820322 -1.392558475291286 0
    endloop
  endfacet
  facet normal 0.5372996083468279 0.8433914458128831 0
    outer loop
      vertex 27.77492005820322 -1.392558475291286 0
      vertex 27.77492005820322 -1.392558475291286 2.4
      vertex 27.9 -1.4722431864335457 0
    endloop
  endfacet
  facet normal 0.46174861323502747 0.887010833178225 0
    outer loop
      vertex 27.9 -1.4722431864335457 0
      vertex 27.9 -1.4722431864335457 2.4
      vertex 28.03154895504081 -1.5407232379623048 0
    endloop
  endfacet
  facet normal 0.3826834323650894 0.9238795325112868 0
    outer loop
      vertex 28.03154895504081 -1.5407232379623048 0
      vertex 28.03154895504081 -1.5407232379623048 2.4
      vertex 28.168565756346364 -1.5974774553360442 0
    endloop
  endfacet
  facet normal 0.3007057995042781 0.9537169507482254 0
    outer loop
      vertex 28.168565756346364 -1.5974774553360442 0
      vertex 28.168565756346364 -1.5974774553360442 2.4
      vertex 28.310007623325713 -1.6420739046914161 0
    endloop
  endfacet
  facet normal 0.21643961393809977 0.976296007119934 0
    outer loop
      vertex 28.310007623325713 -1.6420739046914161 0
      vertex 28.310007623325713 -1.6420739046914161 2.4
      vertex 28.45479809796622 -1.6741731801207536 0
    endloop
  endfacet
  facet normal 0.1305261922200526 0.9914448613738103 0
    outer loop
      vertex 28.45479809796622 -1.6741731801207536 0
      vertex 28.45479809796622 -1.6741731801207536 2.4
      vertex 28.60183523732898 -1.6935309867559674 0
    endloop
  endfacet
  facet normal 0.04361938736533591 0.9990482215818576 0
    outer loop
      vertex 28.60183523732898 -1.6935309867559674 0
      vertex 28.60183523732898 -1.6935309867559674 2.4
      vertex 28.75 -1.7 0
    endloop
  endfacet
  facet normal -0.04361938736533591 0.9990482215818576 0
    outer loop
      vertex 28.75 -1.7 0
      vertex 28.75 -1.7 2.4
      vertex 28.89816476267102 -1.6935309867559674 0
    endloop
  endfacet
  facet normal -0.9990482215818578 0.043619387365336 0
    outer loop
      vertex 30.443530986755967 -0.14816476267101888 2.4
      vertex 30.45 0 0
      vertex 30.443530986755967 -0.14816476267101888 0
    endloop
  endfacet
  facet normal -0.9914448613738109 0.13052619222004788 0
    outer loop
      vertex 30.424173180120754 -0.29520190203378155 2.4
      vertex 30.443530986755967 -0.14816476267101888 0
      vertex 30.424173180120754 -0.29520190203378155 0
    endloop
  endfacet
  facet normal -0.9762960071199319 0.2164396139381089 0
    outer loop
      vertex 30.392073904691415 -0.43999237667428526 2.4
      vertex 30.424173180120754 -0.29520190203378155 0
      vertex 30.392073904691415 -0.43999237667428526 0
    endloop
  endfacet
  facet normal -0.9537169507482286 0.3007057995042679 0
    outer loop
      vertex 30.347477455336044 -0.5814342436536368 2.4
      vertex 30.392073904691415 -0.43999237667428526 0
      vertex 30.347477455336044 -0.5814342436536368 0
    endloop
  endfacet
  facet normal -0.923879532511285 0.38268343236509433 0
    outer loop
      vertex 30.290723237962304 -0.718451044959189 2.4
      vertex 30.347477455336044 -0.5814342436536368 0
      vertex 30.290723237962304 -0.718451044959189 0
    endloop
  endfacet
  facet normal -0.8433914458128843 0.537299608346826 0
    outer loop
      vertex 30.142558475291285 -0.9750799417967783 2.4
      vertex 30.222243186433545 -0.85 0
      vertex 30.142558475291285 -0.9750799417967783 0
    endloop
  endfacet
  facet normal -0.887010833178222 0.4617486132350333 0
    outer loop
      vertex 30.222243186433545 -0.85 2.4
      vertex 30.290723237962304 -0.718451044959189 0
      vertex 30.222243186433545 -0.85 0
    endloop
  endfacet
  facet normal -0.6755902076156596 0.7372773368101246 0
    outer loop
      vertex 29.842738936467118 -1.3022755533022627 2.4
      vertex 29.952081528017132 -1.2020815280171309 0
      vertex 29.842738936467118 -1.3022755533022627 0
    endloop
  endfacet
  facet normal -0.6087614290087172 0.7933533402912378 0
    outer loop
      vertex 29.72507994179678 -1.392558475291286 2.4
      vertex 29.842738936467118 -1.3022755533022627 0
      vertex 29.72507994179678 -1.392558475291286 0
    endloop
  endfacet
  facet normal -0.3007057995042781 0.9537169507482254 0
    outer loop
      vertex 29.189992376674287 -1.6420739046914161 2.4
      vertex 29.331434243653636 -1.5974774553360442 0
      vertex 29.189992376674287 -1.6420739046914161 0
    endloop
  endfacet
  facet normal -0.3826834323650894 0.9238795325112868 0
    outer loop
      vertex 29.331434243653636 -1.5974774553360442 2.4
      vertex 29.46845104495919 -1.5407232379623048 0
      vertex 29.331434243653636 -1.5974774553360442 0
    endloop
  endfacet
  facet normal -0.1305261922200526 0.9914448613738103 0
    outer loop
      vertex 28.89816476267102 -1.6935309867559674 2.4
      vertex 29.04520190203378 -1.6741731801207536 0
      vertex 28.89816476267102 -1.6935309867559674 0
    endloop
  endfacet
  facet normal -0.21643961393809977 0.976296007119934 0
    outer loop
      vertex 29.04520190203378 -1.6741731801207536 2.4
      vertex 29.189992376674287 -1.6420739046914161 0
      vertex 29.04520190203378 -1.6741731801207536 0
    endloop
  endfacet
  facet normal -0.46174861323502747 0.887010833178225 0
    outer loop
      vertex 29.46845104495919 -1.5407232379623048 2.4
      vertex 29.6 -1.4722431864335457 0
      vertex 29.46845104495919 -1.5407232379623048 0
    endloop
  endfacet
  facet normal -0.5372996083468279 0.8433914458128831 0
    outer loop
      vertex 29.6 -1.4722431864335457 2.4
      vertex 29.72507994179678 -1.392558475291286 0
      vertex 29.6 -1.4722431864335457 0
    endloop
  endfacet
  facet normal -0.7372773368101291 0.6755902076156547 0
    outer loop
      vertex 29.952081528017132 -1.2020815280171309 2.4
      vertex 30.052275553302263 -1.0927389364671167 0
      vertex 29.952081528017132 -1.2020815280171309 0
    endloop
  endfacet
  facet normal -0.7933533402912389 0.6087614290087158 0
    outer loop
      vertex 30.052275553302263 -1.0927389364671167 2.4
      vertex 30.142558475291285 -0.9750799417967783 0
      vertex 30.052275553302263 -1.0927389364671167 0
    endloop
  endfacet
  facet normal 1 0 0
    outer loop
      vertex -14.25 14.95 0.8999999999999999
      vertex -14.25 -14.95 0.8999999999999999
      vertex -14.25 14.95 0.20000000000000018
    endloop
  endfacet
  facet normal 0 0 -1
    outer loop
      vertex -14.25 14.95 0.8999999999999999
      vertex -9.75 14.95 0.8999999999999999
      vertex -9.75 -14.95 0.8999999999999999
    endloop
  endfacet
  facet normal 0 0 1
    outer loop
      vertex -14.25 14.95 0.20000000000000018
      vertex -14.25 -14.95 0.20000000000000018
      vertex -9.75 14.95 0.20000000000000018
    endloop
  endfacet
  facet normal -1 0 0
    outer loop
      vertex -9.75 14.95 0.8999999999999999
      vertex -9.75 14.95 0.20000000000000018
      vertex -9.75 -14.95 0.20000000000000018
    endloop
  endfacet
  facet normal 0 0 -1
    outer loop
      vertex -14.25 14.95 0.8999999999999999
      vertex -9.75 -14.95 0.8999999999999999
      vertex -14.25 -14.95 0.8999999999999999
    endloop
  endfacet
  facet normal -1 0 0
    outer loop
      vertex -9.75 14.95 0.8999999999999999
      vertex -9.75 -14.95 0.20000000000000018
      vertex -9.75 -14.95 0.8999999999999999
    endloop
  endfacet
  facet normal 1 0 0
    outer loop
      vertex -14.25 14.95 0.20000000000000018
      vertex -14.25 -14.95 0.8999999999999999
      vertex -14.25 -14.95 0.20000000000000018
    endloop
  endfacet
  facet normal 0 0 1
    outer loop
      vertex -9.75 14.95 0.20000000000000018
      vertex -14.25 -14.95 0.20000000000000018
      vertex -9.75 -14.95 0.20000000000000018
    endloop
  endfacet
  facet normal 1 0 0
    outer loop
      vertex 9.75 14.95 0.8999999999999999
      vertex 9.75 -14.95 0.8999999999999999
      vertex 9.75 14.95 0.20000000000000018
    endloop
  endfacet
  facet normal 0 0 -1
    outer loop
      vertex 9.75 14.95 0.8999999999999999
      vertex 14.25 14.95 0.8999999999999999
      vertex 14.25 -14.95 0.8999999999999999
    endloop
  endfacet
  facet normal 0 0 1
    outer loop
      vertex 9.75 14.95 0.20000000000000018
      vertex 9.75 -14.95 0.20000000000000018
      vertex 14.25 14.95 0.20000000000000018
    endloop
  endfacet
  facet normal -1 0 0
    outer loop
      vertex 14.25 14.95 0.8999999999999999
      vertex 14.25 14.95 0.20000000000000018
      vertex 14.25 -14.95 0.20000000000000018
    endloop
  endfacet
  facet normal 0 0 -1
    outer loop
      vertex 9.75 14.95 0.8999999999999999
      vertex 14.25 -14.95 0.8999999999999999
      vertex 9.75 -14.95 0.8999999999999999
    endloop
  endfacet
  facet normal -1 0 0
    outer loop
      vertex 14.25 14.95 0.8999999999999999
      vertex 14.25 -14.95 0.20000000000000018
      vertex 14.25 -14.95 0.8999999999999999
    endloop
  endfacet
  facet normal 1 0 0
    outer loop
      vertex 9.75 14.95 0.20000000000000018
      vertex 9.75 -14.95 0.8999999999999999
      vertex 9.75 -14.95 0.20000000000000018
    endloop
  endfacet
  facet normal 0 0 1
    outer loop
      vertex 14.25 14.95 0.20000000000000018
      vertex 9.75 -14.95 0.20000000000000018
      vertex 14.25 -14.95 0.20000000000000018
    endloop
  endfacet
endsolid OpenSCAD_Model
