solid OpenSCAD_Model
  facet normal 0.4617486132350375 0.8870108331782198 0
    outer loop
      vertex -29.75 -1.7320508075688772 0
      vertex -29.75 -1.7320508075688772 0.8
      vertex -29.5952365234814 -1.8126155740732999 0
    endloop
  endfacet
  facet normal 0.5372996083468189 0.8433914458128887 0
    outer loop
      vertex -29.897152872702094 -1.6383040885779836 0
      vertex -29.897152872702094 -1.6383040885779836 0.8
      vertex -29.75 -1.7320508075688772 0
    endloop
  endfacet
  facet normal 0.3826834323650899 0.9238795325112867 0
    outer loop
      vertex -29.5952365234814 -1.8126155740732999 0
      vertex -29.5952365234814 -1.8126155740732999 0.8
      vertex -29.43404028665134 -1.8793852415718169 0
    endloop
  endfacet
  facet normal 0.21643961393810374 0.9762960071199331 0
    outer loop
      vertex -29.26763809020504 -1.9318516525781366 0
      vertex -29.26763809020504 -1.9318516525781366 0.8
      vertex -29.09729635533386 -1.969615506024416 0
    endloop
  endfacet
  facet normal 0.300705799504268 0.9537169507482285 0
    outer loop
      vertex -29.43404028665134 -1.8793852415718169 0
      vertex -29.43404028665134 -1.8793852415718169 0.8
      vertex -29.26763809020504 -1.9318516525781366 0
    endloop
  endfacet
  facet normal 0.13052619222005252 0.9914448613738102 0
    outer loop
      vertex -29.09729635533386 -1.969615506024416 0
      vertex -29.09729635533386 -1.969615506024416 0.8
      vertex -28.924311485495316 -1.992389396183491 0
    endloop
  endfacet
  facet normal 0.04361938736533587 0.9990482215818577 0
    outer loop
      vertex -28.924311485495316 -1.992389396183491 0
      vertex -28.924311485495316 -1.992389396183491 0.8
      vertex -28.75 -2 0
    endloop
  endfacet
  facet normal -0.04361938736533587 0.9990482215818577 0
    outer loop
      vertex -28.75 -2 0
      vertex -28.75 -2 0.8
      vertex -28.575688514504684 -1.992389396183491 0
    endloop
  endfacet
  facet normal -0.13052619222005252 0.9914448613738102 0
    outer loop
      vertex -28.575688514504684 -1.992389396183491 0
      vertex -28.575688514504684 -1.992389396183491 0.8
      vertex -28.40270364466614 -1.969615506024416 0
    endloop
  endfacet
  facet normal -0.21643961393810374 0.9762960071199331 0
    outer loop
      vertex -28.40270364466614 -1.969615506024416 0
      vertex -28.40270364466614 -1.969615506024416 0.8
      vertex -28.23236190979496 -1.9318516525781366 0
    endloop
  endfacet
  facet normal -0.300705799504268 0.9537169507482285 0
    outer loop
      vertex -28.23236190979496 -1.9318516525781366 0
      vertex -28.23236190979496 -1.9318516525781366 0.8
      vertex -28.06595971334866 -1.8793852415718169 0
    endloop
  endfacet
  facet normal -0.3826834323650899 0.9238795325112867 0
    outer loop
      vertex -28.06595971334866 -1.8793852415718169 0
      vertex -28.06595971334866 -1.8793852415718169 0.8
      vertex -27.9047634765186 -1.8126155740732999 0
    endloop
  endfacet
  facet normal -0.46174861323502386 0.8870108331782268 0
    outer loop
      vertex -27.899999998509884 -1.8101358643759347 0.8
      vertex -27.899999998509884 -1.8101358643759347 0
      vertex -27.9047634765186 -1.8126155740732999 0
    endloop
  endfacet
  facet normal 0.7372773368101226 0.6755902076156619 0
    outer loop
      vertex -30.164213562373096 -1.4142135623730951 0
      vertex -30.282088886237958 -1.2855752193730785 0
      vertex -30.282088886237958 -1.2855752193730785 0.8
    endloop
  endfacet
  facet normal 0.8433914458128783 0.5372996083468354 0
    outer loop
      vertex -30.388304088577982 -1.147152872702092 0
      vertex -30.48205080756888 -1 0
      vertex -30.48205080756888 -1 0.8
    endloop
  endfacet
  facet normal 0.7933533402912435 0.6087614290087098 0
    outer loop
      vertex -30.282088886237958 -1.2855752193730785 0
      vertex -30.388304088577982 -1.147152872702092 0
      vertex -30.388304088577982 -1.147152872702092 0.8
    endloop
  endfacet
  facet normal 0.8870108331782283 0.4617486132350211 0
    outer loop
      vertex -30.48205080756888 -1 0
      vertex -30.5626155740733 -0.8452365234813989 0
      vertex -30.5626155740733 -0.8452365234813989 0.8
    endloop
  endfacet
  facet normal 0.6087614290087228 0.7933533402912336 0
    outer loop
      vertex -30.03557521937308 -1.5320888862379562 0
      vertex -30.03557521937308 -1.5320888862379562 0.8
      vertex -29.897152872702094 -1.6383040885779836 0
    endloop
  endfacet
  facet normal 0.6755902076156605 0.737277336810124 0
    outer loop
      vertex -30.03557521937308 -1.5320888862379562 0
      vertex -30.164213562373096 -1.4142135623730951 0
      vertex -30.164213562373096 -1.4142135623730951 0.8
    endloop
  endfacet
  facet normal 0.9537169507482304 0.3007057995042625 0
    outer loop
      vertex -30.629385241571818 -0.6840402866513374 0
      vertex -30.681851652578136 -0.5176380902050415 0
      vertex -30.681851652578136 -0.5176380902050415 0.8
    endloop
  endfacet
  facet normal 0.9238795325112815 0.38268343236510227 0
    outer loop
      vertex -30.5626155740733 -0.8452365234813989 0
      vertex -30.629385241571818 -0.6840402866513374 0
      vertex -30.629385241571818 -0.6840402866513374 0.8
    endloop
  endfacet
  facet normal 0.9762960071199341 0.2164396139380998 0
    outer loop
      vertex -30.681851652578136 -0.5176380902050415 0
      vertex -30.719615506024414 -0.34729635533386066 0
      vertex -30.719615506024414 -0.34729635533386066 0.8
    endloop
  endfacet
  facet normal 0.9914448613738094 0.13052619222005843 0
    outer loop
      vertex -30.719615506024414 -0.34729635533386066 0
      vertex -30.74238939618349 -0.17431148549531633 0
      vertex -30.74238939618349 -0.17431148549531633 0.8
    endloop
  endfacet
  facet normal 0.9990482215818577 0.0436193873653384 0
    outer loop
      vertex -30.74238939618349 -0.17431148549531633 0
      vertex -30.75 0 0
      vertex -30.75 0 0.8
    endloop
  endfacet
  facet normal 0.4617486132350375 0.8870108331782198 0
    outer loop
      vertex -29.5952365234814 -1.8126155740732999 0
      vertex -29.75 -1.7320508075688772 0.8
      vertex -29.5952365234814 -1.8126155740732999 0.8
    endloop
  endfacet
  facet normal 0.5372996083468189 0.8433914458128887 0
    outer loop
      vertex -29.75 -1.7320508075688772 0
      vertex -29.897152872702094 -1.6383040885779836 0.8
      vertex -29.75 -1.7320508075688772 0.8
    endloop
  endfacet
  facet normal 0.3826834323650899 0.9238795325112867 0
    outer loop
      vertex -29.43404028665134 -1.8793852415718169 0
      vertex -29.5952365234814 -1.8126155740732999 0.8
      vertex -29.43404028665134 -1.8793852415718169 0.8
    endloop
  endfacet
  facet normal 0.300705799504268 0.9537169507482285 0
    outer loop
      vertex -29.26763809020504 -1.9318516525781366 0
      vertex -29.43404028665134 -1.8793852415718169 0.8
      vertex -29.26763809020504 -1.9318516525781366 0.8
    endloop
  endfacet
  facet normal 0.21643961393810374 0.9762960071199331 0
    outer loop
      vertex -29.09729635533386 -1.969615506024416 0
      vertex -29.26763809020504 -1.9318516525781366 0.8
      vertex -29.09729635533386 -1.969615506024416 0.8
    endloop
  endfacet
  facet normal 0.13052619222005252 0.9914448613738102 0
    outer loop
      vertex -28.924311485495316 -1.992389396183491 0
      vertex -29.09729635533386 -1.969615506024416 0.8
      vertex -28.924311485495316 -1.992389396183491 0.8
    endloop
  endfacet
  facet normal 0.04361938736533587 0.9990482215818577 0
    outer loop
      vertex -28.75 -2 0
      vertex -28.924311485495316 -1.992389396183491 0.8
      vertex -28.75 -2 0.8
    endloop
  endfacet
  facet normal -0.04361938736533587 0.9990482215818577 0
    outer loop
      vertex -28.575688514504684 -1.992389396183491 0
      vertex -28.75 -2 0.8
      vertex -28.575688514504684 -1.992389396183491 0.8
    endloop
  endfacet
  facet normal -0.13052619222005252 0.9914448613738102 0
    outer loop
      vertex -28.40270364466614 -1.969615506024416 0
      vertex -28.575688514504684 -1.992389396183491 0.8
      vertex -28.40270364466614 -1.969615506024416 0.8
    endloop
  endfacet
  facet normal -0.21643961393810374 0.9762960071199331 0
    outer loop
      vertex -28.23236190979496 -1.9318516525781366 0
      vertex -28.40270364466614 -1.969615506024416 0.8
      vertex -28.23236190979496 -1.9318516525781366 0.8
    endloop
  endfacet
  facet normal -0.300705799504268 0.9537169507482285 0
    outer loop
      vertex -28.06595971334866 -1.8793852415718169 0
      vertex -28.23236190979496 -1.9318516525781366 0.8
      vertex -28.06595971334866 -1.8793852415718169 0.8
    endloop
  endfacet
  facet normal -0.3826834323650899 0.9238795325112867 0
    outer loop
      vertex -27.9047634765186 -1.8126155740732999 0
      vertex -28.06595971334866 -1.8793852415718169 0.8
      vertex -27.9047634765186 -1.8126155740732999 0.8
    endloop
  endfacet
  facet normal -0.46174861323502386 0.8870108331782268 0
    outer loop
      vertex -27.899999998509884 -1.8101358643759347 0.8
      vertex -27.9047634765186 -1.8126155740732999 0
      vertex -27.9047634765186 -1.8126155740732999 0.8
    endloop
  endfacet
  facet normal 0.7372773368101226 0.6755902076156619 0
    outer loop
      vertex -30.164213562373096 -1.4142135623730951 0
      vertex -30.282088886237958 -1.2855752193730785 0.8
      vertex -30.164213562373096 -1.4142135623730951 0.8
    endloop
  endfacet
  facet normal 0.7933533402912435 0.6087614290087098 0
    outer loop
      vertex -30.282088886237958 -1.2855752193730785 0
      vertex -30.388304088577982 -1.147152872702092 0.8
      vertex -30.282088886237958 -1.2855752193730785 0.8
    endloop
  endfacet
  facet normal 0.8433914458128783 0.5372996083468354 0
    outer loop
      vertex -30.388304088577982 -1.147152872702092 0
      vertex -30.48205080756888 -1 0.8
      vertex -30.388304088577982 -1.147152872702092 0.8
    endloop
  endfacet
  facet normal 0.8870108331782283 0.4617486132350211 0
    outer loop
      vertex -30.48205080756888 -1 0
      vertex -30.5626155740733 -0.8452365234813989 0.8
      vertex -30.48205080756888 -1 0.8
    endloop
  endfacet
  facet normal 0.6087614290087228 0.7933533402912336 0
    outer loop
      vertex -29.897152872702094 -1.6383040885779836 0
      vertex -30.03557521937308 -1.5320888862379562 0.8
      vertex -29.897152872702094 -1.6383040885779836 0.8
    endloop
  endfacet
  facet normal 0.6755902076156605 0.737277336810124 0
    outer loop
      vertex -30.03557521937308 -1.5320888862379562 0
      vertex -30.164213562373096 -1.4142135623730951 0.8
      vertex -30.03557521937308 -1.5320888862379562 0.8
    endloop
  endfacet
  facet normal 0.9537169507482304 0.3007057995042625 0
    outer loop
      vertex -30.629385241571818 -0.6840402866513374 0
      vertex -30.681851652578136 -0.5176380902050415 0.8
      vertex -30.629385241571818 -0.6840402866513374 0.8
    endloop
  endfacet
  facet normal 0.9762960071199341 0.2164396139380998 0
    outer loop
      vertex -30.681851652578136 -0.5176380902050415 0
      vertex -30.719615506024414 -0.34729635533386066 0.8
      vertex -30.681851652578136 -0.5176380902050415 0.8
    endloop
  endfacet
  facet normal 0.9238795325112815 0.38268343236510227 0
    outer loop
      vertex -30.5626155740733 -0.8452365234813989 0
      vertex -30.629385241571818 -0.6840402866513374 0.8
      vertex -30.5626155740733 -0.8452365234813989 0.8
    endloop
  endfacet
  facet normal 0.9914448613738094 0.13052619222005843 0
    outer loop
      vertex -30.719615506024414 -0.34729635533386066 0
      vertex -30.74238939618349 -0.17431148549531633 0.8
      vertex -30.719615506024414 -0.34729635533386066 0.8
    endloop
  endfacet
  facet normal 0.9990482215818577 0.0436193873653384 0
    outer loop
      vertex -30.74238939618349 -0.17431148549531633 0
      vertex -30.75 0 0.8
      vertex -30.74238939618349 -0.17431148549531633 0.8
    endloop
  endfacet
  facet normal 0.9990482215818577 -0.0436193873653384 0
    outer loop
      vertex -30.75 0 0
      vertex -30.74238939618349 0.17431148549531633 0
      vertex -30.74238939618349 0.17431148549531633 0.8
    endloop
  endfacet
  facet normal 0.9914448613738094 -0.13052619222005843 0
    outer loop
      vertex -30.74238939618349 0.17431148549531633 0
      vertex -30.719615506024414 0.34729635533386066 0
      vertex -30.719615506024414 0.34729635533386066 0.8
    endloop
  endfacet
  facet normal 0.9762960071199341 -0.2164396139380998 0
    outer loop
      vertex -30.719615506024414 0.34729635533386066 0
      vertex -30.681851652578136 0.5176380902050415 0
      vertex -30.681851652578136 0.5176380902050415 0.8
    endloop
  endfacet
  facet normal 0.9537169507482304 -0.3007057995042625 0
    outer loop
      vertex -30.681851652578136 0.5176380902050415 0
      vertex -30.629385241571818 0.6840402866513374 0
      vertex -30.629385241571818 0.6840402866513374 0.8
    endloop
  endfacet
  facet normal 0.9238795325112815 -0.38268343236510227 0
    outer loop
      vertex -30.629385241571818 0.6840402866513374 0
      vertex -30.5626155740733 0.8452365234813989 0
      vertex -30.5626155740733 0.8452365234813989 0.8
    endloop
  endfacet
  facet normal 0.8870108331782283 -0.4617486132350211 0
    outer loop
      vertex -30.5626155740733 0.8452365234813989 0
      vertex -30.48205080756888 1 0
      vertex -30.48205080756888 1 0.8
    endloop
  endfacet
  facet normal 0.8433914458128783 -0.5372996083468354 0
    outer loop
      vertex -30.48205080756888 1 0
      vertex -30.388304088577982 1.147152872702092 0
      vertex -30.388304088577982 1.147152872702092 0.8
    endloop
  endfacet
  facet normal 0.7933533402912435 -0.6087614290087098 0
    outer loop
      vertex -30.388304088577982 1.147152872702092 0
      vertex -30.282088886237958 1.2855752193730785 0
      vertex -30.282088886237958 1.2855752193730785 0.8
    endloop
  endfacet
  facet normal 0.7372773368101226 -0.6755902076156619 0
    outer loop
      vertex -30.282088886237958 1.2855752193730785 0
      vertex -30.164213562373096 1.4142135623730951 0
      vertex -30.164213562373096 1.4142135623730951 0.8
    endloop
  endfacet
  facet normal 0.6755902076156605 -0.737277336810124 0
    outer loop
      vertex -30.03557521937308 1.5320888862379562 0
      vertex -30.03557521937308 1.5320888862379562 0.8
      vertex -30.164213562373096 1.4142135623730951 0
    endloop
  endfacet
  facet normal 0.6087614290087228 -0.7933533402912336 0
    outer loop
      vertex -29.897152872702094 1.6383040885779836 0
      vertex -29.897152872702094 1.6383040885779836 0.8
      vertex -30.03557521937308 1.5320888862379562 0
    endloop
  endfacet
  facet normal 0.5372996083468189 -0.8433914458128887 0
    outer loop
      vertex -29.75 1.7320508075688772 0
      vertex -29.75 1.7320508075688772 0.8
      vertex -29.897152872702094 1.6383040885779836 0
    endloop
  endfacet
  facet normal 0.4617486132350375 -0.8870108331782198 0
    outer loop
      vertex -29.5952365234814 1.8126155740732999 0
      vertex -29.5952365234814 1.8126155740732999 0.8
      vertex -29.75 1.7320508075688772 0
    endloop
  endfacet
  facet normal 0.3826834323650899 -0.9238795325112867 0
    outer loop
      vertex -29.43404028665134 1.8793852415718169 0
      vertex -29.43404028665134 1.8793852415718169 0.8
      vertex -29.5952365234814 1.8126155740732999 0
    endloop
  endfacet
  facet normal 0.300705799504268 -0.9537169507482285 0
    outer loop
      vertex -29.26763809020504 1.9318516525781366 0
      vertex -29.26763809020504 1.9318516525781366 0.8
      vertex -29.43404028665134 1.8793852415718169 0
    endloop
  endfacet
  facet normal 0.21643961393810374 -0.9762960071199331 0
    outer loop
      vertex -29.09729635533386 1.969615506024416 0
      vertex -29.09729635533386 1.969615506024416 0.8
      vertex -29.26763809020504 1.9318516525781366 0
    endloop
  endfacet
  facet normal 0.13052619222005252 -0.9914448613738102 0
    outer loop
      vertex -28.924311485495316 1.992389396183491 0
      vertex -28.924311485495316 1.992389396183491 0.8
      vertex -29.09729635533386 1.969615506024416 0
    endloop
  endfacet
  facet normal 0.04361938736533587 -0.9990482215818577 0
    outer loop
      vertex -28.75 2 0
      vertex -28.75 2 0.8
      vertex -28.924311485495316 1.992389396183491 0
    endloop
  endfacet
  facet normal -0.04361938736533587 -0.9990482215818577 0
    outer loop
      vertex -28.575688514504684 1.992389396183491 0
      vertex -28.575688514504684 1.992389396183491 0.8
      vertex -28.75 2 0
    endloop
  endfacet
  facet normal -0.13052619222005252 -0.9914448613738102 0
    outer loop
      vertex -28.40270364466614 1.969615506024416 0
      vertex -28.40270364466614 1.969615506024416 0.8
      vertex -28.575688514504684 1.992389396183491 0
    endloop
  endfacet
  facet normal -0.21643961393810374 -0.9762960071199331 0
    outer loop
      vertex -28.23236190979496 1.9318516525781366 0
      vertex -28.23236190979496 1.9318516525781366 0.8
      vertex -28.40270364466614 1.969615506024416 0
    endloop
  endfacet
  facet normal -0.46174861323502386 -0.8870108331782268 0
    outer loop
      vertex -27.899999998509884 1.8101358643759347 0
      vertex -27.9047634765186 1.8126155740732999 0.8
      vertex -27.9047634765186 1.8126155740732999 0
    endloop
  endfacet
  facet normal -0.300705799504268 -0.9537169507482285 0
    outer loop
      vertex -28.06595971334866 1.8793852415718169 0
      vertex -28.06595971334866 1.8793852415718169 0.8
      vertex -28.23236190979496 1.9318516525781366 0
    endloop
  endfacet
  facet normal -0.3826834323650899 -0.9238795325112867 0
    outer loop
      vertex -27.9047634765186 1.8126155740732999 0
      vertex -27.9047634765186 1.8126155740732999 0.8
      vertex -28.06595971334866 1.8793852415718169 0
    endloop
  endfacet
  facet normal 0.9990482215818577 -0.0436193873653384 0
    outer loop
      vertex -30.75 0 0
      vertex -30.74238939618349 0.17431148549531633 0.8
      vertex -30.75 0 0.8
    endloop
  endfacet
  facet normal 0.9914448613738094 -0.13052619222005843 0
    outer loop
      vertex -30.74238939618349 0.17431148549531633 0
      vertex -30.719615506024414 0.34729635533386066 0.8
      vertex -30.74238939618349 0.17431148549531633 0.8
    endloop
  endfacet
  facet normal 0.9762960071199341 -0.2164396139380998 0
    outer loop
      vertex -30.719615506024414 0.34729635533386066 0
      vertex -30.681851652578136 0.5176380902050415 0.8
      vertex -30.719615506024414 0.34729635533386066 0.8
    endloop
  endfacet
  facet normal 0.9537169507482304 -0.3007057995042625 0
    outer loop
      vertex -30.681851652578136 0.5176380902050415 0
      vertex -30.629385241571818 0.6840402866513374 0.8
      vertex -30.681851652578136 0.5176380902050415 0.8
    endloop
  endfacet
  facet normal 0.9238795325112815 -0.38268343236510227 0
    outer loop
      vertex -30.629385241571818 0.6840402866513374 0
      vertex -30.5626155740733 0.8452365234813989 0.8
      vertex -30.629385241571818 0.6840402866513374 0.8
    endloop
  endfacet
  facet normal 0.8870108331782283 -0.4617486132350211 0
    outer loop
      vertex -30.5626155740733 0.8452365234813989 0
      vertex -30.48205080756888 1 0.8
      vertex -30.5626155740733 0.8452365234813989 0.8
    endloop
  endfacet
  facet normal 0.8433914458128783 -0.5372996083468354 0
    outer loop
      vertex -30.48205080756888 1 0
      vertex -30.388304088577982 1.147152872702092 0.8
      vertex -30.48205080756888 1 0.8
    endloop
  endfacet
  facet normal 0.7933533402912435 -0.6087614290087098 0
    outer loop
      vertex -30.388304088577982 1.147152872702092 0
      vertex -30.282088886237958 1.2855752193730785 0.8
      vertex -30.388304088577982 1.147152872702092 0.8
    endloop
  endfacet
  facet normal 0.7372773368101226 -0.6755902076156619 0
    outer loop
      vertex -30.282088886237958 1.2855752193730785 0
      vertex -30.164213562373096 1.4142135623730951 0.8
      vertex -30.282088886237958 1.2855752193730785 0.8
    endloop
  endfacet
  facet normal 0.6755902076156605 -0.737277336810124 0
    outer loop
      vertex -30.164213562373096 1.4142135623730951 0
      vertex -30.03557521937308 1.5320888862379562 0.8
      vertex -30.164213562373096 1.4142135623730951 0.8
    endloop
  endfacet
  facet normal 0.6087614290087228 -0.7933533402912336 0
    outer loop
      vertex -30.03557521937308 1.5320888862379562 0
      vertex -29.897152872702094 1.6383040885779836 0.8
      vertex -30.03557521937308 1.5320888862379562 0.8
    endloop
  endfacet
  facet normal 0.5372996083468189 -0.8433914458128887 0
    outer loop
      vertex -29.897152872702094 1.6383040885779836 0
      vertex -29.75 1.7320508075688772 0.8
      vertex -29.897152872702094 1.6383040885779836 0.8
    endloop
  endfacet
  facet normal 0.4617486132350375 -0.8870108331782198 0
    outer loop
      vertex -29.75 1.7320508075688772 0
      vertex -29.5952365234814 1.8126155740732999 0.8
      vertex -29.75 1.7320508075688772 0.8
    endloop
  endfacet
  facet normal 0.3826834323650899 -0.9238795325112867 0
    outer loop
      vertex -29.5952365234814 1.8126155740732999 0
      vertex -29.43404028665134 1.8793852415718169 0.8
      vertex -29.5952365234814 1.8126155740732999 0.8
    endloop
  endfacet
  facet normal 0.300705799504268 -0.9537169507482285 0
    outer loop
      vertex -29.43404028665134 1.8793852415718169 0
      vertex -29.26763809020504 1.9318516525781366 0.8
      vertex -29.43404028665134 1.8793852415718169 0.8
    endloop
  endfacet
  facet normal 0.21643961393810374 -0.9762960071199331 0
    outer loop
      vertex -29.26763809020504 1.9318516525781366 0
      vertex -29.09729635533386 1.969615506024416 0.8
      vertex -29.26763809020504 1.9318516525781366 0.8
    endloop
  endfacet
  facet normal 0.13052619222005252 -0.9914448613738102 0
    outer loop
      vertex -29.09729635533386 1.969615506024416 0
      vertex -28.924311485495316 1.992389396183491 0.8
      vertex -29.09729635533386 1.969615506024416 0.8
    endloop
  endfacet
  facet normal 0.04361938736533587 -0.9990482215818577 0
    outer loop
      vertex -28.924311485495316 1.992389396183491 0
      vertex -28.75 2 0.8
      vertex -28.924311485495316 1.992389396183491 0.8
    endloop
  endfacet
  facet normal -0.04361938736533587 -0.9990482215818577 0
    outer loop
      vertex -28.75 2 0
      vertex -28.575688514504684 1.992389396183491 0.8
      vertex -28.75 2 0.8
    endloop
  endfacet
  facet normal -0.13052619222005252 -0.9914448613738102 0
    outer loop
      vertex -28.575688514504684 1.992389396183491 0
      vertex -28.40270364466614 1.969615506024416 0.8
      vertex -28.575688514504684 1.992389396183491 0.8
    endloop
  endfacet
  facet normal -0.21643961393810374 -0.9762960071199331 0
    outer loop
      vertex -28.40270364466614 1.969615506024416 0
      vertex -28.23236190979496 1.9318516525781366 0.8
      vertex -28.40270364466614 1.969615506024416 0.8
    endloop
  endfacet
  facet normal -0.46174861323502386 -0.8870108331782268 0
    outer loop
      vertex -27.899999998509884 1.8101358643759347 0
      vertex -27.899999998509884 1.8101358643759347 0.8
      vertex -27.9047634765186 1.8126155740732999 0.8
    endloop
  endfacet
  facet normal -0.300705799504268 -0.9537169507482285 0
    outer loop
      vertex -28.23236190979496 1.9318516525781366 0
      vertex -28.06595971334866 1.8793852415718169 0.8
      vertex -28.23236190979496 1.9318516525781366 0.8
    endloop
  endfacet
  facet normal -0.3826834323650899 -0.9238795325112867 0
    outer loop
      vertex -28.06595971334866 1.8793852415718169 0
      vertex -27.9047634765186 1.8126155740732999 0.8
      vertex -28.06595971334866 1.8793852415718169 0.8
    endloop
  endfacet
  facet normal 0.3826834323650899 0.9238795325112867 0
    outer loop
      vertex 27.9047634765186 -1.8126155740732999 0
      vertex 27.9047634765186 -1.8126155740732999 0.8
      vertex 28.06595971334866 -1.8793852415718169 0
    endloop
  endfacet
  facet normal 0.300705799504268 0.9537169507482285 0
    outer loop
      vertex 28.06595971334866 -1.8793852415718169 0
      vertex 28.06595971334866 -1.8793852415718169 0.8
      vertex 28.23236190979496 -1.9318516525781366 0
    endloop
  endfacet
  facet normal 0.46174861323502386 0.8870108331782268 0
    outer loop
      vertex 27.899999998509884 -1.8101358643759347 0
      vertex 27.9047634765186 -1.8126155740732999 0.8
      vertex 27.9047634765186 -1.8126155740732999 0
    endloop
  endfacet
  facet normal 0.21643961393810374 0.9762960071199331 0
    outer loop
      vertex 28.23236190979496 -1.9318516525781366 0
      vertex 28.23236190979496 -1.9318516525781366 0.8
      vertex 28.40270364466614 -1.969615506024416 0
    endloop
  endfacet
  facet normal 0.13052619222005252 0.9914448613738102 0
    outer loop
      vertex 28.40270364466614 -1.969615506024416 0
      vertex 28.40270364466614 -1.969615506024416 0.8
      vertex 28.575688514504684 -1.992389396183491 0
    endloop
  endfacet
  facet normal 0.04361938736533587 0.9990482215818577 0
    outer loop
      vertex 28.575688514504684 -1.992389396183491 0
      vertex 28.575688514504684 -1.992389396183491 0.8
      vertex 28.75 -2 0
    endloop
  endfacet
  facet normal -0.04361938736533587 0.9990482215818577 0
    outer loop
      vertex 28.75 -2 0
      vertex 28.75 -2 0.8
      vertex 28.924311485495316 -1.992389396183491 0
    endloop
  endfacet
  facet normal -0.13052619222005252 0.9914448613738102 0
    outer loop
      vertex 28.924311485495316 -1.992389396183491 0
      vertex 28.924311485495316 -1.992389396183491 0.8
      vertex 29.09729635533386 -1.969615506024416 0
    endloop
  endfacet
  facet normal -0.21643961393810374 0.9762960071199331 0
    outer loop
      vertex 29.09729635533386 -1.969615506024416 0
      vertex 29.09729635533386 -1.969615506024416 0.8
      vertex 29.26763809020504 -1.9318516525781366 0
    endloop
  endfacet
  facet normal -0.300705799504268 0.9537169507482285 0
    outer loop
      vertex 29.26763809020504 -1.9318516525781366 0
      vertex 29.26763809020504 -1.9318516525781366 0.8
      vertex 29.43404028665134 -1.8793852415718169 0
    endloop
  endfacet
  facet normal -0.3826834323650899 0.9238795325112867 0
    outer loop
      vertex 29.43404028665134 -1.8793852415718169 0
      vertex 29.43404028665134 -1.8793852415718169 0.8
      vertex 29.5952365234814 -1.8126155740732999 0
    endloop
  endfacet
  facet normal -0.4617486132350375 0.8870108331782198 0
    outer loop
      vertex 29.5952365234814 -1.8126155740732999 0
      vertex 29.5952365234814 -1.8126155740732999 0.8
      vertex 29.75 -1.7320508075688772 0
    endloop
  endfacet
  facet normal -0.5372996083468189 0.8433914458128887 0
    outer loop
      vertex 29.75 -1.7320508075688772 0
      vertex 29.75 -1.7320508075688772 0.8
      vertex 29.897152872702094 -1.6383040885779836 0
    endloop
  endfacet
  facet normal -0.6087614290087228 0.7933533402912336 0
    outer loop
      vertex 29.897152872702094 -1.6383040885779836 0
      vertex 29.897152872702094 -1.6383040885779836 0.8
      vertex 30.03557521937308 -1.5320888862379562 0
    endloop
  endfacet
  facet normal -0.6755902076156605 0.737277336810124 0
    outer loop
      vertex 30.03557521937308 -1.5320888862379562 0
      vertex 30.03557521937308 -1.5320888862379562 0.8
      vertex 30.164213562373096 -1.4142135623730951 0
    endloop
  endfacet
  facet normal -0.7372773368101226 0.6755902076156619 0
    outer loop
      vertex 30.164213562373096 -1.4142135623730951 0
      vertex 30.164213562373096 -1.4142135623730951 0.8
      vertex 30.282088886237958 -1.2855752193730785 0
    endloop
  endfacet
  facet normal -0.7933533402912435 0.6087614290087098 0
    outer loop
      vertex 30.388304088577982 -1.147152872702092 0
      vertex 30.282088886237958 -1.2855752193730785 0
      vertex 30.282088886237958 -1.2855752193730785 0.8
    endloop
  endfacet
  facet normal -0.8433914458128783 0.5372996083468354 0
    outer loop
      vertex 30.48205080756888 -1 0
      vertex 30.388304088577982 -1.147152872702092 0
      vertex 30.388304088577982 -1.147152872702092 0.8
    endloop
  endfacet
  facet normal -0.8870108331782283 0.4617486132350211 0
    outer loop
      vertex 30.5626155740733 -0.8452365234813989 0
      vertex 30.48205080756888 -1 0
      vertex 30.48205080756888 -1 0.8
    endloop
  endfacet
  facet normal -0.9238795325112815 0.38268343236510227 0
    outer loop
      vertex 30.629385241571818 -0.6840402866513374 0
      vertex 30.5626155740733 -0.8452365234813989 0
      vertex 30.5626155740733 -0.8452365234813989 0.8
    endloop
  endfacet
  facet normal -0.9537169507482304 0.3007057995042625 0
    outer loop
      vertex 30.681851652578136 -0.5176380902050415 0
      vertex 30.629385241571818 -0.6840402866513374 0
      vertex 30.629385241571818 -0.6840402866513374 0.8
    endloop
  endfacet
  facet normal -0.9762960071199341 0.2164396139380998 0
    outer loop
      vertex 30.719615506024414 -0.34729635533386066 0
      vertex 30.681851652578136 -0.5176380902050415 0
      vertex 30.681851652578136 -0.5176380902050415 0.8
    endloop
  endfacet
  facet normal -0.9914448613738094 0.13052619222005843 0
    outer loop
      vertex 30.74238939618349 -0.17431148549531633 0
      vertex 30.719615506024414 -0.34729635533386066 0
      vertex 30.719615506024414 -0.34729635533386066 0.8
    endloop
  endfacet
  facet normal -0.9990482215818577 0.0436193873653384 0
    outer loop
      vertex 30.74238939618349 -0.17431148549531633 0
      vertex 30.74238939618349 -0.17431148549531633 0.8
      vertex 30.75 0 0
    endloop
  endfacet
  facet normal 0.3826834323650899 0.9238795325112867 0
    outer loop
      vertex 28.06595971334866 -1.8793852415718169 0
      vertex 27.9047634765186 -1.8126155740732999 0.8
      vertex 28.06595971334866 -1.8793852415718169 0.8
    endloop
  endfacet
  facet normal 0.300705799504268 0.9537169507482285 0
    outer loop
      vertex 28.23236190979496 -1.9318516525781366 0
      vertex 28.06595971334866 -1.8793852415718169 0.8
      vertex 28.23236190979496 -1.9318516525781366 0.8
    endloop
  endfacet
  facet normal 0.46174861323502386 0.8870108331782268 0
    outer loop
      vertex 27.899999998509884 -1.8101358643759347 0
      vertex 27.899999998509884 -1.8101358643759347 0.8
      vertex 27.9047634765186 -1.8126155740732999 0.8
    endloop
  endfacet
  facet normal 0.21643961393810374 0.9762960071199331 0
    outer loop
      vertex 28.40270364466614 -1.969615506024416 0
      vertex 28.23236190979496 -1.9318516525781366 0.8
      vertex 28.40270364466614 -1.969615506024416 0.8
    endloop
  endfacet
  facet normal 0.13052619222005252 0.9914448613738102 0
    outer loop
      vertex 28.575688514504684 -1.992389396183491 0
      vertex 28.40270364466614 -1.969615506024416 0.8
      vertex 28.575688514504684 -1.992389396183491 0.8
    endloop
  endfacet
  facet normal 0.04361938736533587 0.9990482215818577 0
    outer loop
      vertex 28.75 -2 0
      vertex 28.575688514504684 -1.992389396183491 0.8
      vertex 28.75 -2 0.8
    endloop
  endfacet
  facet normal -0.04361938736533587 0.9990482215818577 0
    outer loop
      vertex 28.924311485495316 -1.992389396183491 0
      vertex 28.75 -2 0.8
      vertex 28.924311485495316 -1.992389396183491 0.8
    endloop
  endfacet
  facet normal -0.13052619222005252 0.9914448613738102 0
    outer loop
      vertex 29.09729635533386 -1.969615506024416 0
      vertex 28.924311485495316 -1.992389396183491 0.8
      vertex 29.09729635533386 -1.969615506024416 0.8
    endloop
  endfacet
  facet normal -0.21643961393810374 0.9762960071199331 0
    outer loop
      vertex 29.26763809020504 -1.9318516525781366 0
      vertex 29.09729635533386 -1.969615506024416 0.8
      vertex 29.26763809020504 -1.9318516525781366 0.8
    endloop
  endfacet
  facet normal -0.300705799504268 0.9537169507482285 0
    outer loop
      vertex 29.43404028665134 -1.8793852415718169 0
      vertex 29.26763809020504 -1.9318516525781366 0.8
      vertex 29.43404028665134 -1.8793852415718169 0.8
    endloop
  endfacet
  facet normal -0.3826834323650899 0.9238795325112867 0
    outer loop
      vertex 29.5952365234814 -1.8126155740732999 0
      vertex 29.43404028665134 -1.8793852415718169 0.8
      vertex 29.5952365234814 -1.8126155740732999 0.8
    endloop
  endfacet
  facet normal -0.4617486132350375 0.8870108331782198 0
    outer loop
      vertex 29.75 -1.7320508075688772 0
      vertex 29.5952365234814 -1.8126155740732999 0.8
      vertex 29.75 -1.7320508075688772 0.8
    endloop
  endfacet
  facet normal -0.5372996083468189 0.8433914458128887 0
    outer loop
      vertex 29.897152872702094 -1.6383040885779836 0
      vertex 29.75 -1.7320508075688772 0.8
      vertex 29.897152872702094 -1.6383040885779836 0.8
    endloop
  endfacet
  facet normal -0.6087614290087228 0.7933533402912336 0
    outer loop
      vertex 30.03557521937308 -1.5320888862379562 0
      vertex 29.897152872702094 -1.6383040885779836 0.8
      vertex 30.03557521937308 -1.5320888862379562 0.8
    endloop
  endfacet
  facet normal -0.6755902076156605 0.737277336810124 0
    outer loop
      vertex 30.164213562373096 -1.4142135623730951 0
      vertex 30.03557521937308 -1.5320888862379562 0.8
      vertex 30.164213562373096 -1.4142135623730951 0.8
    endloop
  endfacet
  facet normal -0.7372773368101226 0.6755902076156619 0
    outer loop
      vertex 30.282088886237958 -1.2855752193730785 0
      vertex 30.164213562373096 -1.4142135623730951 0.8
      vertex 30.282088886237958 -1.2855752193730785 0.8
    endloop
  endfacet
  facet normal -0.7933533402912435 0.6087614290087098 0
    outer loop
      vertex 30.388304088577982 -1.147152872702092 0
      vertex 30.282088886237958 -1.2855752193730785 0.8
      vertex 30.388304088577982 -1.147152872702092 0.8
    endloop
  endfacet
  facet normal -0.8433914458128783 0.5372996083468354 0
    outer loop
      vertex 30.48205080756888 -1 0
      vertex 30.388304088577982 -1.147152872702092 0.8
      vertex 30.48205080756888 -1 0.8
    endloop
  endfacet
  facet normal -0.8870108331782283 0.4617486132350211 0
    outer loop
      vertex 30.5626155740733 -0.8452365234813989 0
      vertex 30.48205080756888 -1 0.8
      vertex 30.5626155740733 -0.8452365234813989 0.8
    endloop
  endfacet
  facet normal -0.9238795325112815 0.38268343236510227 0
    outer loop
      vertex 30.629385241571818 -0.6840402866513374 0
      vertex 30.5626155740733 -0.8452365234813989 0.8
      vertex 30.629385241571818 -0.6840402866513374 0.8
    endloop
  endfacet
  facet normal -0.9537169507482304 0.3007057995042625 0
    outer loop
      vertex 30.681851652578136 -0.5176380902050415 0
      vertex 30.629385241571818 -0.6840402866513374 0.8
      vertex 30.681851652578136 -0.5176380902050415 0.8
    endloop
  endfacet
  facet normal -0.9762960071199341 0.2164396139380998 0
    outer loop
      vertex 30.719615506024414 -0.34729635533386066 0
      vertex 30.681851652578136 -0.5176380902050415 0.8
      vertex 30.719615506024414 -0.34729635533386066 0.8
    endloop
  endfacet
  facet normal -0.9914448613738094 0.13052619222005843 0
    outer loop
      vertex 30.74238939618349 -0.17431148549531633 0
      vertex 30.719615506024414 -0.34729635533386066 0.8
      vertex 30.74238939618349 -0.17431148549531633 0.8
    endloop
  endfacet
  facet normal -0.9990482215818577 0.0436193873653384 0
    outer loop
      vertex 30.75 0 0
      vertex 30.74238939618349 -0.17431148549531633 0.8
      vertex 30.75 0 0.8
    endloop
  endfacet
  facet normal -0.9990482215818577 -0.0436193873653384 0
    outer loop
      vertex 30.75 0 0
      vertex 30.75 0 0.8
      vertex 30.74238939618349 0.17431148549531633 0
    endloop
  endfacet
  facet normal -0.9914448613738094 -0.13052619222005843 0
    outer loop
      vertex 30.719615506024414 0.34729635533386066 0
      vertex 30.74238939618349 0.17431148549531633 0
      vertex 30.74238939618349 0.17431148549531633 0.8
    endloop
  endfacet
  facet normal -0.9762960071199341 -0.2164396139380998 0
    outer loop
      vertex 30.681851652578136 0.5176380902050415 0
      vertex 30.719615506024414 0.34729635533386066 0
      vertex 30.719615506024414 0.34729635533386066 0.8
    endloop
  endfacet
  facet normal -0.9238795325112815 -0.38268343236510227 0
    outer loop
      vertex 30.5626155740733 0.8452365234813989 0
      vertex 30.629385241571818 0.6840402866513374 0
      vertex 30.629385241571818 0.6840402866513374 0.8
    endloop
  endfacet
  facet normal -0.9537169507482304 -0.3007057995042625 0
    outer loop
      vertex 30.629385241571818 0.6840402866513374 0
      vertex 30.681851652578136 0.5176380902050415 0
      vertex 30.681851652578136 0.5176380902050415 0.8
    endloop
  endfacet
  facet normal -0.6755902076156605 -0.737277336810124 0
    outer loop
      vertex 30.164213562373096 1.4142135623730951 0
      vertex 30.164213562373096 1.4142135623730951 0.8
      vertex 30.03557521937308 1.5320888862379562 0
    endloop
  endfacet
  facet normal -0.6087614290087228 -0.7933533402912336 0
    outer loop
      vertex 30.03557521937308 1.5320888862379562 0
      vertex 30.03557521937308 1.5320888862379562 0.8
      vertex 29.897152872702094 1.6383040885779836 0
    endloop
  endfacet
  facet normal -0.8870108331782283 -0.4617486132350211 0
    outer loop
      vertex 30.48205080756888 1 0
      vertex 30.5626155740733 0.8452365234813989 0
      vertex 30.5626155740733 0.8452365234813989 0.8
    endloop
  endfacet
  facet normal -0.7933533402912435 -0.6087614290087098 0
    outer loop
      vertex 30.282088886237958 1.2855752193730785 0
      vertex 30.388304088577982 1.147152872702092 0
      vertex 30.388304088577982 1.147152872702092 0.8
    endloop
  endfacet
  facet normal -0.8433914458128783 -0.5372996083468354 0
    outer loop
      vertex 30.388304088577982 1.147152872702092 0
      vertex 30.48205080756888 1 0
      vertex 30.48205080756888 1 0.8
    endloop
  endfacet
  facet normal -0.7372773368101226 -0.6755902076156619 0
    outer loop
      vertex 30.164213562373096 1.4142135623730951 0
      vertex 30.282088886237958 1.2855752193730785 0
      vertex 30.282088886237958 1.2855752193730785 0.8
    endloop
  endfacet
  facet normal 0.46174861323502386 -0.8870108331782268 0
    outer loop
      vertex 27.899999998509884 1.8101358643759347 0
      vertex 27.9047634765186 1.8126155740732999 0
      vertex 27.899999998509884 1.8101358643759347 0.8
    endloop
  endfacet
  facet normal 0.3826834323650899 -0.9238795325112867 0
    outer loop
      vertex 28.06595971334866 1.8793852415718169 0
      vertex 28.06595971334866 1.8793852415718169 0.8
      vertex 27.9047634765186 1.8126155740732999 0
    endloop
  endfacet
  facet normal 0.300705799504268 -0.9537169507482285 0
    outer loop
      vertex 28.23236190979496 1.9318516525781366 0
      vertex 28.23236190979496 1.9318516525781366 0.8
      vertex 28.06595971334866 1.8793852415718169 0
    endloop
  endfacet
  facet normal 0.21643961393810374 -0.9762960071199331 0
    outer loop
      vertex 28.40270364466614 1.969615506024416 0
      vertex 28.40270364466614 1.969615506024416 0.8
      vertex 28.23236190979496 1.9318516525781366 0
    endloop
  endfacet
  facet normal 0.13052619222005252 -0.9914448613738102 0
    outer loop
      vertex 28.575688514504684 1.992389396183491 0
      vertex 28.575688514504684 1.992389396183491 0.8
      vertex 28.40270364466614 1.969615506024416 0
    endloop
  endfacet
  facet normal 0.04361938736533587 -0.9990482215818577 0
    outer loop
      vertex 28.75 2 0
      vertex 28.75 2 0.8
      vertex 28.575688514504684 1.992389396183491 0
    endloop
  endfacet
  facet normal -0.04361938736533587 -0.9990482215818577 0
    outer loop
      vertex 28.924311485495316 1.992389396183491 0
      vertex 28.924311485495316 1.992389396183491 0.8
      vertex 28.75 2 0
    endloop
  endfacet
  facet normal -0.13052619222005252 -0.9914448613738102 0
    outer loop
      vertex 29.09729635533386 1.969615506024416 0
      vertex 29.09729635533386 1.969615506024416 0.8
      vertex 28.924311485495316 1.992389396183491 0
    endloop
  endfacet
  facet normal -0.300705799504268 -0.9537169507482285 0
    outer loop
      vertex 29.43404028665134 1.8793852415718169 0
      vertex 29.43404028665134 1.8793852415718169 0.8
      vertex 29.26763809020504 1.9318516525781366 0
    endloop
  endfacet
  facet normal -0.21643961393810374 -0.9762960071199331 0
    outer loop
      vertex 29.26763809020504 1.9318516525781366 0
      vertex 29.26763809020504 1.9318516525781366 0.8
      vertex 29.09729635533386 1.969615506024416 0
    endloop
  endfacet
  facet normal -0.3826834323650899 -0.9238795325112867 0
    outer loop
      vertex 29.5952365234814 1.8126155740732999 0
      vertex 29.5952365234814 1.8126155740732999 0.8
      vertex 29.43404028665134 1.8793852415718169 0
    endloop
  endfacet
  facet normal -0.5372996083468189 -0.8433914458128887 0
    outer loop
      vertex 29.897152872702094 1.6383040885779836 0
      vertex 29.897152872702094 1.6383040885779836 0.8
      vertex 29.75 1.7320508075688772 0
    endloop
  endfacet
  facet normal -0.4617486132350375 -0.8870108331782198 0
    outer loop
      vertex 29.75 1.7320508075688772 0
      vertex 29.75 1.7320508075688772 0.8
      vertex 29.5952365234814 1.8126155740732999 0
    endloop
  endfacet
  facet normal -0.9990482215818577 -0.0436193873653384 0
    outer loop
      vertex 30.74238939618349 0.17431148549531633 0
      vertex 30.75 0 0.8
      vertex 30.74238939618349 0.17431148549531633 0.8
    endloop
  endfacet
  facet normal -0.9914448613738094 -0.13052619222005843 0
    outer loop
      vertex 30.719615506024414 0.34729635533386066 0
      vertex 30.74238939618349 0.17431148549531633 0.8
      vertex 30.719615506024414 0.34729635533386066 0.8
    endloop
  endfacet
  facet normal -0.9238795325112815 -0.38268343236510227 0
    outer loop
      vertex 30.5626155740733 0.8452365234813989 0
      vertex 30.629385241571818 0.6840402866513374 0.8
      vertex 30.5626155740733 0.8452365234813989 0.8
    endloop
  endfacet
  facet normal -0.9762960071199341 -0.2164396139380998 0
    outer loop
      vertex 30.681851652578136 0.5176380902050415 0
      vertex 30.719615506024414 0.34729635533386066 0.8
      vertex 30.681851652578136 0.5176380902050415 0.8
    endloop
  endfacet
  facet normal -0.9537169507482304 -0.3007057995042625 0
    outer loop
      vertex 30.629385241571818 0.6840402866513374 0
      vertex 30.681851652578136 0.5176380902050415 0.8
      vertex 30.629385241571818 0.6840402866513374 0.8
    endloop
  endfacet
  facet normal -0.6755902076156605 -0.737277336810124 0
    outer loop
      vertex 30.03557521937308 1.5320888862379562 0
      vertex 30.164213562373096 1.4142135623730951 0.8
      vertex 30.03557521937308 1.5320888862379562 0.8
    endloop
  endfacet
  facet normal -0.6087614290087228 -0.7933533402912336 0
    outer loop
      vertex 29.897152872702094 1.6383040885779836 0
      vertex 30.03557521937308 1.5320888862379562 0.8
      vertex 29.897152872702094 1.6383040885779836 0.8
    endloop
  endfacet
  facet normal -0.8870108331782283 -0.4617486132350211 0
    outer loop
      vertex 30.48205080756888 1 0
      vertex 30.5626155740733 0.8452365234813989 0.8
      vertex 30.48205080756888 1 0.8
    endloop
  endfacet
  facet normal -0.8433914458128783 -0.5372996083468354 0
    outer loop
      vertex 30.388304088577982 1.147152872702092 0
      vertex 30.48205080756888 1 0.8
      vertex 30.388304088577982 1.147152872702092 0.8
    endloop
  endfacet
  facet normal -0.7933533402912435 -0.6087614290087098 0
    outer loop
      vertex 30.282088886237958 1.2855752193730785 0
      vertex 30.388304088577982 1.147152872702092 0.8
      vertex 30.282088886237958 1.2855752193730785 0.8
    endloop
  endfacet
  facet normal -0.7372773368101226 -0.6755902076156619 0
    outer loop
      vertex 30.164213562373096 1.4142135623730951 0
      vertex 30.282088886237958 1.2855752193730785 0.8
      vertex 30.164213562373096 1.4142135623730951 0.8
    endloop
  endfacet
  facet normal 0.46174861323502386 -0.8870108331782268 0
    outer loop
      vertex 27.899999998509884 1.8101358643759347 0.8
      vertex 27.9047634765186 1.8126155740732999 0
      vertex 27.9047634765186 1.8126155740732999 0.8
    endloop
  endfacet
  facet normal 0.3826834323650899 -0.9238795325112867 0
    outer loop
      vertex 27.9047634765186 1.8126155740732999 0
      vertex 28.06595971334866 1.8793852415718169 0.8
      vertex 27.9047634765186 1.8126155740732999 0.8
    endloop
  endfacet
  facet normal 0.300705799504268 -0.9537169507482285 0
    outer loop
      vertex 28.06595971334866 1.8793852415718169 0
      vertex 28.23236190979496 1.9318516525781366 0.8
      vertex 28.06595971334866 1.8793852415718169 0.8
    endloop
  endfacet
  facet normal 0.21643961393810374 -0.9762960071199331 0
    outer loop
      vertex 28.23236190979496 1.9318516525781366 0
      vertex 28.40270364466614 1.969615506024416 0.8
      vertex 28.23236190979496 1.9318516525781366 0.8
    endloop
  endfacet
  facet normal 0.13052619222005252 -0.9914448613738102 0
    outer loop
      vertex 28.40270364466614 1.969615506024416 0
      vertex 28.575688514504684 1.992389396183491 0.8
      vertex 28.40270364466614 1.969615506024416 0.8
    endloop
  endfacet
  facet normal 0.04361938736533587 -0.9990482215818577 0
    outer loop
      vertex 28.575688514504684 1.992389396183491 0
      vertex 28.75 2 0.8
      vertex 28.575688514504684 1.992389396183491 0.8
    endloop
  endfacet
  facet normal -0.04361938736533587 -0.9990482215818577 0
    outer loop
      vertex 28.75 2 0
      vertex 28.924311485495316 1.992389396183491 0.8
      vertex 28.75 2 0.8
    endloop
  endfacet
  facet normal -0.13052619222005252 -0.9914448613738102 0
    outer loop
      vertex 28.924311485495316 1.992389396183491 0
      vertex 29.09729635533386 1.969615506024416 0.8
      vertex 28.924311485495316 1.992389396183491 0.8
    endloop
  endfacet
  facet normal -0.21643961393810374 -0.9762960071199331 0
    outer loop
      vertex 29.09729635533386 1.969615506024416 0
      vertex 29.26763809020504 1.9318516525781366 0.8
      vertex 29.09729635533386 1.969615506024416 0.8
    endloop
  endfacet
  facet normal -0.300705799504268 -0.9537169507482285 0
    outer loop
      vertex 29.26763809020504 1.9318516525781366 0
      vertex 29.43404028665134 1.8793852415718169 0.8
      vertex 29.26763809020504 1.9318516525781366 0.8
    endloop
  endfacet
  facet normal -0.3826834323650899 -0.9238795325112867 0
    outer loop
      vertex 29.43404028665134 1.8793852415718169 0
      vertex 29.5952365234814 1.8126155740732999 0.8
      vertex 29.43404028665134 1.8793852415718169 0.8
    endloop
  endfacet
  facet normal -0.5372996083468189 -0.8433914458128887 0
    outer loop
      vertex 29.75 1.7320508075688772 0
      vertex 29.897152872702094 1.6383040885779836 0.8
      vertex 29.75 1.7320508075688772 0.8
    endloop
  endfacet
  facet normal -0.4617486132350375 -0.8870108331782198 0
    outer loop
      vertex 29.5952365234814 1.8126155740732999 0
      vertex 29.75 1.7320508075688772 0.8
      vertex 29.5952365234814 1.8126155740732999 0.8
    endloop
  endfacet
  facet normal 0 0 -1
    outer loop
      vertex -29.299999997019768 -12.51769145578146 0
      vertex -29.564875170588493 -12.348947361111641 0
      vertex -27.18557521700859 -9.332088880240917 0
    endloop
  endfacet
  facet normal 0 0 -1
    outer loop
      vertex -29.021425738930702 -12.662708029150963 0
      vertex -27.047152869403362 -9.438304089009762 0
      vertex -28.731272518634796 -12.782893434166908 0
    endloop
  endfacet
  facet normal 0 0 -1
    outer loop
      vertex -29.299999997019768 -12.51769145578146 0
      vertex -27.047152869403362 -9.438304089009762 0
      vertex -29.021425738930702 -12.662708029150963 0
    endloop
  endfacet
  facet normal 0 0 -1
    outer loop
      vertex -28.431748561561108 -12.877332970499992 0
      vertex -26.899999998509884 -9.532050803303719 0
      vertex -28.12513343989849 -12.945307910442352 0
    endloop
  endfacet
  facet normal 0 0 -1
    outer loop
      vertex -28.12513343989849 -12.945307910442352 0
      vertex -26.899999998509884 -9.532050803303719 0
      vertex -27.813760675489902 -12.98630090802908 0
    endloop
  endfacet
  facet normal 0 0 -1
    outer loop
      vertex -27.813760675489902 -12.98630090802908 0
      vertex -26.74523652344942 -9.612615570425987 0
      vertex -27.5 -13 0
    endloop
  endfacet
  facet normal 0 0 -1
    outer loop
      vertex -28.731272518634796 -12.782893434166908 0
      vertex -26.899999998509884 -9.532050803303719 0
      vertex -28.431748561561108 -12.877332970499992 0
    endloop
  endfacet
  facet normal 0 0 -1
    outer loop
      vertex -30.257759995758533 -11.714035391807556 0
      vertex -27.314213559031487 -9.21421355754137 0
      vertex -30.045584410429 -11.945584408938885 0
    endloop
  endfacet
  facet normal 0 0 -1
    outer loop
      vertex -30.448947362601757 -11.464875169098377 0
      vertex -30.617691457271576 -11.199999995529652 0
      vertex -27.432088881731033 -9.085575215518475 0
    endloop
  endfacet
  facet normal 0 0 -1
    outer loop
      vertex -30.257759995758533 -11.714035391807556 0
      vertex -30.448947362601757 -11.464875169098377 0
      vertex -27.432088881731033 -9.085575215518475 0
    endloop
  endfacet
  facet normal 0 0 -1
    outer loop
      vertex -30.76270803064108 -10.921425737440586 0
      vertex -30.882893435657024 -10.63127251714468 0
      vertex -27.538304090499878 -8.947152867913246 0
    endloop
  endfacet
  facet normal 0 0 -1
    outer loop
      vertex -30.617691457271576 -11.199999995529652 0
      vertex -30.76270803064108 -10.921425737440586 0
      vertex -27.432088881731033 -9.085575215518475 0
    endloop
  endfacet
  facet normal 0 0 -1
    outer loop
      vertex -30.882893435657024 -10.63127251714468 0
      vertex -30.97733297199011 -10.331748560070992 0
      vertex -27.538304090499878 -8.947152867913246 0
    endloop
  endfacet
  facet normal 0 0 -1
    outer loop
      vertex -30.97733297199011 -10.331748560070992 0
      vertex -31.04530791193247 -10.025133438408375 0
      vertex -27.538304090499878 -8.947152867913246 0
    endloop
  endfacet
  facet normal 0 0 -1
    outer loop
      vertex -29.564875170588493 -12.348947361111641 0
      vertex -29.814035393297672 -12.157759994268417 0
      vertex -27.18557521700859 -9.332088880240917 0
    endloop
  endfacet
  facet normal 0 0 -1
    outer loop
      vertex -29.814035393297672 -12.157759994268417 0
      vertex -30.045584410429 -11.945584408938885 0
      vertex -27.314213559031487 -9.21421355754137 0
    endloop
  endfacet
  facet normal 0 0 -1
    outer loop
      vertex -28.731272518634796 -12.782893434166908 0
      vertex -27.047152869403362 -9.438304089009762 0
      vertex -26.899999998509884 -9.532050803303719 0
    endloop
  endfacet
  facet normal 0 0 -1
    outer loop
      vertex -30.257759995758533 -11.714035391807556 0
      vertex -27.432088881731033 -9.085575215518475 0
      vertex -27.314213559031487 -9.21421355754137 0
    endloop
  endfacet
  facet normal 0 0 -1
    outer loop
      vertex -29.299999997019768 -12.51769145578146 0
      vertex -27.18557521700859 -9.332088880240917 0
      vertex -27.047152869403362 -9.438304089009762 0
    endloop
  endfacet
  facet normal 0 0 -1
    outer loop
      vertex -29.814035393297672 -12.157759994268417 0
      vertex -27.314213559031487 -9.21421355754137 0
      vertex -27.18557521700859 -9.332088880240917 0
    endloop
  endfacet
  facet normal 0 0 -1
    outer loop
      vertex -27.5 -13 0
      vertex -26.5840402841568 -9.679385237395763 0
      vertex -26.417638085782528 -9.731851652264595 0
    endloop
  endfacet
  facet normal 0 0 -1
    outer loop
      vertex -27.813760675489902 -12.98630090802908 0
      vertex -26.899999998509884 -9.532050803303719 0
      vertex -26.74523652344942 -9.612615570425987 0
    endloop
  endfacet
  facet normal 0 0 -1
    outer loop
      vertex -27.5 -13 0
      vertex -26.74523652344942 -9.612615570425987 0
      vertex -26.5840402841568 -9.679385237395763 0
    endloop
  endfacet
  facet normal 0 0 -1
    outer loop
      vertex -27.5 -13 0
      vertex -26.417638085782528 -9.731851652264595 0
      vertex -26.24729635566473 -9.76961550116539 0
    endloop
  endfacet
  facet normal 0 0 -1
    outer loop
      vertex -27.5 -13 0
      vertex -26.24729635566473 -9.76961550116539 0
      vertex -26.07431148737669 -9.792389392852783 0
    endloop
  endfacet
  facet normal 0 0 -1
    outer loop
      vertex -27.5 -13 0
      vertex -26.07431148737669 -9.792389392852783 0
      vertex -25.899999998509884 -9.799999997019768 0
    endloop
  endfacet
  facet normal 0 0 -1
    outer loop
      vertex -31.04530791193247 -10.025133438408375 0
      vertex -31.086300909519196 -9.713760673999786 0
      vertex -27.632050804793835 -8.799999997019768 0
    endloop
  endfacet
  facet normal 0 0 -1
    outer loop
      vertex -31.086300909519196 -9.713760673999786 0
      vertex -31.100000001490116 -9.399999998509884 0
      vertex -27.712615571916103 -8.645236521959305 0
    endloop
  endfacet
  facet normal 0 0 -1
    outer loop
      vertex -30.76270803064108 -10.921425737440586 0
      vertex -27.538304090499878 -8.947152867913246 0
      vertex -27.432088881731033 -9.085575215518475 0
    endloop
  endfacet
  facet normal 0 0 -1
    outer loop
      vertex -31.04530791193247 -10.025133438408375 0
      vertex -27.632050804793835 -8.799999997019768 0
      vertex -27.538304090499878 -8.947152867913246 0
    endloop
  endfacet
  facet normal 0 0 -1
    outer loop
      vertex -31.086300909519196 -9.713760673999786 0
      vertex -27.712615571916103 -8.645236521959305 0
      vertex -27.632050804793835 -8.799999997019768 0
    endloop
  endfacet
  facet normal 0 0 -1
    outer loop
      vertex -31.100000001490116 -9.399999998509884 0
      vertex -27.77938523888588 -8.484040282666683 0
      vertex -27.712615571916103 -8.645236521959305 0
    endloop
  endfacet
  facet normal 0 0 -1
    outer loop
      vertex -31.100000001490116 -9.399999998509884 0
      vertex -27.869615502655506 -8.147296354174614 0
      vertex -27.83185165375471 -8.317638084292412 0
    endloop
  endfacet
  facet normal 0 0 -1
    outer loop
      vertex -31.100000001490116 -9.399999998509884 0
      vertex -27.83185165375471 -8.317638084292412 0
      vertex -27.77938523888588 -8.484040282666683 0
    endloop
  endfacet
  facet normal 0 0 -1
    outer loop
      vertex -31.100000001490116 -9.399999998509884 0
      vertex -27.8923893943429 -7.974311485886574 0
      vertex -27.869615502655506 -8.147296354174614 0
    endloop
  endfacet
  facet normal 0 0 -1
    outer loop
      vertex -31.100000001490116 -9.399999998509884 0
      vertex -27.899999998509884 -7.799999997019768 0
      vertex -27.8923893943429 -7.974311485886574 0
    endloop
  endfacet
  facet normal -0.6087614362788698 -0.7933533347126536 0
    outer loop
      vertex -29.564875170588493 -12.348947361111641 0
      vertex -29.814035393297672 -12.157759994268417 0.8
      vertex -29.814035393297672 -12.157759994268417 0
    endloop
  endfacet
  facet normal -0.5372996055450713 -0.8433914475977988 0
    outer loop
      vertex -29.299999997019768 -12.51769145578146 0
      vertex -29.564875170588493 -12.348947361111641 0.8
      vertex -29.564875170588493 -12.348947361111641 0
    endloop
  endfacet
  facet normal -0.46174859689207676 -0.8870108416858266 0
    outer loop
      vertex -29.299999997019768 -12.51769145578146 0
      vertex -29.021425738930702 -12.662708029150963 0
      vertex -29.299999997019768 -12.51769145578146 0.8
    endloop
  endfacet
  facet normal -0.7372773326563969 -0.6755902121486581 0
    outer loop
      vertex -30.257759995758533 -11.714035391807556 0
      vertex -30.045584410429 -11.945584408938885 0
      vertex -30.257759995758533 -11.714035391807556 0.8
    endloop
  endfacet
  facet normal -0.7933533347126536 -0.6087614362788698 0
    outer loop
      vertex -30.257759995758533 -11.714035391807556 0
      vertex -30.448947362601757 -11.464875169098377 0.8
      vertex -30.448947362601757 -11.464875169098377 0
    endloop
  endfacet
  facet normal -0.6755902121486581 -0.7372773326563969 0
    outer loop
      vertex -29.814035393297672 -12.157759994268417 0
      vertex -30.045584410429 -11.945584408938885 0.8
      vertex -30.045584410429 -11.945584408938885 0
    endloop
  endfacet
  facet normal -0.3826834486805013 -0.9238795257532219 0
    outer loop
      vertex -29.021425738930702 -12.662708029150963 0
      vertex -28.731272518634796 -12.782893434166908 0
      vertex -29.021425738930702 -12.662708029150963 0.8
    endloop
  endfacet
  facet normal -0.30070578626147504 -0.953716954923665 0
    outer loop
      vertex -28.731272518634796 -12.782893434166908 0
      vertex -28.431748561561108 -12.877332970499992 0
      vertex -28.731272518634796 -12.782893434166908 0.8
    endloop
  endfacet
  facet normal -0.2164396260297591 -0.9762960044392777 0
    outer loop
      vertex -28.431748561561108 -12.877332970499992 0
      vertex -28.12513343989849 -12.945307910442352 0
      vertex -28.431748561561108 -12.877332970499992 0.8
    endloop
  endfacet
  facet normal -0.130526178046928 -0.9914448632397374 0
    outer loop
      vertex -28.12513343989849 -12.945307910442352 0
      vertex -27.813760675489902 -12.98630090802908 0
      vertex -28.12513343989849 -12.945307910442352 0.8
    endloop
  endfacet
  facet normal -0.0436194033554438 -0.9990482208837145 0
    outer loop
      vertex -27.813760675489902 -12.98630090802908 0
      vertex -27.5 -13 0
      vertex -27.813760675489902 -12.98630090802908 0.8
    endloop
  endfacet
  facet normal -0.8870108416858266 -0.46174859689207676 0
    outer loop
      vertex -30.617691457271576 -11.199999995529652 0
      vertex -30.76270803064108 -10.921425737440586 0.8
      vertex -30.76270803064108 -10.921425737440586 0
    endloop
  endfacet
  facet normal -0.8433914475977988 -0.5372996055450713 0
    outer loop
      vertex -30.448947362601757 -11.464875169098377 0
      vertex -30.617691457271576 -11.199999995529652 0.8
      vertex -30.617691457271576 -11.199999995529652 0
    endloop
  endfacet
  facet normal -0.9238795257532219 -0.3826834486805013 0
    outer loop
      vertex -30.76270803064108 -10.921425737440586 0
      vertex -30.882893435657024 -10.63127251714468 0.8
      vertex -30.882893435657024 -10.63127251714468 0
    endloop
  endfacet
  facet normal -0.953716954923665 -0.30070578626147504 0
    outer loop
      vertex -30.882893435657024 -10.63127251714468 0
      vertex -30.97733297199011 -10.331748560070992 0.8
      vertex -30.97733297199011 -10.331748560070992 0
    endloop
  endfacet
  facet normal -0.9762960044392777 -0.2164396260297591 0
    outer loop
      vertex -30.97733297199011 -10.331748560070992 0
      vertex -31.04530791193247 -10.025133438408375 0.8
      vertex -31.04530791193247 -10.025133438408375 0
    endloop
  endfacet
  facet normal -0.9914448632397374 -0.130526178046928 0
    outer loop
      vertex -31.04530791193247 -10.025133438408375 0
      vertex -31.086300909519196 -9.713760673999786 0.8
      vertex -31.086300909519196 -9.713760673999786 0
    endloop
  endfacet
  facet normal 0.13052620198021944 0.9914448600888599 0
    outer loop
      vertex -26.24729635566473 -9.76961550116539 0
      vertex -26.24729635566473 -9.76961550116539 0.8
      vertex -26.07431148737669 -9.792389392852783 0
    endloop
  endfacet
  facet normal 0.04361938852815862 0.9990482215310879 0
    outer loop
      vertex -26.07431148737669 -9.792389392852783 0
      vertex -26.07431148737669 -9.792389392852783 0.8
      vertex -25.899999998509884 -9.799999997019768 0
    endloop
  endfacet
  facet normal -0.9990482208837145 -0.0436194033554438 0
    outer loop
      vertex -31.086300909519196 -9.713760673999786 0
      vertex -31.100000001490116 -9.399999998509884 0.8
      vertex -31.100000001490116 -9.399999998509884 0
    endloop
  endfacet
  facet normal 0.6755902067746474 0.7372773375807702 0
    outer loop
      vertex -27.314213559031487 -9.21421355754137 0
      vertex -27.314213559031487 -9.21421355754137 0.8
      vertex -27.18557521700859 -9.332088880240917 0
    endloop
  endfacet
  facet normal 0.7933533244802666 0.6087614496139754 0
    outer loop
      vertex -27.538304090499878 -8.947152867913246 0
      vertex -27.538304090499878 -8.947152867913246 0.8
      vertex -27.432088881731033 -9.085575215518475 0
    endloop
  endfacet
  facet normal 0.7372773375807702 0.6755902067746474 0
    outer loop
      vertex -27.314213559031487 -9.21421355754137 0
      vertex -27.432088881731033 -9.085575215518475 0
      vertex -27.432088881731033 -9.085575215518475 0.8
    endloop
  endfacet
  facet normal 0.923879535649637 0.3826834247884422 0
    outer loop
      vertex -27.712615571916103 -8.645236521959305 0
      vertex -27.77938523888588 -8.484040282666683 0
      vertex -27.77938523888588 -8.484040282666683 0.8
    endloop
  endfacet
  facet normal 0.8433914550192563 0.5372995938957162 0
    outer loop
      vertex -27.538304090499878 -8.947152867913246 0
      vertex -27.632050804793835 -8.799999997019768 0
      vertex -27.632050804793835 -8.799999997019768 0.8
    endloop
  endfacet
  facet normal 0.887010829946017 0.4617486194440415 0
    outer loop
      vertex -27.712615571916103 -8.645236521959305 0
      vertex -27.712615571916103 -8.645236521959305 0.8
      vertex -27.632050804793835 -8.799999997019768 0
    endloop
  endfacet
  facet normal 0.9537169453986121 0.3007058164710832 0
    outer loop
      vertex -27.77938523888588 -8.484040282666683 0
      vertex -27.83185165375471 -8.317638084292412 0
      vertex -27.83185165375471 -8.317638084292412 0.8
    endloop
  endfacet
  facet normal 0.9762960113487004 0.2164395948633669 0
    outer loop
      vertex -27.83185165375471 -8.317638084292412 0
      vertex -27.869615502655506 -8.147296354174614 0
      vertex -27.869615502655506 -8.147296354174614 0.8
    endloop
  endfacet
  facet normal 0.9914448600888599 0.13052620198021944 0
    outer loop
      vertex -27.869615502655506 -8.147296354174614 0
      vertex -27.8923893943429 -7.974311485886574 0
      vertex -27.8923893943429 -7.974311485886574 0.8
    endloop
  endfacet
  facet normal 0.9990482215310879 0.04361938852815862 0
    outer loop
      vertex -27.8923893943429 -7.974311485886574 0
      vertex -27.899999998509884 -7.799999997019768 0
      vertex -27.899999998509884 -7.799999997019768 0.8
    endloop
  endfacet
  facet normal 0.4617486194440415 0.887010829946017 0
    outer loop
      vertex -26.74523652344942 -9.612615570425987 0
      vertex -26.899999998509884 -9.532050803303719 0
      vertex -26.899999998509884 -9.532050803303719 0.8
    endloop
  endfacet
  facet normal 0.5372995938957162 0.8433914550192563 0
    outer loop
      vertex -27.047152869403362 -9.438304089009762 0
      vertex -27.047152869403362 -9.438304089009762 0.8
      vertex -26.899999998509884 -9.532050803303719 0
    endloop
  endfacet
  facet normal 0.6087614496139754 0.7933533244802666 0
    outer loop
      vertex -27.047152869403362 -9.438304089009762 0
      vertex -27.18557521700859 -9.332088880240917 0
      vertex -27.18557521700859 -9.332088880240917 0.8
    endloop
  endfacet
  facet normal 0.3007058164710832 0.9537169453986121 0
    outer loop
      vertex -26.5840402841568 -9.679385237395763 0
      vertex -26.5840402841568 -9.679385237395763 0.8
      vertex -26.417638085782528 -9.731851652264595 0
    endloop
  endfacet
  facet normal 0.3826834247884422 0.923879535649637 0
    outer loop
      vertex -26.74523652344942 -9.612615570425987 0
      vertex -26.74523652344942 -9.612615570425987 0.8
      vertex -26.5840402841568 -9.679385237395763 0
    endloop
  endfacet
  facet normal 0.2164395948633669 0.9762960113487004 0
    outer loop
      vertex -26.24729635566473 -9.76961550116539 0
      vertex -26.417638085782528 -9.731851652264595 0
      vertex -26.417638085782528 -9.731851652264595 0.8
    endloop
  endfacet
  facet normal 0 0 -1
    outer loop
      vertex -31.100000001490116 -9.399999998509884 0
      vertex -29.5952365234814 -1.8126155740732999 0
      vertex -27.899999998509884 -7.799999997019768 0
    endloop
  endfacet
  facet normal 0 0 -1
    outer loop
      vertex -31.100000001490116 -9.399999998509884 0
      vertex -29.75 -1.7320508075688772 0
      vertex -29.5952365234814 -1.8126155740732999 0
    endloop
  endfacet
  facet normal 0 0 -1
    outer loop
      vertex -31.100000001490116 -9.399999998509884 0
      vertex -30.164213562373096 -1.4142135623730951 0
      vertex -30.03557521937308 -1.5320888862379562 0
    endloop
  endfacet
  facet normal 0 0 -1
    outer loop
      vertex -31.100000001490116 -9.399999998509884 0
      vertex -30.03557521937308 -1.5320888862379562 0
      vertex -29.897152872702094 -1.6383040885779836 0
    endloop
  endfacet
  facet normal 0 0 -1
    outer loop
      vertex -31.100000001490116 -9.399999998509884 0
      vertex -29.897152872702094 -1.6383040885779836 0
      vertex -29.75 -1.7320508075688772 0
    endloop
  endfacet
  facet normal 0 0 -1
    outer loop
      vertex -31.100000001490116 -9.399999998509884 0
      vertex -30.48205080756888 -1 0
      vertex -30.388304088577982 -1.147152872702092 0
    endloop
  endfacet
  facet normal 0 0 -1
    outer loop
      vertex -31.100000001490116 -9.399999998509884 0
      vertex -30.5626155740733 -0.8452365234813989 0
      vertex -30.48205080756888 -1 0
    endloop
  endfacet
  facet normal 0 0 -1
    outer loop
      vertex -31.100000001490116 -9.399999998509884 0
      vertex -30.282088886237958 -1.2855752193730785 0
      vertex -30.164213562373096 -1.4142135623730951 0
    endloop
  endfacet
  facet normal 0 0 -1
    outer loop
      vertex -31.100000001490116 -9.399999998509884 0
      vertex -30.388304088577982 -1.147152872702092 0
      vertex -30.282088886237958 -1.2855752193730785 0
    endloop
  endfacet
  facet normal 0 0 -1
    outer loop
      vertex -31.100000001490116 -9.399999998509884 0
      vertex -30.629385241571818 -0.6840402866513374 0
      vertex -30.5626155740733 -0.8452365234813989 0
    endloop
  endfacet
  facet normal 0 0 -1
    outer loop
      vertex -31.100000001490116 -9.399999998509884 0
      vertex -30.681851652578136 -0.5176380902050415 0
      vertex -30.629385241571818 -0.6840402866513374 0
    endloop
  endfacet
  facet normal 0 0 -1
    outer loop
      vertex -31.100000001490116 -9.399999998509884 0
      vertex -30.719615506024414 -0.34729635533386066 0
      vertex -30.681851652578136 -0.5176380902050415 0
    endloop
  endfacet
  facet normal 0 0 -1
    outer loop
      vertex -31.100000001490116 -9.399999998509884 0
      vertex -30.74238939618349 -0.17431148549531633 0
      vertex -30.719615506024414 -0.34729635533386066 0
    endloop
  endfacet
  facet normal 0 0 -1
    outer loop
      vertex -27.899999998509884 -7.799999997019768 0
      vertex -29.43404028665134 -1.8793852415718169 0
      vertex -29.26763809020504 -1.9318516525781366 0
    endloop
  endfacet
  facet normal 0 0 -1
    outer loop
      vertex -27.899999998509884 -7.799999997019768 0
      vertex -29.26763809020504 -1.9318516525781366 0
      vertex -29.09729635533386 -1.969615506024416 0
    endloop
  endfacet
  facet normal 0 0 -1
    outer loop
      vertex -27.899999998509884 -7.799999997019768 0
      vertex -29.5952365234814 -1.8126155740732999 0
      vertex -29.43404028665134 -1.8793852415718169 0
    endloop
  endfacet
  facet normal 0 0 -1
    outer loop
      vertex -27.899999998509884 -7.799999997019768 0
      vertex -29.09729635533386 -1.969615506024416 0
      vertex -28.924311485495316 -1.992389396183491 0
    endloop
  endfacet
  facet normal 0 0 -1
    outer loop
      vertex -27.899999998509884 -7.799999997019768 0
      vertex -28.924311485495316 -1.992389396183491 0
      vertex -28.75 -2 0
    endloop
  endfacet
  facet normal 0 0 -1
    outer loop
      vertex -27.899999998509884 -7.799999997019768 0
      vertex -28.75 -2 0
      vertex -28.575688514504684 -1.992389396183491 0
    endloop
  endfacet
  facet normal 0 0 -1
    outer loop
      vertex -27.899999998509884 -7.799999997019768 0
      vertex -28.575688514504684 -1.992389396183491 0
      vertex -28.40270364466614 -1.969615506024416 0
    endloop
  endfacet
  facet normal 0 0 -1
    outer loop
      vertex -27.899999998509884 -7.799999997019768 0
      vertex -28.40270364466614 -1.969615506024416 0
      vertex -28.23236190979496 -1.9318516525781366 0
    endloop
  endfacet
  facet normal 0 0 -1
    outer loop
      vertex -27.899999998509884 -7.799999997019768 0
      vertex -28.23236190979496 -1.9318516525781366 0
      vertex -28.06595971334866 -1.8793852415718169 0
    endloop
  endfacet
  facet normal 0 0 -1
    outer loop
      vertex -27.899999998509884 -7.799999997019768 0
      vertex -28.06595971334866 -1.8793852415718169 0
      vertex -27.9047634765186 -1.8126155740732999 0
    endloop
  endfacet
  facet normal 0 0 -1
    outer loop
      vertex -27.899999998509884 -7.799999997019768 0
      vertex -27.9047634765186 -1.8126155740732999 0
      vertex -27.899999998509884 -1.8101358643759347 0
    endloop
  endfacet
  facet normal 0 0 -1
    outer loop
      vertex -31.100000001490116 -9.399999998509884 0
      vertex -30.75 0 0
      vertex -30.74238939618349 -0.17431148549531633 0
    endloop
  endfacet
  facet normal 1 0 0
    outer loop
      vertex -27.899999998509884 -7.799999997019768 0
      vertex -27.899999998509884 -1.8101358643759347 0
      vertex -27.899999998509884 -1.8101358643759347 0.8
    endloop
  endfacet
  facet normal 0 0 -1
    outer loop
      vertex -27.5 -13 0
      vertex -25.899999998509884 -9.799999997019768 0
      vertex 25.899999998509884 -9.799999997019768 0
    endloop
  endfacet
  facet normal 0 -1 0
    outer loop
      vertex -27.5 -13 0
      vertex 27.5 -13 0
      vertex -27.5 -13 0.8
    endloop
  endfacet
  facet normal 0 1 0
    outer loop
      vertex -25.899999998509884 -9.799999997019768 0
      vertex -25.899999998509884 -9.799999997019768 0.8
      vertex 25.899999998509884 -9.799999997019768 0
    endloop
  endfacet
  facet normal -0.6087614362788698 -0.7933533347126536 0
    outer loop
      vertex -29.564875170588493 -12.348947361111641 0
      vertex -29.564875170588493 -12.348947361111641 0.8
      vertex -29.814035393297672 -12.157759994268417 0.8
    endloop
  endfacet
  facet normal -0.5372996055450713 -0.8433914475977988 0
    outer loop
      vertex -29.299999997019768 -12.51769145578146 0
      vertex -29.299999997019768 -12.51769145578146 0.8
      vertex -29.564875170588493 -12.348947361111641 0.8
    endloop
  endfacet
  facet normal -0.7933533347126536 -0.6087614362788698 0
    outer loop
      vertex -30.257759995758533 -11.714035391807556 0
      vertex -30.257759995758533 -11.714035391807556 0.8
      vertex -30.448947362601757 -11.464875169098377 0.8
    endloop
  endfacet
  facet normal -0.8433914475977988 -0.5372996055450713 0
    outer loop
      vertex -30.448947362601757 -11.464875169098377 0
      vertex -30.448947362601757 -11.464875169098377 0.8
      vertex -30.617691457271576 -11.199999995529652 0.8
    endloop
  endfacet
  facet normal -0.6755902121486581 -0.7372773326563969 0
    outer loop
      vertex -29.814035393297672 -12.157759994268417 0
      vertex -29.814035393297672 -12.157759994268417 0.8
      vertex -30.045584410429 -11.945584408938885 0.8
    endloop
  endfacet
  facet normal -0.7372773326563969 -0.6755902121486581 0
    outer loop
      vertex -30.045584410429 -11.945584408938885 0
      vertex -30.045584410429 -11.945584408938885 0.8
      vertex -30.257759995758533 -11.714035391807556 0.8
    endloop
  endfacet
  facet normal -0.46174859689207676 -0.8870108416858266 0
    outer loop
      vertex -29.021425738930702 -12.662708029150963 0
      vertex -29.021425738930702 -12.662708029150963 0.8
      vertex -29.299999997019768 -12.51769145578146 0.8
    endloop
  endfacet
  facet normal -0.3826834486805013 -0.9238795257532219 0
    outer loop
      vertex -28.731272518634796 -12.782893434166908 0
      vertex -28.731272518634796 -12.782893434166908 0.8
      vertex -29.021425738930702 -12.662708029150963 0.8
    endloop
  endfacet
  facet normal -0.30070578626147504 -0.953716954923665 0
    outer loop
      vertex -28.431748561561108 -12.877332970499992 0
      vertex -28.431748561561108 -12.877332970499992 0.8
      vertex -28.731272518634796 -12.782893434166908 0.8
    endloop
  endfacet
  facet normal -0.2164396260297591 -0.9762960044392777 0
    outer loop
      vertex -28.12513343989849 -12.945307910442352 0
      vertex -28.12513343989849 -12.945307910442352 0.8
      vertex -28.431748561561108 -12.877332970499992 0.8
    endloop
  endfacet
  facet normal -0.130526178046928 -0.9914448632397374 0
    outer loop
      vertex -27.813760675489902 -12.98630090802908 0
      vertex -27.813760675489902 -12.98630090802908 0.8
      vertex -28.12513343989849 -12.945307910442352 0.8
    endloop
  endfacet
  facet normal -0.0436194033554438 -0.9990482208837145 0
    outer loop
      vertex -27.5 -13 0
      vertex -27.5 -13 0.8
      vertex -27.813760675489902 -12.98630090802908 0.8
    endloop
  endfacet
  facet normal -0.8870108416858266 -0.46174859689207676 0
    outer loop
      vertex -30.617691457271576 -11.199999995529652 0
      vertex -30.617691457271576 -11.199999995529652 0.8
      vertex -30.76270803064108 -10.921425737440586 0.8
    endloop
  endfacet
  facet normal -0.9238795257532219 -0.3826834486805013 0
    outer loop
      vertex -30.76270803064108 -10.921425737440586 0
      vertex -30.76270803064108 -10.921425737440586 0.8
      vertex -30.882893435657024 -10.63127251714468 0.8
    endloop
  endfacet
  facet normal -0.953716954923665 -0.30070578626147504 0
    outer loop
      vertex -30.882893435657024 -10.63127251714468 0
      vertex -30.882893435657024 -10.63127251714468 0.8
      vertex -30.97733297199011 -10.331748560070992 0.8
    endloop
  endfacet
  facet normal -0.9762960044392777 -0.2164396260297591 0
    outer loop
      vertex -30.97733297199011 -10.331748560070992 0
      vertex -30.97733297199011 -10.331748560070992 0.8
      vertex -31.04530791193247 -10.025133438408375 0.8
    endloop
  endfacet
  facet normal -0.9914448632397374 -0.130526178046928 0
    outer loop
      vertex -31.04530791193247 -10.025133438408375 0
      vertex -31.04530791193247 -10.025133438408375 0.8
      vertex -31.086300909519196 -9.713760673999786 0.8
    endloop
  endfacet
  facet normal 0.2164395948633669 0.9762960113487004 0
    outer loop
      vertex -26.24729635566473 -9.76961550116539 0
      vertex -26.417638085782528 -9.731851652264595 0.8
      vertex -26.24729635566473 -9.76961550116539 0.8
    endloop
  endfacet
  facet normal 0.13052620198021944 0.9914448600888599 0
    outer loop
      vertex -26.07431148737669 -9.792389392852783 0
      vertex -26.24729635566473 -9.76961550116539 0.8
      vertex -26.07431148737669 -9.792389392852783 0.8
    endloop
  endfacet
  facet normal 0.04361938852815862 0.9990482215310879 0
    outer loop
      vertex -25.899999998509884 -9.799999997019768 0
      vertex -26.07431148737669 -9.792389392852783 0.8
      vertex -25.899999998509884 -9.799999997019768 0.8
    endloop
  endfacet
  facet normal -0.9990482208837145 -0.0436194033554438 0
    outer loop
      vertex -31.086300909519196 -9.713760673999786 0
      vertex -31.086300909519196 -9.713760673999786 0.8
      vertex -31.100000001490116 -9.399999998509884 0.8
    endloop
  endfacet
  facet normal 0.6755902067746474 0.7372773375807702 0
    outer loop
      vertex -27.18557521700859 -9.332088880240917 0
      vertex -27.314213559031487 -9.21421355754137 0.8
      vertex -27.18557521700859 -9.332088880240917 0.8
    endloop
  endfacet
  facet normal 0.7372773375807702 0.6755902067746474 0
    outer loop
      vertex -27.314213559031487 -9.21421355754137 0
      vertex -27.432088881731033 -9.085575215518475 0.8
      vertex -27.314213559031487 -9.21421355754137 0.8
    endloop
  endfacet
  facet normal 0.7933533244802666 0.6087614496139754 0
    outer loop
      vertex -27.432088881731033 -9.085575215518475 0
      vertex -27.538304090499878 -8.947152867913246 0.8
      vertex -27.432088881731033 -9.085575215518475 0.8
    endloop
  endfacet
  facet normal 0.923879535649637 0.3826834247884422 0
    outer loop
      vertex -27.712615571916103 -8.645236521959305 0
      vertex -27.77938523888588 -8.484040282666683 0.8
      vertex -27.712615571916103 -8.645236521959305 0.8
    endloop
  endfacet
  facet normal 0.8433914550192563 0.5372995938957162 0
    outer loop
      vertex -27.538304090499878 -8.947152867913246 0
      vertex -27.632050804793835 -8.799999997019768 0.8
      vertex -27.538304090499878 -8.947152867913246 0.8
    endloop
  endfacet
  facet normal 0.887010829946017 0.4617486194440415 0
    outer loop
      vertex -27.632050804793835 -8.799999997019768 0
      vertex -27.712615571916103 -8.645236521959305 0.8
      vertex -27.632050804793835 -8.799999997019768 0.8
    endloop
  endfacet
  facet normal 0.9537169453986121 0.3007058164710832 0
    outer loop
      vertex -27.77938523888588 -8.484040282666683 0
      vertex -27.83185165375471 -8.317638084292412 0.8
      vertex -27.77938523888588 -8.484040282666683 0.8
    endloop
  endfacet
  facet normal 0.9762960113487004 0.2164395948633669 0
    outer loop
      vertex -27.83185165375471 -8.317638084292412 0
      vertex -27.869615502655506 -8.147296354174614 0.8
      vertex -27.83185165375471 -8.317638084292412 0.8
    endloop
  endfacet
  facet normal 0.9914448600888599 0.13052620198021944 0
    outer loop
      vertex -27.869615502655506 -8.147296354174614 0
      vertex -27.8923893943429 -7.974311485886574 0.8
      vertex -27.869615502655506 -8.147296354174614 0.8
    endloop
  endfacet
  facet normal 0.9990482215310879 0.04361938852815862 0
    outer loop
      vertex -27.8923893943429 -7.974311485886574 0
      vertex -27.899999998509884 -7.799999997019768 0.8
      vertex -27.8923893943429 -7.974311485886574 0.8
    endloop
  endfacet
  facet normal 0.4617486194440415 0.887010829946017 0
    outer loop
      vertex -26.74523652344942 -9.612615570425987 0
      vertex -26.899999998509884 -9.532050803303719 0.8
      vertex -26.74523652344942 -9.612615570425987 0.8
    endloop
  endfacet
  facet normal 0.6087614496139754 0.7933533244802666 0
    outer loop
      vertex -27.047152869403362 -9.438304089009762 0
      vertex -27.18557521700859 -9.332088880240917 0.8
      vertex -27.047152869403362 -9.438304089009762 0.8
    endloop
  endfacet
  facet normal 0.5372995938957162 0.8433914550192563 0
    outer loop
      vertex -26.899999998509884 -9.532050803303719 0
      vertex -27.047152869403362 -9.438304089009762 0.8
      vertex -26.899999998509884 -9.532050803303719 0.8
    endloop
  endfacet
  facet normal 0.3826834247884422 0.923879535649637 0
    outer loop
      vertex -26.5840402841568 -9.679385237395763 0
      vertex -26.74523652344942 -9.612615570425987 0.8
      vertex -26.5840402841568 -9.679385237395763 0.8
    endloop
  endfacet
  facet normal 0.3007058164710832 0.9537169453986121 0
    outer loop
      vertex -26.417638085782528 -9.731851652264595 0
      vertex -26.5840402841568 -9.679385237395763 0.8
      vertex -26.417638085782528 -9.731851652264595 0.8
    endloop
  endfacet
  facet normal 0 0 1
    outer loop
      vertex -29.299999997019768 -12.51769145578146 0.8
      vertex -27.18557521700859 -9.332088880240917 0.8
      vertex -29.564875170588493 -12.348947361111641 0.8
    endloop
  endfacet
  facet normal 0 0 1
    outer loop
      vertex -29.021425738930702 -12.662708029150963 0.8
      vertex -28.731272518634796 -12.782893434166908 0.8
      vertex -27.047152869403362 -9.438304089009762 0.8
    endloop
  endfacet
  facet normal 0 0 1
    outer loop
      vertex -29.299999997019768 -12.51769145578146 0.8
      vertex -29.021425738930702 -12.662708029150963 0.8
      vertex -27.047152869403362 -9.438304089009762 0.8
    endloop
  endfacet
  facet normal 0 0 1
    outer loop
      vertex -28.431748561561108 -12.877332970499992 0.8
      vertex -28.12513343989849 -12.945307910442352 0.8
      vertex -26.899999998509884 -9.532050803303719 0.8
    endloop
  endfacet
  facet normal 0 0 1
    outer loop
      vertex -28.12513343989849 -12.945307910442352 0.8
      vertex -27.813760675489902 -12.98630090802908 0.8
      vertex -26.899999998509884 -9.532050803303719 0.8
    endloop
  endfacet
  facet normal 0 0 1
    outer loop
      vertex -27.813760675489902 -12.98630090802908 0.8
      vertex -27.5 -13 0.8
      vertex -26.74523652344942 -9.612615570425987 0.8
    endloop
  endfacet
  facet normal 0 0 1
    outer loop
      vertex -28.731272518634796 -12.782893434166908 0.8
      vertex -28.431748561561108 -12.877332970499992 0.8
      vertex -26.899999998509884 -9.532050803303719 0.8
    endloop
  endfacet
  facet normal 0 0 1
    outer loop
      vertex -30.257759995758533 -11.714035391807556 0.8
      vertex -30.045584410429 -11.945584408938885 0.8
      vertex -27.314213559031487 -9.21421355754137 0.8
    endloop
  endfacet
  facet normal 0 0 1
    outer loop
      vertex -30.448947362601757 -11.464875169098377 0.8
      vertex -27.432088881731033 -9.085575215518475 0.8
      vertex -30.617691457271576 -11.199999995529652 0.8
    endloop
  endfacet
  facet normal 0 0 1
    outer loop
      vertex -30.257759995758533 -11.714035391807556 0.8
      vertex -27.432088881731033 -9.085575215518475 0.8
      vertex -30.448947362601757 -11.464875169098377 0.8
    endloop
  endfacet
  facet normal 0 0 1
    outer loop
      vertex -30.76270803064108 -10.921425737440586 0.8
      vertex -27.538304090499878 -8.947152867913246 0.8
      vertex -30.882893435657024 -10.63127251714468 0.8
    endloop
  endfacet
  facet normal 0 0 1
    outer loop
      vertex -30.617691457271576 -11.199999995529652 0.8
      vertex -27.432088881731033 -9.085575215518475 0.8
      vertex -30.76270803064108 -10.921425737440586 0.8
    endloop
  endfacet
  facet normal 0 0 1
    outer loop
      vertex -30.882893435657024 -10.63127251714468 0.8
      vertex -27.538304090499878 -8.947152867913246 0.8
      vertex -30.97733297199011 -10.331748560070992 0.8
    endloop
  endfacet
  facet normal 0 0 1
    outer loop
      vertex -30.97733297199011 -10.331748560070992 0.8
      vertex -27.538304090499878 -8.947152867913246 0.8
      vertex -31.04530791193247 -10.025133438408375 0.8
    endloop
  endfacet
  facet normal 0 0 1
    outer loop
      vertex -29.564875170588493 -12.348947361111641 0.8
      vertex -27.18557521700859 -9.332088880240917 0.8
      vertex -29.814035393297672 -12.157759994268417 0.8
    endloop
  endfacet
  facet normal 0 0 1
    outer loop
      vertex -29.814035393297672 -12.157759994268417 0.8
      vertex -27.314213559031487 -9.21421355754137 0.8
      vertex -30.045584410429 -11.945584408938885 0.8
    endloop
  endfacet
  facet normal 0 0 1
    outer loop
      vertex -28.731272518634796 -12.782893434166908 0.8
      vertex -26.899999998509884 -9.532050803303719 0.8
      vertex -27.047152869403362 -9.438304089009762 0.8
    endloop
  endfacet
  facet normal 0 0 1
    outer loop
      vertex -30.257759995758533 -11.714035391807556 0.8
      vertex -27.314213559031487 -9.21421355754137 0.8
      vertex -27.432088881731033 -9.085575215518475 0.8
    endloop
  endfacet
  facet normal 0 0 1
    outer loop
      vertex -29.299999997019768 -12.51769145578146 0.8
      vertex -27.047152869403362 -9.438304089009762 0.8
      vertex -27.18557521700859 -9.332088880240917 0.8
    endloop
  endfacet
  facet normal 0 0 1
    outer loop
      vertex -29.814035393297672 -12.157759994268417 0.8
      vertex -27.18557521700859 -9.332088880240917 0.8
      vertex -27.314213559031487 -9.21421355754137 0.8
    endloop
  endfacet
  facet normal 0 0 1
    outer loop
      vertex -27.5 -13 0.8
      vertex -26.417638085782528 -9.731851652264595 0.8
      vertex -26.5840402841568 -9.679385237395763 0.8
    endloop
  endfacet
  facet normal 0 0 1
    outer loop
      vertex -27.813760675489902 -12.98630090802908 0.8
      vertex -26.74523652344942 -9.612615570425987 0.8
      vertex -26.899999998509884 -9.532050803303719 0.8
    endloop
  endfacet
  facet normal 0 0 1
    outer loop
      vertex -27.5 -13 0.8
      vertex -26.5840402841568 -9.679385237395763 0.8
      vertex -26.74523652344942 -9.612615570425987 0.8
    endloop
  endfacet
  facet normal 0 0 1
    outer loop
      vertex -27.5 -13 0.8
      vertex -26.24729635566473 -9.76961550116539 0.8
      vertex -26.417638085782528 -9.731851652264595 0.8
    endloop
  endfacet
  facet normal 0 0 1
    outer loop
      vertex -27.5 -13 0.8
      vertex -26.07431148737669 -9.792389392852783 0.8
      vertex -26.24729635566473 -9.76961550116539 0.8
    endloop
  endfacet
  facet normal 0 0 1
    outer loop
      vertex -27.5 -13 0.8
      vertex -25.899999998509884 -9.799999997019768 0.8
      vertex -26.07431148737669 -9.792389392852783 0.8
    endloop
  endfacet
  facet normal 0 0 1
    outer loop
      vertex -31.04530791193247 -10.025133438408375 0.8
      vertex -27.632050804793835 -8.799999997019768 0.8
      vertex -31.086300909519196 -9.713760673999786 0.8
    endloop
  endfacet
  facet normal 0 0 1
    outer loop
      vertex -31.086300909519196 -9.713760673999786 0.8
      vertex -27.712615571916103 -8.645236521959305 0.8
      vertex -31.100000001490116 -9.399999998509884 0.8
    endloop
  endfacet
  facet normal 0 0 1
    outer loop
      vertex -30.76270803064108 -10.921425737440586 0.8
      vertex -27.432088881731033 -9.085575215518475 0.8
      vertex -27.538304090499878 -8.947152867913246 0.8
    endloop
  endfacet
  facet normal 0 0 1
    outer loop
      vertex -31.04530791193247 -10.025133438408375 0.8
      vertex -27.538304090499878 -8.947152867913246 0.8
      vertex -27.632050804793835 -8.799999997019768 0.8
    endloop
  endfacet
  facet normal 0 0 1
    outer loop
      vertex -31.086300909519196 -9.713760673999786 0.8
      vertex -27.632050804793835 -8.799999997019768 0.8
      vertex -27.712615571916103 -8.645236521959305 0.8
    endloop
  endfacet
  facet normal 0 0 1
    outer loop
      vertex -31.100000001490116 -9.399999998509884 0.8
      vertex -27.712615571916103 -8.645236521959305 0.8
      vertex -27.77938523888588 -8.484040282666683 0.8
    endloop
  endfacet
  facet normal 0 0 1
    outer loop
      vertex -31.100000001490116 -9.399999998509884 0.8
      vertex -27.83185165375471 -8.317638084292412 0.8
      vertex -27.869615502655506 -8.147296354174614 0.8
    endloop
  endfacet
  facet normal 0 0 1
    outer loop
      vertex -31.100000001490116 -9.399999998509884 0.8
      vertex -27.77938523888588 -8.484040282666683 0.8
      vertex -27.83185165375471 -8.317638084292412 0.8
    endloop
  endfacet
  facet normal 0 0 1
    outer loop
      vertex -31.100000001490116 -9.399999998509884 0.8
      vertex -27.869615502655506 -8.147296354174614 0.8
      vertex -27.8923893943429 -7.974311485886574 0.8
    endloop
  endfacet
  facet normal 0 0 1
    outer loop
      vertex -31.100000001490116 -9.399999998509884 0.8
      vertex -27.8923893943429 -7.974311485886574 0.8
      vertex -27.899999998509884 -7.799999997019768 0.8
    endloop
  endfacet
  facet normal 1 0 0
    outer loop
      vertex -27.899999998509884 -7.799999997019768 0
      vertex -27.899999998509884 -1.8101358643759347 0.8
      vertex -27.899999998509884 -7.799999997019768 0.8
    endloop
  endfacet
  facet normal -1 0 0
    outer loop
      vertex -31.100000001490116 -9.399999998509884 0
      vertex -31.100000001490116 -9.399999998509884 0.8
      vertex -31.100000001490116 9.399999998509884 0.8
    endloop
  endfacet
  facet normal 0 0 1
    outer loop
      vertex -31.100000001490116 -9.399999998509884 0.8
      vertex -27.899999998509884 -7.799999997019768 0.8
      vertex -29.75 -1.7320508075688772 0.8
    endloop
  endfacet
  facet normal 0 0 1
    outer loop
      vertex -31.100000001490116 -9.399999998509884 0.8
      vertex -30.03557521937308 -1.5320888862379562 0.8
      vertex -30.164213562373096 -1.4142135623730951 0.8
    endloop
  endfacet
  facet normal 0 0 1
    outer loop
      vertex -31.100000001490116 -9.399999998509884 0.8
      vertex -29.897152872702094 -1.6383040885779836 0.8
      vertex -30.03557521937308 -1.5320888862379562 0.8
    endloop
  endfacet
  facet normal 0 0 1
    outer loop
      vertex -31.100000001490116 -9.399999998509884 0.8
      vertex -29.75 -1.7320508075688772 0.8
      vertex -29.897152872702094 -1.6383040885779836 0.8
    endloop
  endfacet
  facet normal 0 0 1
    outer loop
      vertex -31.100000001490116 -9.399999998509884 0.8
      vertex -30.388304088577982 -1.147152872702092 0.8
      vertex -30.48205080756888 -1 0.8
    endloop
  endfacet
  facet normal 0 0 1
    outer loop
      vertex -31.100000001490116 -9.399999998509884 0.8
      vertex -30.48205080756888 -1 0.8
      vertex -30.5626155740733 -0.8452365234813989 0.8
    endloop
  endfacet
  facet normal 0 0 1
    outer loop
      vertex -31.100000001490116 -9.399999998509884 0.8
      vertex -30.164213562373096 -1.4142135623730951 0.8
      vertex -30.282088886237958 -1.2855752193730785 0.8
    endloop
  endfacet
  facet normal 0 0 1
    outer loop
      vertex -31.100000001490116 -9.399999998509884 0.8
      vertex -30.282088886237958 -1.2855752193730785 0.8
      vertex -30.388304088577982 -1.147152872702092 0.8
    endloop
  endfacet
  facet normal 0 0 1
    outer loop
      vertex -31.100000001490116 -9.399999998509884 0.8
      vertex -30.5626155740733 -0.8452365234813989 0.8
      vertex -30.629385241571818 -0.6840402866513374 0.8
    endloop
  endfacet
  facet normal 0 0 1
    outer loop
      vertex -31.100000001490116 -9.399999998509884 0.8
      vertex -30.629385241571818 -0.6840402866513374 0.8
      vertex -30.681851652578136 -0.5176380902050415 0.8
    endloop
  endfacet
  facet normal 0 0 1
    outer loop
      vertex -31.100000001490116 -9.399999998509884 0.8
      vertex -30.681851652578136 -0.5176380902050415 0.8
      vertex -30.719615506024414 -0.34729635533386066 0.8
    endloop
  endfacet
  facet normal 0 0 1
    outer loop
      vertex -31.100000001490116 -9.399999998509884 0.8
      vertex -30.719615506024414 -0.34729635533386066 0.8
      vertex -30.74238939618349 -0.17431148549531633 0.8
    endloop
  endfacet
  facet normal 0 0 1
    outer loop
      vertex -27.899999998509884 -7.799999997019768 0.8
      vertex -29.26763809020504 -1.9318516525781366 0.8
      vertex -29.43404028665134 -1.8793852415718169 0.8
    endloop
  endfacet
  facet normal 0 0 1
    outer loop
      vertex -27.899999998509884 -7.799999997019768 0.8
      vertex -29.09729635533386 -1.969615506024416 0.8
      vertex -29.26763809020504 -1.9318516525781366 0.8
    endloop
  endfacet
  facet normal 0 0 1
    outer loop
      vertex -27.899999998509884 -7.799999997019768 0.8
      vertex -29.5952365234814 -1.8126155740732999 0.8
      vertex -29.75 -1.7320508075688772 0.8
    endloop
  endfacet
  facet normal 0 0 1
    outer loop
      vertex -27.899999998509884 -7.799999997019768 0.8
      vertex -29.43404028665134 -1.8793852415718169 0.8
      vertex -29.5952365234814 -1.8126155740732999 0.8
    endloop
  endfacet
  facet normal 0 0 1
    outer loop
      vertex -27.899999998509884 -7.799999997019768 0.8
      vertex -28.924311485495316 -1.992389396183491 0.8
      vertex -29.09729635533386 -1.969615506024416 0.8
    endloop
  endfacet
  facet normal 0 0 1
    outer loop
      vertex -27.899999998509884 -7.799999997019768 0.8
      vertex -28.75 -2 0.8
      vertex -28.924311485495316 -1.992389396183491 0.8
    endloop
  endfacet
  facet normal 0 0 1
    outer loop
      vertex -27.899999998509884 -7.799999997019768 0.8
      vertex -28.575688514504684 -1.992389396183491 0.8
      vertex -28.75 -2 0.8
    endloop
  endfacet
  facet normal 0 0 1
    outer loop
      vertex -27.899999998509884 -7.799999997019768 0.8
      vertex -28.40270364466614 -1.969615506024416 0.8
      vertex -28.575688514504684 -1.992389396183491 0.8
    endloop
  endfacet
  facet normal 0 0 1
    outer loop
      vertex -27.899999998509884 -7.799999997019768 0.8
      vertex -28.23236190979496 -1.9318516525781366 0.8
      vertex -28.40270364466614 -1.969615506024416 0.8
    endloop
  endfacet
  facet normal 0 0 1
    outer loop
      vertex -27.899999998509884 -7.799999997019768 0.8
      vertex -28.06595971334866 -1.8793852415718169 0.8
      vertex -28.23236190979496 -1.9318516525781366 0.8
    endloop
  endfacet
  facet normal 0 0 1
    outer loop
      vertex -27.899999998509884 -7.799999997019768 0.8
      vertex -27.9047634765186 -1.8126155740732999 0.8
      vertex -28.06595971334866 -1.8793852415718169 0.8
    endloop
  endfacet
  facet normal 0 0 1
    outer loop
      vertex -27.899999998509884 -7.799999997019768 0.8
      vertex -27.899999998509884 -1.8101358643759347 0.8
      vertex -27.9047634765186 -1.8126155740732999 0.8
    endloop
  endfacet
  facet normal 0 0 1
    outer loop
      vertex -31.100000001490116 -9.399999998509884 0.8
      vertex -30.74238939618349 -0.17431148549531633 0.8
      vertex -30.75 0 0.8
    endloop
  endfacet
  facet normal 0 0 1
    outer loop
      vertex -27.5 -13 0.8
      vertex 25.899999998509884 -9.799999997019768 0.8
      vertex -25.899999998509884 -9.799999997019768 0.8
    endloop
  endfacet
  facet normal 0 0 -1
    outer loop
      vertex -31.100000001490116 -9.399999998509884 0
      vertex -31.100000001490116 9.399999998509884 0
      vertex -30.75 0 0
    endloop
  endfacet
  facet normal 0 0 -1
    outer loop
      vertex -31.100000001490116 9.399999998509884 0
      vertex -30.74238939618349 0.17431148549531633 0
      vertex -30.75 0 0
    endloop
  endfacet
  facet normal 0 0 -1
    outer loop
      vertex -31.100000001490116 9.399999998509884 0
      vertex -30.719615506024414 0.34729635533386066 0
      vertex -30.74238939618349 0.17431148549531633 0
    endloop
  endfacet
  facet normal 0 0 -1
    outer loop
      vertex -31.100000001490116 9.399999998509884 0
      vertex -30.681851652578136 0.5176380902050415 0
      vertex -30.719615506024414 0.34729635533386066 0
    endloop
  endfacet
  facet normal 0 0 -1
    outer loop
      vertex -31.100000001490116 9.399999998509884 0
      vertex -30.629385241571818 0.6840402866513374 0
      vertex -30.681851652578136 0.5176380902050415 0
    endloop
  endfacet
  facet normal 0 0 -1
    outer loop
      vertex -31.100000001490116 9.399999998509884 0
      vertex -30.5626155740733 0.8452365234813989 0
      vertex -30.629385241571818 0.6840402866513374 0
    endloop
  endfacet
  facet normal 0 0 -1
    outer loop
      vertex -31.100000001490116 9.399999998509884 0
      vertex -30.48205080756888 1 0
      vertex -30.5626155740733 0.8452365234813989 0
    endloop
  endfacet
  facet normal 0 0 -1
    outer loop
      vertex -31.100000001490116 9.399999998509884 0
      vertex -30.388304088577982 1.147152872702092 0
      vertex -30.48205080756888 1 0
    endloop
  endfacet
  facet normal 0 0 -1
    outer loop
      vertex -31.100000001490116 9.399999998509884 0
      vertex -30.282088886237958 1.2855752193730785 0
      vertex -30.388304088577982 1.147152872702092 0
    endloop
  endfacet
  facet normal 0 0 -1
    outer loop
      vertex -31.100000001490116 9.399999998509884 0
      vertex -30.164213562373096 1.4142135623730951 0
      vertex -30.282088886237958 1.2855752193730785 0
    endloop
  endfacet
  facet normal 0 0 -1
    outer loop
      vertex -31.100000001490116 9.399999998509884 0
      vertex -30.03557521937308 1.5320888862379562 0
      vertex -30.164213562373096 1.4142135623730951 0
    endloop
  endfacet
  facet normal 0 0 -1
    outer loop
      vertex -31.100000001490116 9.399999998509884 0
      vertex -29.897152872702094 1.6383040885779836 0
      vertex -30.03557521937308 1.5320888862379562 0
    endloop
  endfacet
  facet normal 0 0 -1
    outer loop
      vertex -31.100000001490116 9.399999998509884 0
      vertex -29.75 1.7320508075688772 0
      vertex -29.897152872702094 1.6383040885779836 0
    endloop
  endfacet
  facet normal 0 0 -1
    outer loop
      vertex -31.100000001490116 9.399999998509884 0
      vertex -29.5952365234814 1.8126155740732999 0
      vertex -29.75 1.7320508075688772 0
    endloop
  endfacet
  facet normal 0 0 -1
    outer loop
      vertex -31.100000001490116 9.399999998509884 0
      vertex -29.43404028665134 1.8793852415718169 0
      vertex -29.5952365234814 1.8126155740732999 0
    endloop
  endfacet
  facet normal 0 0 -1
    outer loop
      vertex -31.100000001490116 9.399999998509884 0
      vertex -29.26763809020504 1.9318516525781366 0
      vertex -29.43404028665134 1.8793852415718169 0
    endloop
  endfacet
  facet normal 0 0 -1
    outer loop
      vertex -31.100000001490116 9.399999998509884 0
      vertex -29.09729635533386 1.969615506024416 0
      vertex -29.26763809020504 1.9318516525781366 0
    endloop
  endfacet
  facet normal 0 0 -1
    outer loop
      vertex -27.899999998509884 7.799999997019768 0
      vertex -28.924311485495316 1.992389396183491 0
      vertex -29.09729635533386 1.969615506024416 0
    endloop
  endfacet
  facet normal 0 0 -1
    outer loop
      vertex -27.899999998509884 7.799999997019768 0
      vertex -28.75 2 0
      vertex -28.924311485495316 1.992389396183491 0
    endloop
  endfacet
  facet normal 0 0 -1
    outer loop
      vertex -27.899999998509884 7.799999997019768 0
      vertex -28.575688514504684 1.992389396183491 0
      vertex -28.75 2 0
    endloop
  endfacet
  facet normal 0 0 -1
    outer loop
      vertex -27.899999998509884 7.799999997019768 0
      vertex -28.40270364466614 1.969615506024416 0
      vertex -28.575688514504684 1.992389396183491 0
    endloop
  endfacet
  facet normal 0 0 -1
    outer loop
      vertex -27.899999998509884 7.799999997019768 0
      vertex -27.9047634765186 1.8126155740732999 0
      vertex -28.06595971334866 1.8793852415718169 0
    endloop
  endfacet
  facet normal 0 0 -1
    outer loop
      vertex -27.899999998509884 7.799999997019768 0
      vertex -27.899999998509884 1.8101358643759347 0
      vertex -27.9047634765186 1.8126155740732999 0
    endloop
  endfacet
  facet normal 0 0 -1
    outer loop
      vertex -27.899999998509884 7.799999997019768 0
      vertex -28.23236190979496 1.9318516525781366 0
      vertex -28.40270364466614 1.969615506024416 0
    endloop
  endfacet
  facet normal 0 0 -1
    outer loop
      vertex -27.899999998509884 7.799999997019768 0
      vertex -28.06595971334866 1.8793852415718169 0
      vertex -28.23236190979496 1.9318516525781366 0
    endloop
  endfacet
  facet normal 0 0 -1
    outer loop
      vertex -27.8923893943429 7.974311485886574 0
      vertex -29.09729635533386 1.969615506024416 0
      vertex -31.100000001490116 9.399999998509884 0
    endloop
  endfacet
  facet normal 0 0 -1
    outer loop
      vertex -27.899999998509884 7.799999997019768 0
      vertex -29.09729635533386 1.969615506024416 0
      vertex -27.8923893943429 7.974311485886574 0
    endloop
  endfacet
  facet normal -1 0 0
    outer loop
      vertex -31.100000001490116 -9.399999998509884 0
      vertex -31.100000001490116 9.399999998509884 0.8
      vertex -31.100000001490116 9.399999998509884 0
    endloop
  endfacet
  facet normal 1 0 0
    outer loop
      vertex -27.899999998509884 7.799999997019768 0
      vertex -27.899999998509884 7.799999997019768 0.8
      vertex -27.899999998509884 1.8101358643759347 0
    endloop
  endfacet
  facet normal 0 0 -1
    outer loop
      vertex -31.100000001490116 9.399999998509884 0
      vertex -31.086300909519196 9.713760673999786 0
      vertex -27.712615571916103 8.645236521959305 0
    endloop
  endfacet
  facet normal 0 0 -1
    outer loop
      vertex -31.086300909519196 9.713760673999786 0
      vertex -31.04530791193247 10.025133438408375 0
      vertex -27.632050804793835 8.799999997019768 0
    endloop
  endfacet
  facet normal 0 0 -1
    outer loop
      vertex -27.8923893943429 7.974311485886574 0
      vertex -31.100000001490116 9.399999998509884 0
      vertex -27.869615502655506 8.147296354174614 0
    endloop
  endfacet
  facet normal 0 0 -1
    outer loop
      vertex -31.100000001490116 9.399999998509884 0
      vertex -27.83185165375471 8.317638084292412 0
      vertex -27.869615502655506 8.147296354174614 0
    endloop
  endfacet
  facet normal 0 0 -1
    outer loop
      vertex -31.100000001490116 9.399999998509884 0
      vertex -27.77938523888588 8.484040282666683 0
      vertex -27.83185165375471 8.317638084292412 0
    endloop
  endfacet
  facet normal 0 0 -1
    outer loop
      vertex -31.100000001490116 9.399999998509884 0
      vertex -27.712615571916103 8.645236521959305 0
      vertex -27.77938523888588 8.484040282666683 0
    endloop
  endfacet
  facet normal 0 0 -1
    outer loop
      vertex -31.086300909519196 9.713760673999786 0
      vertex -27.632050804793835 8.799999997019768 0
      vertex -27.712615571916103 8.645236521959305 0
    endloop
  endfacet
  facet normal 0 0 -1
    outer loop
      vertex -27.632050804793835 8.799999997019768 0
      vertex -31.04530791193247 10.025133438408375 0
      vertex -27.538304090499878 8.947152867913246 0
    endloop
  endfacet
  facet normal 0 0 -1
    outer loop
      vertex -27.538304090499878 8.947152867913246 0
      vertex -30.76270803064108 10.921425737440586 0
      vertex -27.432088881731033 9.085575215518475 0
    endloop
  endfacet
  facet normal 0 0 -1
    outer loop
      vertex -27.538304090499878 8.947152867913246 0
      vertex -31.04530791193247 10.025133438408375 0
      vertex -30.97733297199011 10.331748560070992 0
    endloop
  endfacet
  facet normal 0 0 -1
    outer loop
      vertex -27.538304090499878 8.947152867913246 0
      vertex -30.97733297199011 10.331748560070992 0
      vertex -30.882893435657024 10.63127251714468 0
    endloop
  endfacet
  facet normal 0 0 -1
    outer loop
      vertex -27.538304090499878 8.947152867913246 0
      vertex -30.882893435657024 10.63127251714468 0
      vertex -30.76270803064108 10.921425737440586 0
    endloop
  endfacet
  facet normal 0 0 -1
    outer loop
      vertex -27.432088881731033 9.085575215518475 0
      vertex -30.76270803064108 10.921425737440586 0
      vertex -30.617691457271576 11.199999995529652 0
    endloop
  endfacet
  facet normal 0 0 -1
    outer loop
      vertex -27.432088881731033 9.085575215518475 0
      vertex -30.617691457271576 11.199999995529652 0
      vertex -30.448947362601757 11.464875169098377 0
    endloop
  endfacet
  facet normal 0 0 -1
    outer loop
      vertex -27.432088881731033 9.085575215518475 0
      vertex -30.448947362601757 11.464875169098377 0
      vertex -30.257759995758533 11.714035391807556 0
    endloop
  endfacet
  facet normal 0 0 -1
    outer loop
      vertex -27.314213559031487 9.21421355754137 0
      vertex -30.257759995758533 11.714035391807556 0
      vertex -30.045584410429 11.945584408938885 0
    endloop
  endfacet
  facet normal 0 0 -1
    outer loop
      vertex -27.432088881731033 9.085575215518475 0
      vertex -30.257759995758533 11.714035391807556 0
      vertex -27.314213559031487 9.21421355754137 0
    endloop
  endfacet
  facet normal 0 0 -1
    outer loop
      vertex -27.314213559031487 9.21421355754137 0
      vertex -29.814035393297672 12.157759994268417 0
      vertex -27.18557521700859 9.332088880240917 0
    endloop
  endfacet
  facet normal 0 0 -1
    outer loop
      vertex -27.18557521700859 9.332088880240917 0
      vertex -29.299999997019768 12.51769145578146 0
      vertex -27.047152869403362 9.438304089009762 0
    endloop
  endfacet
  facet normal 0 0 -1
    outer loop
      vertex -27.314213559031487 9.21421355754137 0
      vertex -30.045584410429 11.945584408938885 0
      vertex -29.814035393297672 12.157759994268417 0
    endloop
  endfacet
  facet normal 0 0 -1
    outer loop
      vertex -27.18557521700859 9.332088880240917 0
      vertex -29.814035393297672 12.157759994268417 0
      vertex -29.564875170588493 12.348947361111641 0
    endloop
  endfacet
  facet normal 0 0 -1
    outer loop
      vertex -27.047152869403362 9.438304089009762 0
      vertex -28.731272518634796 12.782893434166908 0
      vertex -26.899999998509884 9.532050803303719 0
    endloop
  endfacet
  facet normal 0 0 -1
    outer loop
      vertex -27.18557521700859 9.332088880240917 0
      vertex -29.564875170588493 12.348947361111641 0
      vertex -29.299999997019768 12.51769145578146 0
    endloop
  endfacet
  facet normal 0 0 -1
    outer loop
      vertex -27.047152869403362 9.438304089009762 0
      vertex -29.299999997019768 12.51769145578146 0
      vertex -29.021425738930702 12.662708029150963 0
    endloop
  endfacet
  facet normal 0 0 -1
    outer loop
      vertex -27.047152869403362 9.438304089009762 0
      vertex -29.021425738930702 12.662708029150963 0
      vertex -28.731272518634796 12.782893434166908 0
    endloop
  endfacet
  facet normal 0 0 -1
    outer loop
      vertex -26.899999998509884 9.532050803303719 0
      vertex -28.731272518634796 12.782893434166908 0
      vertex -28.431748561561108 12.877332970499992 0
    endloop
  endfacet
  facet normal 0 0 -1
    outer loop
      vertex -26.899999998509884 9.532050803303719 0
      vertex -28.431748561561108 12.877332970499992 0
      vertex -28.12513343989849 12.945307910442352 0
    endloop
  endfacet
  facet normal 0 0 -1
    outer loop
      vertex -26.899999998509884 9.532050803303719 0
      vertex -28.12513343989849 12.945307910442352 0
      vertex -27.813760675489902 12.98630090802908 0
    endloop
  endfacet
  facet normal 0 0 -1
    outer loop
      vertex -26.74523652344942 9.612615570425987 0
      vertex -27.813760675489902 12.98630090802908 0
      vertex -27.5 13 0
    endloop
  endfacet
  facet normal 0 0 -1
    outer loop
      vertex -26.899999998509884 9.532050803303719 0
      vertex -27.813760675489902 12.98630090802908 0
      vertex -26.74523652344942 9.612615570425987 0
    endloop
  endfacet
  facet normal 0 0 -1
    outer loop
      vertex -26.74523652344942 9.612615570425987 0
      vertex -27.5 13 0
      vertex -26.5840402841568 9.679385237395763 0
    endloop
  endfacet
  facet normal 0 0 -1
    outer loop
      vertex -26.5840402841568 9.679385237395763 0
      vertex -27.5 13 0
      vertex -26.417638085782528 9.731851652264595 0
    endloop
  endfacet
  facet normal 0 0 -1
    outer loop
      vertex -26.417638085782528 9.731851652264595 0
      vertex -27.5 13 0
      vertex -26.24729635566473 9.76961550116539 0
    endloop
  endfacet
  facet normal 0 0 -1
    outer loop
      vertex -27.5 13 0
      vertex -26.07431148737669 9.792389392852783 0
      vertex -26.24729635566473 9.76961550116539 0
    endloop
  endfacet
  facet normal 0 0 -1
    outer loop
      vertex -27.5 13 0
      vertex -25.899999998509884 9.799999997019768 0
      vertex -26.07431148737669 9.792389392852783 0
    endloop
  endfacet
  facet normal 0.9990482215310879 -0.04361938852815862 0
    outer loop
      vertex -27.899999998509884 7.799999997019768 0
      vertex -27.8923893943429 7.974311485886574 0
      vertex -27.8923893943429 7.974311485886574 0.8
    endloop
  endfacet
  facet normal 0.9914448600888599 -0.13052620198021944 0
    outer loop
      vertex -27.8923893943429 7.974311485886574 0
      vertex -27.869615502655506 8.147296354174614 0
      vertex -27.869615502655506 8.147296354174614 0.8
    endloop
  endfacet
  facet normal -0.9990482208837145 0.0436194033554438 0
    outer loop
      vertex -31.100000001490116 9.399999998509884 0
      vertex -31.086300909519196 9.713760673999786 0.8
      vertex -31.086300909519196 9.713760673999786 0
    endloop
  endfacet
  facet normal 0.9762960113487004 -0.2164395948633669 0
    outer loop
      vertex -27.869615502655506 8.147296354174614 0
      vertex -27.83185165375471 8.317638084292412 0
      vertex -27.83185165375471 8.317638084292412 0.8
    endloop
  endfacet
  facet normal 0.9537169453986121 -0.3007058164710832 0
    outer loop
      vertex -27.83185165375471 8.317638084292412 0
      vertex -27.77938523888588 8.484040282666683 0
      vertex -27.77938523888588 8.484040282666683 0.8
    endloop
  endfacet
  facet normal 0.923879535649637 -0.3826834247884422 0
    outer loop
      vertex -27.77938523888588 8.484040282666683 0
      vertex -27.712615571916103 8.645236521959305 0
      vertex -27.712615571916103 8.645236521959305 0.8
    endloop
  endfacet
  facet normal 0.887010829946017 -0.4617486194440415 0
    outer loop
      vertex -27.712615571916103 8.645236521959305 0
      vertex -27.632050804793835 8.799999997019768 0
      vertex -27.632050804793835 8.799999997019768 0.8
    endloop
  endfacet
  facet normal 0.8433914550192563 -0.5372995938957162 0
    outer loop
      vertex -27.632050804793835 8.799999997019768 0
      vertex -27.538304090499878 8.947152867913246 0
      vertex -27.538304090499878 8.947152867913246 0.8
    endloop
  endfacet
  facet normal 0.7933533244802666 -0.6087614496139754 0
    outer loop
      vertex -27.538304090499878 8.947152867913246 0
      vertex -27.432088881731033 9.085575215518475 0
      vertex -27.432088881731033 9.085575215518475 0.8
    endloop
  endfacet
  facet normal 0.7372773375807702 -0.6755902067746474 0
    outer loop
      vertex -27.432088881731033 9.085575215518475 0
      vertex -27.314213559031487 9.21421355754137 0
      vertex -27.314213559031487 9.21421355754137 0.8
    endloop
  endfacet
  facet normal 0.6755902067746474 -0.7372773375807702 0
    outer loop
      vertex -27.314213559031487 9.21421355754137 0
      vertex -27.18557521700859 9.332088880240917 0
      vertex -27.18557521700859 9.332088880240917 0.8
    endloop
  endfacet
  facet normal 0.6087614496139754 -0.7933533244802666 0
    outer loop
      vertex -27.18557521700859 9.332088880240917 0
      vertex -27.047152869403362 9.438304089009762 0
      vertex -27.047152869403362 9.438304089009762 0.8
    endloop
  endfacet
  facet normal 0.5372995938957162 -0.8433914550192563 0
    outer loop
      vertex -27.047152869403362 9.438304089009762 0
      vertex -26.899999998509884 9.532050803303719 0
      vertex -26.899999998509884 9.532050803303719 0.8
    endloop
  endfacet
  facet normal 0.4617486194440415 -0.887010829946017 0
    outer loop
      vertex -26.899999998509884 9.532050803303719 0
      vertex -26.74523652344942 9.612615570425987 0
      vertex -26.74523652344942 9.612615570425987 0.8
    endloop
  endfacet
  facet normal 0.3826834247884422 -0.923879535649637 0
    outer loop
      vertex -26.74523652344942 9.612615570425987 0
      vertex -26.5840402841568 9.679385237395763 0
      vertex -26.5840402841568 9.679385237395763 0.8
    endloop
  endfacet
  facet normal 0.3007058164710832 -0.9537169453986121 0
    outer loop
      vertex -26.5840402841568 9.679385237395763 0
      vertex -26.417638085782528 9.731851652264595 0
      vertex -26.417638085782528 9.731851652264595 0.8
    endloop
  endfacet
  facet normal -0.9914448632397374 0.130526178046928 0
    outer loop
      vertex -31.086300909519196 9.713760673999786 0
      vertex -31.04530791193247 10.025133438408375 0.8
      vertex -31.04530791193247 10.025133438408375 0
    endloop
  endfacet
  facet normal -0.9762960044392777 0.2164396260297591 0
    outer loop
      vertex -31.04530791193247 10.025133438408375 0
      vertex -30.97733297199011 10.331748560070992 0.8
      vertex -30.97733297199011 10.331748560070992 0
    endloop
  endfacet
  facet normal -0.953716954923665 0.30070578626147504 0
    outer loop
      vertex -30.97733297199011 10.331748560070992 0
      vertex -30.882893435657024 10.63127251714468 0.8
      vertex -30.882893435657024 10.63127251714468 0
    endloop
  endfacet
  facet normal -0.9238795257532219 0.3826834486805013 0
    outer loop
      vertex -30.882893435657024 10.63127251714468 0
      vertex -30.76270803064108 10.921425737440586 0.8
      vertex -30.76270803064108 10.921425737440586 0
    endloop
  endfacet
  facet normal -0.8870108416858266 0.46174859689207676 0
    outer loop
      vertex -30.76270803064108 10.921425737440586 0
      vertex -30.617691457271576 11.199999995529652 0.8
      vertex -30.617691457271576 11.199999995529652 0
    endloop
  endfacet
  facet normal -0.8433914475977988 0.5372996055450713 0
    outer loop
      vertex -30.617691457271576 11.199999995529652 0
      vertex -30.448947362601757 11.464875169098377 0.8
      vertex -30.448947362601757 11.464875169098377 0
    endloop
  endfacet
  facet normal -0.7933533347126536 0.6087614362788698 0
    outer loop
      vertex -30.448947362601757 11.464875169098377 0
      vertex -30.257759995758533 11.714035391807556 0.8
      vertex -30.257759995758533 11.714035391807556 0
    endloop
  endfacet
  facet normal -0.7372773326563969 0.6755902121486581 0
    outer loop
      vertex -30.257759995758533 11.714035391807556 0
      vertex -30.045584410429 11.945584408938885 0.8
      vertex -30.045584410429 11.945584408938885 0
    endloop
  endfacet
  facet normal -0.6755902121486581 0.7372773326563969 0
    outer loop
      vertex -30.045584410429 11.945584408938885 0
      vertex -29.814035393297672 12.157759994268417 0.8
      vertex -29.814035393297672 12.157759994268417 0
    endloop
  endfacet
  facet normal -0.6087614362788698 0.7933533347126536 0
    outer loop
      vertex -29.814035393297672 12.157759994268417 0
      vertex -29.564875170588493 12.348947361111641 0.8
      vertex -29.564875170588493 12.348947361111641 0
    endloop
  endfacet
  facet normal -0.5372996055450713 0.8433914475977988 0
    outer loop
      vertex -29.564875170588493 12.348947361111641 0
      vertex -29.299999997019768 12.51769145578146 0.8
      vertex -29.299999997019768 12.51769145578146 0
    endloop
  endfacet
  facet normal -0.46174859689207676 0.8870108416858266 0
    outer loop
      vertex -29.299999997019768 12.51769145578146 0
      vertex -29.021425738930702 12.662708029150963 0.8
      vertex -29.021425738930702 12.662708029150963 0
    endloop
  endfacet
  facet normal -0.3826834486805013 0.9238795257532219 0
    outer loop
      vertex -29.021425738930702 12.662708029150963 0
      vertex -28.731272518634796 12.782893434166908 0.8
      vertex -28.731272518634796 12.782893434166908 0
    endloop
  endfacet
  facet normal -0.30070578626147504 0.953716954923665 0
    outer loop
      vertex -28.731272518634796 12.782893434166908 0
      vertex -28.431748561561108 12.877332970499992 0.8
      vertex -28.431748561561108 12.877332970499992 0
    endloop
  endfacet
  facet normal -0.2164396260297591 0.9762960044392777 0
    outer loop
      vertex -28.431748561561108 12.877332970499992 0
      vertex -28.12513343989849 12.945307910442352 0.8
      vertex -28.12513343989849 12.945307910442352 0
    endloop
  endfacet
  facet normal -0.130526178046928 0.9914448632397374 0
    outer loop
      vertex -28.12513343989849 12.945307910442352 0
      vertex -27.813760675489902 12.98630090802908 0.8
      vertex -27.813760675489902 12.98630090802908 0
    endloop
  endfacet
  facet normal -0.0436194033554438 0.9990482208837145 0
    outer loop
      vertex -27.813760675489902 12.98630090802908 0
      vertex -27.5 13 0.8
      vertex -27.5 13 0
    endloop
  endfacet
  facet normal 0.2164395948633669 -0.9762960113487004 0
    outer loop
      vertex -26.417638085782528 9.731851652264595 0
      vertex -26.24729635566473 9.76961550116539 0
      vertex -26.24729635566473 9.76961550116539 0.8
    endloop
  endfacet
  facet normal 0.13052620198021944 -0.9914448600888599 0
    outer loop
      vertex -26.24729635566473 9.76961550116539 0
      vertex -26.07431148737669 9.792389392852783 0
      vertex -26.07431148737669 9.792389392852783 0.8
    endloop
  endfacet
  facet normal 0.04361938852815862 -0.9990482215310879 0
    outer loop
      vertex -26.07431148737669 9.792389392852783 0
      vertex -25.899999998509884 9.799999997019768 0
      vertex -25.899999998509884 9.799999997019768 0.8
    endloop
  endfacet
  facet normal 0 0 -1
    outer loop
      vertex -27.5 13 0
      vertex 25.899999998509884 9.799999997019768 0
      vertex -25.899999998509884 9.799999997019768 0
    endloop
  endfacet
  facet normal 1 0 0
    outer loop
      vertex -27.899999998509884 7.799999997019768 0.8
      vertex -27.899999998509884 1.8101358643759347 0.8
      vertex -27.899999998509884 1.8101358643759347 0
    endloop
  endfacet
  facet normal 0 0 1
    outer loop
      vertex -31.100000001490116 -9.399999998509884 0.8
      vertex -30.75 0 0.8
      vertex -31.100000001490116 9.399999998509884 0.8
    endloop
  endfacet
  facet normal 0 0 1
    outer loop
      vertex -31.100000001490116 9.399999998509884 0.8
      vertex -30.75 0 0.8
      vertex -30.74238939618349 0.17431148549531633 0.8
    endloop
  endfacet
  facet normal 0 0 1
    outer loop
      vertex -31.100000001490116 9.399999998509884 0.8
      vertex -30.74238939618349 0.17431148549531633 0.8
      vertex -30.719615506024414 0.34729635533386066 0.8
    endloop
  endfacet
  facet normal 0 0 1
    outer loop
      vertex -31.100000001490116 9.399999998509884 0.8
      vertex -30.719615506024414 0.34729635533386066 0.8
      vertex -30.681851652578136 0.5176380902050415 0.8
    endloop
  endfacet
  facet normal 0 0 1
    outer loop
      vertex -31.100000001490116 9.399999998509884 0.8
      vertex -30.681851652578136 0.5176380902050415 0.8
      vertex -30.629385241571818 0.6840402866513374 0.8
    endloop
  endfacet
  facet normal 0 0 1
    outer loop
      vertex -31.100000001490116 9.399999998509884 0.8
      vertex -30.629385241571818 0.6840402866513374 0.8
      vertex -30.5626155740733 0.8452365234813989 0.8
    endloop
  endfacet
  facet normal 0 0 1
    outer loop
      vertex -31.100000001490116 9.399999998509884 0.8
      vertex -30.5626155740733 0.8452365234813989 0.8
      vertex -30.48205080756888 1 0.8
    endloop
  endfacet
  facet normal 0 0 1
    outer loop
      vertex -31.100000001490116 9.399999998509884 0.8
      vertex -30.48205080756888 1 0.8
      vertex -30.388304088577982 1.147152872702092 0.8
    endloop
  endfacet
  facet normal 0 0 1
    outer loop
      vertex -31.100000001490116 9.399999998509884 0.8
      vertex -30.388304088577982 1.147152872702092 0.8
      vertex -30.282088886237958 1.2855752193730785 0.8
    endloop
  endfacet
  facet normal 0 0 1
    outer loop
      vertex -31.100000001490116 9.399999998509884 0.8
      vertex -30.282088886237958 1.2855752193730785 0.8
      vertex -30.164213562373096 1.4142135623730951 0.8
    endloop
  endfacet
  facet normal 0 0 1
    outer loop
      vertex -31.100000001490116 9.399999998509884 0.8
      vertex -30.164213562373096 1.4142135623730951 0.8
      vertex -30.03557521937308 1.5320888862379562 0.8
    endloop
  endfacet
  facet normal 0 0 1
    outer loop
      vertex -31.100000001490116 9.399999998509884 0.8
      vertex -30.03557521937308 1.5320888862379562 0.8
      vertex -29.897152872702094 1.6383040885779836 0.8
    endloop
  endfacet
  facet normal 0 0 1
    outer loop
      vertex -31.100000001490116 9.399999998509884 0.8
      vertex -29.897152872702094 1.6383040885779836 0.8
      vertex -29.75 1.7320508075688772 0.8
    endloop
  endfacet
  facet normal 0 0 1
    outer loop
      vertex -31.100000001490116 9.399999998509884 0.8
      vertex -29.75 1.7320508075688772 0.8
      vertex -29.5952365234814 1.8126155740732999 0.8
    endloop
  endfacet
  facet normal 0 0 1
    outer loop
      vertex -31.100000001490116 9.399999998509884 0.8
      vertex -29.5952365234814 1.8126155740732999 0.8
      vertex -29.43404028665134 1.8793852415718169 0.8
    endloop
  endfacet
  facet normal 0 0 1
    outer loop
      vertex -31.100000001490116 9.399999998509884 0.8
      vertex -29.43404028665134 1.8793852415718169 0.8
      vertex -29.26763809020504 1.9318516525781366 0.8
    endloop
  endfacet
  facet normal 0 0 1
    outer loop
      vertex -31.100000001490116 9.399999998509884 0.8
      vertex -29.26763809020504 1.9318516525781366 0.8
      vertex -29.09729635533386 1.969615506024416 0.8
    endloop
  endfacet
  facet normal 0 0 1
    outer loop
      vertex -31.100000001490116 9.399999998509884 0.8
      vertex -29.09729635533386 1.969615506024416 0.8
      vertex -28.924311485495316 1.992389396183491 0.8
    endloop
  endfacet
  facet normal 0 0 1
    outer loop
      vertex -27.899999998509884 7.799999997019768 0.8
      vertex -28.924311485495316 1.992389396183491 0.8
      vertex -28.75 2 0.8
    endloop
  endfacet
  facet normal 0 0 1
    outer loop
      vertex -27.899999998509884 7.799999997019768 0.8
      vertex -28.75 2 0.8
      vertex -28.575688514504684 1.992389396183491 0.8
    endloop
  endfacet
  facet normal 0 0 1
    outer loop
      vertex -27.899999998509884 7.799999997019768 0.8
      vertex -28.575688514504684 1.992389396183491 0.8
      vertex -28.40270364466614 1.969615506024416 0.8
    endloop
  endfacet
  facet normal 0 0 1
    outer loop
      vertex -27.899999998509884 7.799999997019768 0.8
      vertex -28.06595971334866 1.8793852415718169 0.8
      vertex -27.9047634765186 1.8126155740732999 0.8
    endloop
  endfacet
  facet normal 0 0 1
    outer loop
      vertex -27.899999998509884 7.799999997019768 0.8
      vertex -27.9047634765186 1.8126155740732999 0.8
      vertex -27.899999998509884 1.8101358643759347 0.8
    endloop
  endfacet
  facet normal 0 0 1
    outer loop
      vertex -27.899999998509884 7.799999997019768 0.8
      vertex -28.40270364466614 1.969615506024416 0.8
      vertex -28.23236190979496 1.9318516525781366 0.8
    endloop
  endfacet
  facet normal 0 0 1
    outer loop
      vertex -27.899999998509884 7.799999997019768 0.8
      vertex -28.23236190979496 1.9318516525781366 0.8
      vertex -28.06595971334866 1.8793852415718169 0.8
    endloop
  endfacet
  facet normal 0 0 1
    outer loop
      vertex -27.8923893943429 7.974311485886574 0.8
      vertex -31.100000001490116 9.399999998509884 0.8
      vertex -28.924311485495316 1.992389396183491 0.8
    endloop
  endfacet
  facet normal 0 0 1
    outer loop
      vertex -27.899999998509884 7.799999997019768 0.8
      vertex -27.8923893943429 7.974311485886574 0.8
      vertex -28.924311485495316 1.992389396183491 0.8
    endloop
  endfacet
  facet normal 0.9990482215310879 -0.04361938852815862 0
    outer loop
      vertex -27.899999998509884 7.799999997019768 0
      vertex -27.8923893943429 7.974311485886574 0.8
      vertex -27.899999998509884 7.799999997019768 0.8
    endloop
  endfacet
  facet normal 0.9914448600888599 -0.13052620198021944 0
    outer loop
      vertex -27.8923893943429 7.974311485886574 0
      vertex -27.869615502655506 8.147296354174614 0.8
      vertex -27.8923893943429 7.974311485886574 0.8
    endloop
  endfacet
  facet normal -0.9990482208837145 0.0436194033554438 0
    outer loop
      vertex -31.100000001490116 9.399999998509884 0
      vertex -31.100000001490116 9.399999998509884 0.8
      vertex -31.086300909519196 9.713760673999786 0.8
    endloop
  endfacet
  facet normal 0.9762960113487004 -0.2164395948633669 0
    outer loop
      vertex -27.869615502655506 8.147296354174614 0
      vertex -27.83185165375471 8.317638084292412 0.8
      vertex -27.869615502655506 8.147296354174614 0.8
    endloop
  endfacet
  facet normal 0.9537169453986121 -0.3007058164710832 0
    outer loop
      vertex -27.83185165375471 8.317638084292412 0
      vertex -27.77938523888588 8.484040282666683 0.8
      vertex -27.83185165375471 8.317638084292412 0.8
    endloop
  endfacet
  facet normal 0.923879535649637 -0.3826834247884422 0
    outer loop
      vertex -27.77938523888588 8.484040282666683 0
      vertex -27.712615571916103 8.645236521959305 0.8
      vertex -27.77938523888588 8.484040282666683 0.8
    endloop
  endfacet
  facet normal 0.887010829946017 -0.4617486194440415 0
    outer loop
      vertex -27.712615571916103 8.645236521959305 0
      vertex -27.632050804793835 8.799999997019768 0.8
      vertex -27.712615571916103 8.645236521959305 0.8
    endloop
  endfacet
  facet normal 0.8433914550192563 -0.5372995938957162 0
    outer loop
      vertex -27.632050804793835 8.799999997019768 0
      vertex -27.538304090499878 8.947152867913246 0.8
      vertex -27.632050804793835 8.799999997019768 0.8
    endloop
  endfacet
  facet normal 0.7933533244802666 -0.6087614496139754 0
    outer loop
      vertex -27.538304090499878 8.947152867913246 0
      vertex -27.432088881731033 9.085575215518475 0.8
      vertex -27.538304090499878 8.947152867913246 0.8
    endloop
  endfacet
  facet normal 0.7372773375807702 -0.6755902067746474 0
    outer loop
      vertex -27.432088881731033 9.085575215518475 0
      vertex -27.314213559031487 9.21421355754137 0.8
      vertex -27.432088881731033 9.085575215518475 0.8
    endloop
  endfacet
  facet normal 0.6755902067746474 -0.7372773375807702 0
    outer loop
      vertex -27.314213559031487 9.21421355754137 0
      vertex -27.18557521700859 9.332088880240917 0.8
      vertex -27.314213559031487 9.21421355754137 0.8
    endloop
  endfacet
  facet normal 0.6087614496139754 -0.7933533244802666 0
    outer loop
      vertex -27.18557521700859 9.332088880240917 0
      vertex -27.047152869403362 9.438304089009762 0.8
      vertex -27.18557521700859 9.332088880240917 0.8
    endloop
  endfacet
  facet normal 0.5372995938957162 -0.8433914550192563 0
    outer loop
      vertex -27.047152869403362 9.438304089009762 0
      vertex -26.899999998509884 9.532050803303719 0.8
      vertex -27.047152869403362 9.438304089009762 0.8
    endloop
  endfacet
  facet normal 0.4617486194440415 -0.887010829946017 0
    outer loop
      vertex -26.899999998509884 9.532050803303719 0
      vertex -26.74523652344942 9.612615570425987 0.8
      vertex -26.899999998509884 9.532050803303719 0.8
    endloop
  endfacet
  facet normal 0.3826834247884422 -0.923879535649637 0
    outer loop
      vertex -26.74523652344942 9.612615570425987 0
      vertex -26.5840402841568 9.679385237395763 0.8
      vertex -26.74523652344942 9.612615570425987 0.8
    endloop
  endfacet
  facet normal 0.3007058164710832 -0.9537169453986121 0
    outer loop
      vertex -26.5840402841568 9.679385237395763 0
      vertex -26.417638085782528 9.731851652264595 0.8
      vertex -26.5840402841568 9.679385237395763 0.8
    endloop
  endfacet
  facet normal 0.2164395948633669 -0.9762960113487004 0
    outer loop
      vertex -26.417638085782528 9.731851652264595 0
      vertex -26.24729635566473 9.76961550116539 0.8
      vertex -26.417638085782528 9.731851652264595 0.8
    endloop
  endfacet
  facet normal -0.9914448632397374 0.130526178046928 0
    outer loop
      vertex -31.086300909519196 9.713760673999786 0
      vertex -31.086300909519196 9.713760673999786 0.8
      vertex -31.04530791193247 10.025133438408375 0.8
    endloop
  endfacet
  facet normal -0.9762960044392777 0.2164396260297591 0
    outer loop
      vertex -31.04530791193247 10.025133438408375 0
      vertex -31.04530791193247 10.025133438408375 0.8
      vertex -30.97733297199011 10.331748560070992 0.8
    endloop
  endfacet
  facet normal -0.953716954923665 0.30070578626147504 0
    outer loop
      vertex -30.97733297199011 10.331748560070992 0
      vertex -30.97733297199011 10.331748560070992 0.8
      vertex -30.882893435657024 10.63127251714468 0.8
    endloop
  endfacet
  facet normal -0.9238795257532219 0.3826834486805013 0
    outer loop
      vertex -30.882893435657024 10.63127251714468 0
      vertex -30.882893435657024 10.63127251714468 0.8
      vertex -30.76270803064108 10.921425737440586 0.8
    endloop
  endfacet
  facet normal -0.8870108416858266 0.46174859689207676 0
    outer loop
      vertex -30.76270803064108 10.921425737440586 0
      vertex -30.76270803064108 10.921425737440586 0.8
      vertex -30.617691457271576 11.199999995529652 0.8
    endloop
  endfacet
  facet normal -0.8433914475977988 0.5372996055450713 0
    outer loop
      vertex -30.617691457271576 11.199999995529652 0
      vertex -30.617691457271576 11.199999995529652 0.8
      vertex -30.448947362601757 11.464875169098377 0.8
    endloop
  endfacet
  facet normal -0.7933533347126536 0.6087614362788698 0
    outer loop
      vertex -30.448947362601757 11.464875169098377 0
      vertex -30.448947362601757 11.464875169098377 0.8
      vertex -30.257759995758533 11.714035391807556 0.8
    endloop
  endfacet
  facet normal -0.7372773326563969 0.6755902121486581 0
    outer loop
      vertex -30.257759995758533 11.714035391807556 0
      vertex -30.257759995758533 11.714035391807556 0.8
      vertex -30.045584410429 11.945584408938885 0.8
    endloop
  endfacet
  facet normal -0.6755902121486581 0.7372773326563969 0
    outer loop
      vertex -30.045584410429 11.945584408938885 0
      vertex -30.045584410429 11.945584408938885 0.8
      vertex -29.814035393297672 12.157759994268417 0.8
    endloop
  endfacet
  facet normal -0.6087614362788698 0.7933533347126536 0
    outer loop
      vertex -29.814035393297672 12.157759994268417 0
      vertex -29.814035393297672 12.157759994268417 0.8
      vertex -29.564875170588493 12.348947361111641 0.8
    endloop
  endfacet
  facet normal -0.5372996055450713 0.8433914475977988 0
    outer loop
      vertex -29.564875170588493 12.348947361111641 0
      vertex -29.564875170588493 12.348947361111641 0.8
      vertex -29.299999997019768 12.51769145578146 0.8
    endloop
  endfacet
  facet normal -0.46174859689207676 0.8870108416858266 0
    outer loop
      vertex -29.299999997019768 12.51769145578146 0
      vertex -29.299999997019768 12.51769145578146 0.8
      vertex -29.021425738930702 12.662708029150963 0.8
    endloop
  endfacet
  facet normal -0.3826834486805013 0.9238795257532219 0
    outer loop
      vertex -29.021425738930702 12.662708029150963 0
      vertex -29.021425738930702 12.662708029150963 0.8
      vertex -28.731272518634796 12.782893434166908 0.8
    endloop
  endfacet
  facet normal -0.30070578626147504 0.953716954923665 0
    outer loop
      vertex -28.731272518634796 12.782893434166908 0
      vertex -28.731272518634796 12.782893434166908 0.8
      vertex -28.431748561561108 12.877332970499992 0.8
    endloop
  endfacet
  facet normal -0.2164396260297591 0.9762960044392777 0
    outer loop
      vertex -28.431748561561108 12.877332970499992 0
      vertex -28.431748561561108 12.877332970499992 0.8
      vertex -28.12513343989849 12.945307910442352 0.8
    endloop
  endfacet
  facet normal -0.130526178046928 0.9914448632397374 0
    outer loop
      vertex -28.12513343989849 12.945307910442352 0
      vertex -28.12513343989849 12.945307910442352 0.8
      vertex -27.813760675489902 12.98630090802908 0.8
    endloop
  endfacet
  facet normal -0.0436194033554438 0.9990482208837145 0
    outer loop
      vertex -27.813760675489902 12.98630090802908 0
      vertex -27.813760675489902 12.98630090802908 0.8
      vertex -27.5 13 0.8
    endloop
  endfacet
  facet normal 0.13052620198021944 -0.9914448600888599 0
    outer loop
      vertex -26.24729635566473 9.76961550116539 0
      vertex -26.07431148737669 9.792389392852783 0.8
      vertex -26.24729635566473 9.76961550116539 0.8
    endloop
  endfacet
  facet normal 0.04361938852815862 -0.9990482215310879 0
    outer loop
      vertex -26.07431148737669 9.792389392852783 0
      vertex -25.899999998509884 9.799999997019768 0.8
      vertex -26.07431148737669 9.792389392852783 0.8
    endloop
  endfacet
  facet normal 0 0 1
    outer loop
      vertex -31.100000001490116 9.399999998509884 0.8
      vertex -27.712615571916103 8.645236521959305 0.8
      vertex -31.086300909519196 9.713760673999786 0.8
    endloop
  endfacet
  facet normal 0 0 1
    outer loop
      vertex -31.086300909519196 9.713760673999786 0.8
      vertex -27.632050804793835 8.799999997019768 0.8
      vertex -31.04530791193247 10.025133438408375 0.8
    endloop
  endfacet
  facet normal 0 0 1
    outer loop
      vertex -27.8923893943429 7.974311485886574 0.8
      vertex -27.869615502655506 8.147296354174614 0.8
      vertex -31.100000001490116 9.399999998509884 0.8
    endloop
  endfacet
  facet normal 0 0 1
    outer loop
      vertex -31.100000001490116 9.399999998509884 0.8
      vertex -27.869615502655506 8.147296354174614 0.8
      vertex -27.83185165375471 8.317638084292412 0.8
    endloop
  endfacet
  facet normal 0 0 1
    outer loop
      vertex -31.100000001490116 9.399999998509884 0.8
      vertex -27.83185165375471 8.317638084292412 0.8
      vertex -27.77938523888588 8.484040282666683 0.8
    endloop
  endfacet
  facet normal 0 0 1
    outer loop
      vertex -31.100000001490116 9.399999998509884 0.8
      vertex -27.77938523888588 8.484040282666683 0.8
      vertex -27.712615571916103 8.645236521959305 0.8
    endloop
  endfacet
  facet normal 0 0 1
    outer loop
      vertex -31.086300909519196 9.713760673999786 0.8
      vertex -27.712615571916103 8.645236521959305 0.8
      vertex -27.632050804793835 8.799999997019768 0.8
    endloop
  endfacet
  facet normal 0 0 1
    outer loop
      vertex -27.632050804793835 8.799999997019768 0.8
      vertex -27.538304090499878 8.947152867913246 0.8
      vertex -31.04530791193247 10.025133438408375 0.8
    endloop
  endfacet
  facet normal 0 0 1
    outer loop
      vertex -27.538304090499878 8.947152867913246 0.8
      vertex -27.432088881731033 9.085575215518475 0.8
      vertex -30.76270803064108 10.921425737440586 0.8
    endloop
  endfacet
  facet normal 0 0 1
    outer loop
      vertex -27.538304090499878 8.947152867913246 0.8
      vertex -30.97733297199011 10.331748560070992 0.8
      vertex -31.04530791193247 10.025133438408375 0.8
    endloop
  endfacet
  facet normal 0 0 1
    outer loop
      vertex -27.538304090499878 8.947152867913246 0.8
      vertex -30.882893435657024 10.63127251714468 0.8
      vertex -30.97733297199011 10.331748560070992 0.8
    endloop
  endfacet
  facet normal 0 0 1
    outer loop
      vertex -27.538304090499878 8.947152867913246 0.8
      vertex -30.76270803064108 10.921425737440586 0.8
      vertex -30.882893435657024 10.63127251714468 0.8
    endloop
  endfacet
  facet normal 0 0 1
    outer loop
      vertex -27.432088881731033 9.085575215518475 0.8
      vertex -30.617691457271576 11.199999995529652 0.8
      vertex -30.76270803064108 10.921425737440586 0.8
    endloop
  endfacet
  facet normal 0 0 1
    outer loop
      vertex -27.432088881731033 9.085575215518475 0.8
      vertex -30.448947362601757 11.464875169098377 0.8
      vertex -30.617691457271576 11.199999995529652 0.8
    endloop
  endfacet
  facet normal 0 0 1
    outer loop
      vertex -27.432088881731033 9.085575215518475 0.8
      vertex -30.257759995758533 11.714035391807556 0.8
      vertex -30.448947362601757 11.464875169098377 0.8
    endloop
  endfacet
  facet normal 0 0 1
    outer loop
      vertex -27.314213559031487 9.21421355754137 0.8
      vertex -30.045584410429 11.945584408938885 0.8
      vertex -30.257759995758533 11.714035391807556 0.8
    endloop
  endfacet
  facet normal 0 0 1
    outer loop
      vertex -27.432088881731033 9.085575215518475 0.8
      vertex -27.314213559031487 9.21421355754137 0.8
      vertex -30.257759995758533 11.714035391807556 0.8
    endloop
  endfacet
  facet normal 0 0 1
    outer loop
      vertex -27.314213559031487 9.21421355754137 0.8
      vertex -27.18557521700859 9.332088880240917 0.8
      vertex -29.814035393297672 12.157759994268417 0.8
    endloop
  endfacet
  facet normal 0 0 1
    outer loop
      vertex -27.18557521700859 9.332088880240917 0.8
      vertex -27.047152869403362 9.438304089009762 0.8
      vertex -29.299999997019768 12.51769145578146 0.8
    endloop
  endfacet
  facet normal 0 0 1
    outer loop
      vertex -27.314213559031487 9.21421355754137 0.8
      vertex -29.814035393297672 12.157759994268417 0.8
      vertex -30.045584410429 11.945584408938885 0.8
    endloop
  endfacet
  facet normal 0 0 1
    outer loop
      vertex -27.18557521700859 9.332088880240917 0.8
      vertex -29.564875170588493 12.348947361111641 0.8
      vertex -29.814035393297672 12.157759994268417 0.8
    endloop
  endfacet
  facet normal 0 0 1
    outer loop
      vertex -27.047152869403362 9.438304089009762 0.8
      vertex -26.899999998509884 9.532050803303719 0.8
      vertex -28.731272518634796 12.782893434166908 0.8
    endloop
  endfacet
  facet normal 0 0 1
    outer loop
      vertex -27.18557521700859 9.332088880240917 0.8
      vertex -29.299999997019768 12.51769145578146 0.8
      vertex -29.564875170588493 12.348947361111641 0.8
    endloop
  endfacet
  facet normal 0 0 1
    outer loop
      vertex -27.047152869403362 9.438304089009762 0.8
      vertex -29.021425738930702 12.662708029150963 0.8
      vertex -29.299999997019768 12.51769145578146 0.8
    endloop
  endfacet
  facet normal 0 0 1
    outer loop
      vertex -27.047152869403362 9.438304089009762 0.8
      vertex -28.731272518634796 12.782893434166908 0.8
      vertex -29.021425738930702 12.662708029150963 0.8
    endloop
  endfacet
  facet normal 0 0 1
    outer loop
      vertex -26.899999998509884 9.532050803303719 0.8
      vertex -28.431748561561108 12.877332970499992 0.8
      vertex -28.731272518634796 12.782893434166908 0.8
    endloop
  endfacet
  facet normal 0 0 1
    outer loop
      vertex -26.899999998509884 9.532050803303719 0.8
      vertex -28.12513343989849 12.945307910442352 0.8
      vertex -28.431748561561108 12.877332970499992 0.8
    endloop
  endfacet
  facet normal 0 0 1
    outer loop
      vertex -26.899999998509884 9.532050803303719 0.8
      vertex -27.813760675489902 12.98630090802908 0.8
      vertex -28.12513343989849 12.945307910442352 0.8
    endloop
  endfacet
  facet normal 0 0 1
    outer loop
      vertex -26.74523652344942 9.612615570425987 0.8
      vertex -27.5 13 0.8
      vertex -27.813760675489902 12.98630090802908 0.8
    endloop
  endfacet
  facet normal 0 0 1
    outer loop
      vertex -26.899999998509884 9.532050803303719 0.8
      vertex -26.74523652344942 9.612615570425987 0.8
      vertex -27.813760675489902 12.98630090802908 0.8
    endloop
  endfacet
  facet normal 0 0 1
    outer loop
      vertex -26.74523652344942 9.612615570425987 0.8
      vertex -26.5840402841568 9.679385237395763 0.8
      vertex -27.5 13 0.8
    endloop
  endfacet
  facet normal 0 0 1
    outer loop
      vertex -26.5840402841568 9.679385237395763 0.8
      vertex -26.417638085782528 9.731851652264595 0.8
      vertex -27.5 13 0.8
    endloop
  endfacet
  facet normal 0 0 1
    outer loop
      vertex -26.417638085782528 9.731851652264595 0.8
      vertex -26.24729635566473 9.76961550116539 0.8
      vertex -27.5 13 0.8
    endloop
  endfacet
  facet normal 0 0 1
    outer loop
      vertex -27.5 13 0.8
      vertex -26.24729635566473 9.76961550116539 0.8
      vertex -26.07431148737669 9.792389392852783 0.8
    endloop
  endfacet
  facet normal 0 0 1
    outer loop
      vertex -27.5 13 0.8
      vertex -26.07431148737669 9.792389392852783 0.8
      vertex -25.899999998509884 9.799999997019768 0.8
    endloop
  endfacet
  facet normal 0 -1 0
    outer loop
      vertex -25.899999998509884 9.799999997019768 0
      vertex 25.899999998509884 9.799999997019768 0.8
      vertex -25.899999998509884 9.799999997019768 0.8
    endloop
  endfacet
  facet normal 0 1 0
    outer loop
      vertex -27.5 13 0
      vertex -27.5 13 0.8
      vertex 27.5 13 0.8
    endloop
  endfacet
  facet normal 0 0 1
    outer loop
      vertex -27.5 13 0.8
      vertex -25.899999998509884 9.799999997019768 0.8
      vertex 25.899999998509884 9.799999997019768 0.8
    endloop
  endfacet
  facet normal 0 0 -1
    outer loop
      vertex -27.5 -13 0
      vertex 26.07431148737669 -9.792389392852783 0
      vertex 27.5 -13 0
    endloop
  endfacet
  facet normal 0 0 -1
    outer loop
      vertex -27.5 -13 0
      vertex 25.899999998509884 -9.799999997019768 0
      vertex 26.07431148737669 -9.792389392852783 0
    endloop
  endfacet
  facet normal 0 0 -1
    outer loop
      vertex 26.07431148737669 -9.792389392852783 0
      vertex 26.24729635566473 -9.76961550116539 0
      vertex 27.5 -13 0
    endloop
  endfacet
  facet normal 0 0 -1
    outer loop
      vertex 26.24729635566473 -9.76961550116539 0
      vertex 26.417638085782528 -9.731851652264595 0
      vertex 27.5 -13 0
    endloop
  endfacet
  facet normal 0 0 -1
    outer loop
      vertex 27.5 -13 0
      vertex 26.417638085782528 -9.731851652264595 0
      vertex 26.5840402841568 -9.679385237395763 0
    endloop
  endfacet
  facet normal 0 0 -1
    outer loop
      vertex 27.5 -13 0
      vertex 26.5840402841568 -9.679385237395763 0
      vertex 26.74523652344942 -9.612615570425987 0
    endloop
  endfacet
  facet normal 0 0 -1
    outer loop
      vertex 27.813760675489902 -12.98630090802908 0
      vertex 26.74523652344942 -9.612615570425987 0
      vertex 26.899999998509884 -9.532050803303719 0
    endloop
  endfacet
  facet normal 0 0 -1
    outer loop
      vertex 27.5 -13 0
      vertex 26.74523652344942 -9.612615570425987 0
      vertex 27.813760675489902 -12.98630090802908 0
    endloop
  endfacet
  facet normal 0 0 -1
    outer loop
      vertex 27.813760675489902 -12.98630090802908 0
      vertex 26.899999998509884 -9.532050803303719 0
      vertex 28.12513343989849 -12.945307910442352 0
    endloop
  endfacet
  facet normal 0 0 -1
    outer loop
      vertex 28.12513343989849 -12.945307910442352 0
      vertex 27.047152869403362 -9.438304089009762 0
      vertex 28.431748561561108 -12.877332970499992 0
    endloop
  endfacet
  facet normal 0 0 -1
    outer loop
      vertex 28.431748561561108 -12.877332970499992 0
      vertex 27.047152869403362 -9.438304089009762 0
      vertex 28.731272518634796 -12.782893434166908 0
    endloop
  endfacet
  facet normal 0 0 -1
    outer loop
      vertex 28.731272518634796 -12.782893434166908 0
      vertex 27.047152869403362 -9.438304089009762 0
      vertex 29.021425738930702 -12.662708029150963 0
    endloop
  endfacet
  facet normal 0 0 -1
    outer loop
      vertex 29.021425738930702 -12.662708029150963 0
      vertex 27.18557521700859 -9.332088880240917 0
      vertex 29.299999997019768 -12.51769145578146 0
    endloop
  endfacet
  facet normal 0 0 -1
    outer loop
      vertex 29.299999997019768 -12.51769145578146 0
      vertex 27.18557521700859 -9.332088880240917 0
      vertex 29.564875170588493 -12.348947361111641 0
    endloop
  endfacet
  facet normal 0 0 -1
    outer loop
      vertex 28.12513343989849 -12.945307910442352 0
      vertex 26.899999998509884 -9.532050803303719 0
      vertex 27.047152869403362 -9.438304089009762 0
    endloop
  endfacet
  facet normal 0 0 -1
    outer loop
      vertex 29.564875170588493 -12.348947361111641 0
      vertex 27.18557521700859 -9.332088880240917 0
      vertex 29.814035393297672 -12.157759994268417 0
    endloop
  endfacet
  facet normal 0 0 -1
    outer loop
      vertex 29.814035393297672 -12.157759994268417 0
      vertex 27.314213559031487 -9.21421355754137 0
      vertex 30.045584410429 -11.945584408938885 0
    endloop
  endfacet
  facet normal 0 0 -1
    outer loop
      vertex 29.021425738930702 -12.662708029150963 0
      vertex 27.047152869403362 -9.438304089009762 0
      vertex 27.18557521700859 -9.332088880240917 0
    endloop
  endfacet
  facet normal 0 0 -1
    outer loop
      vertex 29.814035393297672 -12.157759994268417 0
      vertex 27.18557521700859 -9.332088880240917 0
      vertex 27.314213559031487 -9.21421355754137 0
    endloop
  endfacet
  facet normal 0 0 -1
    outer loop
      vertex 30.257759995758533 -11.714035391807556 0
      vertex 27.314213559031487 -9.21421355754137 0
      vertex 27.432088881731033 -9.085575215518475 0
    endloop
  endfacet
  facet normal 0 0 -1
    outer loop
      vertex 30.045584410429 -11.945584408938885 0
      vertex 27.314213559031487 -9.21421355754137 0
      vertex 30.257759995758533 -11.714035391807556 0
    endloop
  endfacet
  facet normal 0 0 -1
    outer loop
      vertex 30.257759995758533 -11.714035391807556 0
      vertex 27.432088881731033 -9.085575215518475 0
      vertex 30.448947362601757 -11.464875169098377 0
    endloop
  endfacet
  facet normal 0 0 -1
    outer loop
      vertex 30.448947362601757 -11.464875169098377 0
      vertex 27.432088881731033 -9.085575215518475 0
      vertex 30.617691457271576 -11.199999995529652 0
    endloop
  endfacet
  facet normal 0 0 -1
    outer loop
      vertex 30.617691457271576 -11.199999995529652 0
      vertex 27.538304090499878 -8.947152867913246 0
      vertex 30.76270803064108 -10.921425737440586 0
    endloop
  endfacet
  facet normal 0 0 -1
    outer loop
      vertex 30.76270803064108 -10.921425737440586 0
      vertex 27.538304090499878 -8.947152867913246 0
      vertex 30.882893435657024 -10.63127251714468 0
    endloop
  endfacet
  facet normal 0 0 -1
    outer loop
      vertex 30.882893435657024 -10.63127251714468 0
      vertex 27.632050804793835 -8.799999997019768 0
      vertex 30.97733297199011 -10.331748560070992 0
    endloop
  endfacet
  facet normal 0 0 -1
    outer loop
      vertex 30.617691457271576 -11.199999995529652 0
      vertex 27.432088881731033 -9.085575215518475 0
      vertex 27.538304090499878 -8.947152867913246 0
    endloop
  endfacet
  facet normal 0 0 -1
    outer loop
      vertex 30.882893435657024 -10.63127251714468 0
      vertex 27.538304090499878 -8.947152867913246 0
      vertex 27.632050804793835 -8.799999997019768 0
    endloop
  endfacet
  facet normal 0 0 -1
    outer loop
      vertex 27.632050804793835 -8.799999997019768 0
      vertex 27.712615571916103 -8.645236521959305 0
      vertex 31.086300909519196 -9.713760673999786 0
    endloop
  endfacet
  facet normal 0 0 -1
    outer loop
      vertex 27.712615571916103 -8.645236521959305 0
      vertex 27.77938523888588 -8.484040282666683 0
      vertex 31.100000001490116 -9.399999998509884 0
    endloop
  endfacet
  facet normal 0 0 -1
    outer loop
      vertex 27.77938523888588 -8.484040282666683 0
      vertex 27.83185165375471 -8.317638084292412 0
      vertex 31.100000001490116 -9.399999998509884 0
    endloop
  endfacet
  facet normal 0 0 -1
    outer loop
      vertex 27.83185165375471 -8.317638084292412 0
      vertex 27.869615502655506 -8.147296354174614 0
      vertex 31.100000001490116 -9.399999998509884 0
    endloop
  endfacet
  facet normal 0 0 -1
    outer loop
      vertex 27.869615502655506 -8.147296354174614 0
      vertex 27.8923893943429 -7.974311485886574 0
      vertex 31.100000001490116 -9.399999998509884 0
    endloop
  endfacet
  facet normal 0 0 -1
    outer loop
      vertex 31.100000001490116 -9.399999998509884 0
      vertex 27.8923893943429 -7.974311485886574 0
      vertex 27.899999998509884 -7.799999997019768 0
    endloop
  endfacet
  facet normal 0 0 -1
    outer loop
      vertex 30.97733297199011 -10.331748560070992 0
      vertex 27.632050804793835 -8.799999997019768 0
      vertex 31.04530791193247 -10.025133438408375 0
    endloop
  endfacet
  facet normal 0 0 -1
    outer loop
      vertex 31.04530791193247 -10.025133438408375 0
      vertex 27.632050804793835 -8.799999997019768 0
      vertex 31.086300909519196 -9.713760673999786 0
    endloop
  endfacet
  facet normal 0 0 -1
    outer loop
      vertex 27.712615571916103 -8.645236521959305 0
      vertex 31.100000001490116 -9.399999998509884 0
      vertex 31.086300909519196 -9.713760673999786 0
    endloop
  endfacet
  facet normal -0.04361938852815862 0.9990482215310879 0
    outer loop
      vertex 25.899999998509884 -9.799999997019768 0
      vertex 25.899999998509884 -9.799999997019768 0.8
      vertex 26.07431148737669 -9.792389392852783 0
    endloop
  endfacet
  facet normal -0.13052620198021944 0.9914448600888599 0
    outer loop
      vertex 26.07431148737669 -9.792389392852783 0
      vertex 26.07431148737669 -9.792389392852783 0.8
      vertex 26.24729635566473 -9.76961550116539 0
    endloop
  endfacet
  facet normal -0.2164395948633669 0.9762960113487004 0
    outer loop
      vertex 26.24729635566473 -9.76961550116539 0
      vertex 26.24729635566473 -9.76961550116539 0.8
      vertex 26.417638085782528 -9.731851652264595 0
    endloop
  endfacet
  facet normal 0.0436194033554438 -0.9990482208837145 0
    outer loop
      vertex 27.5 -13 0
      vertex 27.813760675489902 -12.98630090802908 0
      vertex 27.5 -13 0.8
    endloop
  endfacet
  facet normal 0.130526178046928 -0.9914448632397374 0
    outer loop
      vertex 27.813760675489902 -12.98630090802908 0
      vertex 28.12513343989849 -12.945307910442352 0
      vertex 27.813760675489902 -12.98630090802908 0.8
    endloop
  endfacet
  facet normal 0.2164396260297591 -0.9762960044392777 0
    outer loop
      vertex 28.12513343989849 -12.945307910442352 0
      vertex 28.431748561561108 -12.877332970499992 0
      vertex 28.12513343989849 -12.945307910442352 0.8
    endloop
  endfacet
  facet normal 0.30070578626147504 -0.953716954923665 0
    outer loop
      vertex 28.431748561561108 -12.877332970499992 0
      vertex 28.731272518634796 -12.782893434166908 0
      vertex 28.431748561561108 -12.877332970499992 0.8
    endloop
  endfacet
  facet normal 0.3826834486805013 -0.9238795257532219 0
    outer loop
      vertex 28.731272518634796 -12.782893434166908 0
      vertex 29.021425738930702 -12.662708029150963 0
      vertex 28.731272518634796 -12.782893434166908 0.8
    endloop
  endfacet
  facet normal 0.46174859689207676 -0.8870108416858266 0
    outer loop
      vertex 29.021425738930702 -12.662708029150963 0
      vertex 29.299999997019768 -12.51769145578146 0
      vertex 29.021425738930702 -12.662708029150963 0.8
    endloop
  endfacet
  facet normal 0.5372996055450713 -0.8433914475977988 0
    outer loop
      vertex 29.299999997019768 -12.51769145578146 0
      vertex 29.564875170588493 -12.348947361111641 0
      vertex 29.299999997019768 -12.51769145578146 0.8
    endloop
  endfacet
  facet normal 0.6087614362788698 -0.7933533347126536 0
    outer loop
      vertex 29.564875170588493 -12.348947361111641 0
      vertex 29.814035393297672 -12.157759994268417 0
      vertex 29.564875170588493 -12.348947361111641 0.8
    endloop
  endfacet
  facet normal 0.6755902121486581 -0.7372773326563969 0
    outer loop
      vertex 29.814035393297672 -12.157759994268417 0
      vertex 30.045584410429 -11.945584408938885 0
      vertex 29.814035393297672 -12.157759994268417 0.8
    endloop
  endfacet
  facet normal 0.7372773326563969 -0.6755902121486581 0
    outer loop
      vertex 30.045584410429 -11.945584408938885 0
      vertex 30.257759995758533 -11.714035391807556 0
      vertex 30.045584410429 -11.945584408938885 0.8
    endloop
  endfacet
  facet normal 0.7933533347126536 -0.6087614362788698 0
    outer loop
      vertex 30.257759995758533 -11.714035391807556 0
      vertex 30.448947362601757 -11.464875169098377 0
      vertex 30.257759995758533 -11.714035391807556 0.8
    endloop
  endfacet
  facet normal 0.8433914475977988 -0.5372996055450713 0
    outer loop
      vertex 30.448947362601757 -11.464875169098377 0
      vertex 30.617691457271576 -11.199999995529652 0
      vertex 30.448947362601757 -11.464875169098377 0.8
    endloop
  endfacet
  facet normal 0.8870108416858266 -0.46174859689207676 0
    outer loop
      vertex 30.617691457271576 -11.199999995529652 0
      vertex 30.76270803064108 -10.921425737440586 0
      vertex 30.617691457271576 -11.199999995529652 0.8
    endloop
  endfacet
  facet normal 0.9238795257532219 -0.3826834486805013 0
    outer loop
      vertex 30.76270803064108 -10.921425737440586 0
      vertex 30.882893435657024 -10.63127251714468 0
      vertex 30.76270803064108 -10.921425737440586 0.8
    endloop
  endfacet
  facet normal 0.953716954923665 -0.30070578626147504 0
    outer loop
      vertex 30.882893435657024 -10.63127251714468 0
      vertex 30.97733297199011 -10.331748560070992 0
      vertex 30.882893435657024 -10.63127251714468 0.8
    endloop
  endfacet
  facet normal 0.9762960044392777 -0.2164396260297591 0
    outer loop
      vertex 30.97733297199011 -10.331748560070992 0
      vertex 31.04530791193247 -10.025133438408375 0
      vertex 30.97733297199011 -10.331748560070992 0.8
    endloop
  endfacet
  facet normal 0.9914448632397374 -0.130526178046928 0
    outer loop
      vertex 31.04530791193247 -10.025133438408375 0
      vertex 31.086300909519196 -9.713760673999786 0
      vertex 31.04530791193247 -10.025133438408375 0.8
    endloop
  endfacet
  facet normal -0.3007058164710832 0.9537169453986121 0
    outer loop
      vertex 26.417638085782528 -9.731851652264595 0
      vertex 26.417638085782528 -9.731851652264595 0.8
      vertex 26.5840402841568 -9.679385237395763 0
    endloop
  endfacet
  facet normal -0.3826834247884422 0.923879535649637 0
    outer loop
      vertex 26.5840402841568 -9.679385237395763 0
      vertex 26.5840402841568 -9.679385237395763 0.8
      vertex 26.74523652344942 -9.612615570425987 0
    endloop
  endfacet
  facet normal -0.4617486194440415 0.887010829946017 0
    outer loop
      vertex 26.74523652344942 -9.612615570425987 0
      vertex 26.74523652344942 -9.612615570425987 0.8
      vertex 26.899999998509884 -9.532050803303719 0
    endloop
  endfacet
  facet normal -0.5372995938957162 0.8433914550192563 0
    outer loop
      vertex 26.899999998509884 -9.532050803303719 0
      vertex 26.899999998509884 -9.532050803303719 0.8
      vertex 27.047152869403362 -9.438304089009762 0
    endloop
  endfacet
  facet normal -0.6087614496139754 0.7933533244802666 0
    outer loop
      vertex 27.047152869403362 -9.438304089009762 0
      vertex 27.047152869403362 -9.438304089009762 0.8
      vertex 27.18557521700859 -9.332088880240917 0
    endloop
  endfacet
  facet normal -0.6755902067746474 0.7372773375807702 0
    outer loop
      vertex 27.18557521700859 -9.332088880240917 0
      vertex 27.18557521700859 -9.332088880240917 0.8
      vertex 27.314213559031487 -9.21421355754137 0
    endloop
  endfacet
  facet normal -0.7372773375807702 0.6755902067746474 0
    outer loop
      vertex 27.314213559031487 -9.21421355754137 0
      vertex 27.314213559031487 -9.21421355754137 0.8
      vertex 27.432088881731033 -9.085575215518475 0
    endloop
  endfacet
  facet normal -0.7933533244802666 0.6087614496139754 0
    outer loop
      vertex 27.432088881731033 -9.085575215518475 0
      vertex 27.432088881731033 -9.085575215518475 0.8
      vertex 27.538304090499878 -8.947152867913246 0
    endloop
  endfacet
  facet normal -0.8433914550192563 0.5372995938957162 0
    outer loop
      vertex 27.538304090499878 -8.947152867913246 0
      vertex 27.538304090499878 -8.947152867913246 0.8
      vertex 27.632050804793835 -8.799999997019768 0
    endloop
  endfacet
  facet normal -0.887010829946017 0.4617486194440415 0
    outer loop
      vertex 27.632050804793835 -8.799999997019768 0
      vertex 27.632050804793835 -8.799999997019768 0.8
      vertex 27.712615571916103 -8.645236521959305 0
    endloop
  endfacet
  facet normal -0.923879535649637 0.3826834247884422 0
    outer loop
      vertex 27.712615571916103 -8.645236521959305 0
      vertex 27.712615571916103 -8.645236521959305 0.8
      vertex 27.77938523888588 -8.484040282666683 0
    endloop
  endfacet
  facet normal -0.9537169453986121 0.3007058164710832 0
    outer loop
      vertex 27.77938523888588 -8.484040282666683 0
      vertex 27.77938523888588 -8.484040282666683 0.8
      vertex 27.83185165375471 -8.317638084292412 0
    endloop
  endfacet
  facet normal -0.9762960113487004 0.2164395948633669 0
    outer loop
      vertex 27.83185165375471 -8.317638084292412 0
      vertex 27.83185165375471 -8.317638084292412 0.8
      vertex 27.869615502655506 -8.147296354174614 0
    endloop
  endfacet
  facet normal 0.9990482208837145 -0.0436194033554438 0
    outer loop
      vertex 31.086300909519196 -9.713760673999786 0
      vertex 31.100000001490116 -9.399999998509884 0
      vertex 31.086300909519196 -9.713760673999786 0.8
    endloop
  endfacet
  facet normal -0.9914448600888599 0.13052620198021944 0
    outer loop
      vertex 27.869615502655506 -8.147296354174614 0
      vertex 27.869615502655506 -8.147296354174614 0.8
      vertex 27.8923893943429 -7.974311485886574 0
    endloop
  endfacet
  facet normal -0.9990482215310879 0.04361938852815862 0
    outer loop
      vertex 27.8923893943429 -7.974311485886574 0
      vertex 27.8923893943429 -7.974311485886574 0.8
      vertex 27.899999998509884 -7.799999997019768 0
    endloop
  endfacet
  facet normal 0 0 -1
    outer loop
      vertex 31.100000001490116 -9.399999998509884 0
      vertex 27.899999998509884 -7.799999997019768 0
      vertex 29.75 -1.7320508075688772 0
    endloop
  endfacet
  facet normal 0 0 -1
    outer loop
      vertex 27.899999998509884 -7.799999997019768 0
      vertex 28.06595971334866 -1.8793852415718169 0
      vertex 28.23236190979496 -1.9318516525781366 0
    endloop
  endfacet
  facet normal 0 0 -1
    outer loop
      vertex 27.899999998509884 -7.799999997019768 0
      vertex 28.23236190979496 -1.9318516525781366 0
      vertex 28.40270364466614 -1.969615506024416 0
    endloop
  endfacet
  facet normal 0 0 -1
    outer loop
      vertex 27.899999998509884 -7.799999997019768 0
      vertex 27.899999998509884 -1.8101358643759347 0
      vertex 27.9047634765186 -1.8126155740732999 0
    endloop
  endfacet
  facet normal 0 0 -1
    outer loop
      vertex 27.899999998509884 -7.799999997019768 0
      vertex 27.9047634765186 -1.8126155740732999 0
      vertex 28.06595971334866 -1.8793852415718169 0
    endloop
  endfacet
  facet normal 0 0 -1
    outer loop
      vertex 27.899999998509884 -7.799999997019768 0
      vertex 28.40270364466614 -1.969615506024416 0
      vertex 28.575688514504684 -1.992389396183491 0
    endloop
  endfacet
  facet normal 0 0 -1
    outer loop
      vertex 27.899999998509884 -7.799999997019768 0
      vertex 28.575688514504684 -1.992389396183491 0
      vertex 28.75 -2 0
    endloop
  endfacet
  facet normal 0 0 -1
    outer loop
      vertex 27.899999998509884 -7.799999997019768 0
      vertex 28.75 -2 0
      vertex 28.924311485495316 -1.992389396183491 0
    endloop
  endfacet
  facet normal 0 0 -1
    outer loop
      vertex 27.899999998509884 -7.799999997019768 0
      vertex 28.924311485495316 -1.992389396183491 0
      vertex 29.09729635533386 -1.969615506024416 0
    endloop
  endfacet
  facet normal 0 0 -1
    outer loop
      vertex 27.899999998509884 -7.799999997019768 0
      vertex 29.09729635533386 -1.969615506024416 0
      vertex 29.26763809020504 -1.9318516525781366 0
    endloop
  endfacet
  facet normal 0 0 -1
    outer loop
      vertex 27.899999998509884 -7.799999997019768 0
      vertex 29.26763809020504 -1.9318516525781366 0
      vertex 29.43404028665134 -1.8793852415718169 0
    endloop
  endfacet
  facet normal 0 0 -1
    outer loop
      vertex 27.899999998509884 -7.799999997019768 0
      vertex 29.43404028665134 -1.8793852415718169 0
      vertex 29.5952365234814 -1.8126155740732999 0
    endloop
  endfacet
  facet normal 0 0 -1
    outer loop
      vertex 27.899999998509884 -7.799999997019768 0
      vertex 29.5952365234814 -1.8126155740732999 0
      vertex 29.75 -1.7320508075688772 0
    endloop
  endfacet
  facet normal 0 0 -1
    outer loop
      vertex 31.100000001490116 -9.399999998509884 0
      vertex 29.75 -1.7320508075688772 0
      vertex 29.897152872702094 -1.6383040885779836 0
    endloop
  endfacet
  facet normal 0 0 -1
    outer loop
      vertex 31.100000001490116 -9.399999998509884 0
      vertex 29.897152872702094 -1.6383040885779836 0
      vertex 30.03557521937308 -1.5320888862379562 0
    endloop
  endfacet
  facet normal 0 0 -1
    outer loop
      vertex 31.100000001490116 -9.399999998509884 0
      vertex 30.03557521937308 -1.5320888862379562 0
      vertex 30.164213562373096 -1.4142135623730951 0
    endloop
  endfacet
  facet normal 0 0 -1
    outer loop
      vertex 31.100000001490116 -9.399999998509884 0
      vertex 30.164213562373096 -1.4142135623730951 0
      vertex 30.282088886237958 -1.2855752193730785 0
    endloop
  endfacet
  facet normal 0 0 -1
    outer loop
      vertex 31.100000001490116 -9.399999998509884 0
      vertex 30.282088886237958 -1.2855752193730785 0
      vertex 30.388304088577982 -1.147152872702092 0
    endloop
  endfacet
  facet normal 0 0 -1
    outer loop
      vertex 31.100000001490116 -9.399999998509884 0
      vertex 30.388304088577982 -1.147152872702092 0
      vertex 30.48205080756888 -1 0
    endloop
  endfacet
  facet normal 0 0 -1
    outer loop
      vertex 31.100000001490116 -9.399999998509884 0
      vertex 30.48205080756888 -1 0
      vertex 30.5626155740733 -0.8452365234813989 0
    endloop
  endfacet
  facet normal 0 0 -1
    outer loop
      vertex 31.100000001490116 -9.399999998509884 0
      vertex 30.5626155740733 -0.8452365234813989 0
      vertex 30.629385241571818 -0.6840402866513374 0
    endloop
  endfacet
  facet normal 0 0 -1
    outer loop
      vertex 31.100000001490116 -9.399999998509884 0
      vertex 30.629385241571818 -0.6840402866513374 0
      vertex 30.681851652578136 -0.5176380902050415 0
    endloop
  endfacet
  facet normal 0 0 -1
    outer loop
      vertex 31.100000001490116 -9.399999998509884 0
      vertex 30.681851652578136 -0.5176380902050415 0
      vertex 30.719615506024414 -0.34729635533386066 0
    endloop
  endfacet
  facet normal 0 0 -1
    outer loop
      vertex 31.100000001490116 -9.399999998509884 0
      vertex 30.719615506024414 -0.34729635533386066 0
      vertex 30.74238939618349 -0.17431148549531633 0
    endloop
  endfacet
  facet normal 0 0 -1
    outer loop
      vertex 31.100000001490116 -9.399999998509884 0
      vertex 30.74238939618349 -0.17431148549531633 0
      vertex 30.75 0 0
    endloop
  endfacet
  facet normal -1 0 0
    outer loop
      vertex 27.899999998509884 -7.799999997019768 0
      vertex 27.899999998509884 -7.799999997019768 0.8
      vertex 27.899999998509884 -1.8101358643759347 0
    endloop
  endfacet
  facet normal 1 0 0
    outer loop
      vertex 31.100000001490116 -9.399999998509884 0
      vertex 31.100000001490116 9.399999998509884 0
      vertex 31.100000001490116 -9.399999998509884 0.8
    endloop
  endfacet
  facet normal 0 -1 0
    outer loop
      vertex -27.5 -13 0.8
      vertex 27.5 -13 0
      vertex 27.5 -13 0.8
    endloop
  endfacet
  facet normal 0 1 0
    outer loop
      vertex -25.899999998509884 -9.799999997019768 0.8
      vertex 25.899999998509884 -9.799999997019768 0.8
      vertex 25.899999998509884 -9.799999997019768 0
    endloop
  endfacet
  facet normal 0 0 1
    outer loop
      vertex -27.5 -13 0.8
      vertex 27.5 -13 0.8
      vertex 26.07431148737669 -9.792389392852783 0.8
    endloop
  endfacet
  facet normal 0 0 1
    outer loop
      vertex -27.5 -13 0.8
      vertex 26.07431148737669 -9.792389392852783 0.8
      vertex 25.899999998509884 -9.799999997019768 0.8
    endloop
  endfacet
  facet normal -0.04361938852815862 0.9990482215310879 0
    outer loop
      vertex 26.07431148737669 -9.792389392852783 0
      vertex 25.899999998509884 -9.799999997019768 0.8
      vertex 26.07431148737669 -9.792389392852783 0.8
    endloop
  endfacet
  facet normal -0.13052620198021944 0.9914448600888599 0
    outer loop
      vertex 26.24729635566473 -9.76961550116539 0
      vertex 26.07431148737669 -9.792389392852783 0.8
      vertex 26.24729635566473 -9.76961550116539 0.8
    endloop
  endfacet
  facet normal 0.0436194033554438 -0.9990482208837145 0
    outer loop
      vertex 27.813760675489902 -12.98630090802908 0
      vertex 27.813760675489902 -12.98630090802908 0.8
      vertex 27.5 -13 0.8
    endloop
  endfacet
  facet normal 0.130526178046928 -0.9914448632397374 0
    outer loop
      vertex 28.12513343989849 -12.945307910442352 0
      vertex 28.12513343989849 -12.945307910442352 0.8
      vertex 27.813760675489902 -12.98630090802908 0.8
    endloop
  endfacet
  facet normal 0.2164396260297591 -0.9762960044392777 0
    outer loop
      vertex 28.431748561561108 -12.877332970499992 0
      vertex 28.431748561561108 -12.877332970499992 0.8
      vertex 28.12513343989849 -12.945307910442352 0.8
    endloop
  endfacet
  facet normal 0.30070578626147504 -0.953716954923665 0
    outer loop
      vertex 28.731272518634796 -12.782893434166908 0
      vertex 28.731272518634796 -12.782893434166908 0.8
      vertex 28.431748561561108 -12.877332970499992 0.8
    endloop
  endfacet
  facet normal 0.3826834486805013 -0.9238795257532219 0
    outer loop
      vertex 29.021425738930702 -12.662708029150963 0
      vertex 29.021425738930702 -12.662708029150963 0.8
      vertex 28.731272518634796 -12.782893434166908 0.8
    endloop
  endfacet
  facet normal 0.46174859689207676 -0.8870108416858266 0
    outer loop
      vertex 29.299999997019768 -12.51769145578146 0
      vertex 29.299999997019768 -12.51769145578146 0.8
      vertex 29.021425738930702 -12.662708029150963 0.8
    endloop
  endfacet
  facet normal 0.5372996055450713 -0.8433914475977988 0
    outer loop
      vertex 29.564875170588493 -12.348947361111641 0
      vertex 29.564875170588493 -12.348947361111641 0.8
      vertex 29.299999997019768 -12.51769145578146 0.8
    endloop
  endfacet
  facet normal 0.6087614362788698 -0.7933533347126536 0
    outer loop
      vertex 29.814035393297672 -12.157759994268417 0
      vertex 29.814035393297672 -12.157759994268417 0.8
      vertex 29.564875170588493 -12.348947361111641 0.8
    endloop
  endfacet
  facet normal 0.6755902121486581 -0.7372773326563969 0
    outer loop
      vertex 30.045584410429 -11.945584408938885 0
      vertex 30.045584410429 -11.945584408938885 0.8
      vertex 29.814035393297672 -12.157759994268417 0.8
    endloop
  endfacet
  facet normal 0.7372773326563969 -0.6755902121486581 0
    outer loop
      vertex 30.257759995758533 -11.714035391807556 0
      vertex 30.257759995758533 -11.714035391807556 0.8
      vertex 30.045584410429 -11.945584408938885 0.8
    endloop
  endfacet
  facet normal 0.7933533347126536 -0.6087614362788698 0
    outer loop
      vertex 30.448947362601757 -11.464875169098377 0
      vertex 30.448947362601757 -11.464875169098377 0.8
      vertex 30.257759995758533 -11.714035391807556 0.8
    endloop
  endfacet
  facet normal 0.8433914475977988 -0.5372996055450713 0
    outer loop
      vertex 30.617691457271576 -11.199999995529652 0
      vertex 30.617691457271576 -11.199999995529652 0.8
      vertex 30.448947362601757 -11.464875169098377 0.8
    endloop
  endfacet
  facet normal 0.8870108416858266 -0.46174859689207676 0
    outer loop
      vertex 30.76270803064108 -10.921425737440586 0
      vertex 30.76270803064108 -10.921425737440586 0.8
      vertex 30.617691457271576 -11.199999995529652 0.8
    endloop
  endfacet
  facet normal 0.9238795257532219 -0.3826834486805013 0
    outer loop
      vertex 30.882893435657024 -10.63127251714468 0
      vertex 30.882893435657024 -10.63127251714468 0.8
      vertex 30.76270803064108 -10.921425737440586 0.8
    endloop
  endfacet
  facet normal 0.953716954923665 -0.30070578626147504 0
    outer loop
      vertex 30.97733297199011 -10.331748560070992 0
      vertex 30.97733297199011 -10.331748560070992 0.8
      vertex 30.882893435657024 -10.63127251714468 0.8
    endloop
  endfacet
  facet normal 0.9762960044392777 -0.2164396260297591 0
    outer loop
      vertex 31.04530791193247 -10.025133438408375 0
      vertex 31.04530791193247 -10.025133438408375 0.8
      vertex 30.97733297199011 -10.331748560070992 0.8
    endloop
  endfacet
  facet normal 0.9914448632397374 -0.130526178046928 0
    outer loop
      vertex 31.086300909519196 -9.713760673999786 0
      vertex 31.086300909519196 -9.713760673999786 0.8
      vertex 31.04530791193247 -10.025133438408375 0.8
    endloop
  endfacet
  facet normal -0.2164395948633669 0.9762960113487004 0
    outer loop
      vertex 26.417638085782528 -9.731851652264595 0
      vertex 26.24729635566473 -9.76961550116539 0.8
      vertex 26.417638085782528 -9.731851652264595 0.8
    endloop
  endfacet
  facet normal -0.3007058164710832 0.9537169453986121 0
    outer loop
      vertex 26.5840402841568 -9.679385237395763 0
      vertex 26.417638085782528 -9.731851652264595 0.8
      vertex 26.5840402841568 -9.679385237395763 0.8
    endloop
  endfacet
  facet normal -0.3826834247884422 0.923879535649637 0
    outer loop
      vertex 26.74523652344942 -9.612615570425987 0
      vertex 26.5840402841568 -9.679385237395763 0.8
      vertex 26.74523652344942 -9.612615570425987 0.8
    endloop
  endfacet
  facet normal -0.4617486194440415 0.887010829946017 0
    outer loop
      vertex 26.899999998509884 -9.532050803303719 0
      vertex 26.74523652344942 -9.612615570425987 0.8
      vertex 26.899999998509884 -9.532050803303719 0.8
    endloop
  endfacet
  facet normal -0.5372995938957162 0.8433914550192563 0
    outer loop
      vertex 27.047152869403362 -9.438304089009762 0
      vertex 26.899999998509884 -9.532050803303719 0.8
      vertex 27.047152869403362 -9.438304089009762 0.8
    endloop
  endfacet
  facet normal -0.6087614496139754 0.7933533244802666 0
    outer loop
      vertex 27.18557521700859 -9.332088880240917 0
      vertex 27.047152869403362 -9.438304089009762 0.8
      vertex 27.18557521700859 -9.332088880240917 0.8
    endloop
  endfacet
  facet normal -0.6755902067746474 0.7372773375807702 0
    outer loop
      vertex 27.314213559031487 -9.21421355754137 0
      vertex 27.18557521700859 -9.332088880240917 0.8
      vertex 27.314213559031487 -9.21421355754137 0.8
    endloop
  endfacet
  facet normal -0.7372773375807702 0.6755902067746474 0
    outer loop
      vertex 27.432088881731033 -9.085575215518475 0
      vertex 27.314213559031487 -9.21421355754137 0.8
      vertex 27.432088881731033 -9.085575215518475 0.8
    endloop
  endfacet
  facet normal -0.7933533244802666 0.6087614496139754 0
    outer loop
      vertex 27.538304090499878 -8.947152867913246 0
      vertex 27.432088881731033 -9.085575215518475 0.8
      vertex 27.538304090499878 -8.947152867913246 0.8
    endloop
  endfacet
  facet normal -0.8433914550192563 0.5372995938957162 0
    outer loop
      vertex 27.632050804793835 -8.799999997019768 0
      vertex 27.538304090499878 -8.947152867913246 0.8
      vertex 27.632050804793835 -8.799999997019768 0.8
    endloop
  endfacet
  facet normal -0.887010829946017 0.4617486194440415 0
    outer loop
      vertex 27.712615571916103 -8.645236521959305 0
      vertex 27.632050804793835 -8.799999997019768 0.8
      vertex 27.712615571916103 -8.645236521959305 0.8
    endloop
  endfacet
  facet normal -0.923879535649637 0.3826834247884422 0
    outer loop
      vertex 27.77938523888588 -8.484040282666683 0
      vertex 27.712615571916103 -8.645236521959305 0.8
      vertex 27.77938523888588 -8.484040282666683 0.8
    endloop
  endfacet
  facet normal -0.9537169453986121 0.3007058164710832 0
    outer loop
      vertex 27.83185165375471 -8.317638084292412 0
      vertex 27.77938523888588 -8.484040282666683 0.8
      vertex 27.83185165375471 -8.317638084292412 0.8
    endloop
  endfacet
  facet normal -0.9762960113487004 0.2164395948633669 0
    outer loop
      vertex 27.869615502655506 -8.147296354174614 0
      vertex 27.83185165375471 -8.317638084292412 0.8
      vertex 27.869615502655506 -8.147296354174614 0.8
    endloop
  endfacet
  facet normal 0.9990482208837145 -0.0436194033554438 0
    outer loop
      vertex 31.100000001490116 -9.399999998509884 0
      vertex 31.100000001490116 -9.399999998509884 0.8
      vertex 31.086300909519196 -9.713760673999786 0.8
    endloop
  endfacet
  facet normal -0.9914448600888599 0.13052620198021944 0
    outer loop
      vertex 27.8923893943429 -7.974311485886574 0
      vertex 27.869615502655506 -8.147296354174614 0.8
      vertex 27.8923893943429 -7.974311485886574 0.8
    endloop
  endfacet
  facet normal -0.9990482215310879 0.04361938852815862 0
    outer loop
      vertex 27.899999998509884 -7.799999997019768 0
      vertex 27.8923893943429 -7.974311485886574 0.8
      vertex 27.899999998509884 -7.799999997019768 0.8
    endloop
  endfacet
  facet normal 0 0 1
    outer loop
      vertex 26.07431148737669 -9.792389392852783 0.8
      vertex 27.5 -13 0.8
      vertex 26.24729635566473 -9.76961550116539 0.8
    endloop
  endfacet
  facet normal 0 0 1
    outer loop
      vertex 26.24729635566473 -9.76961550116539 0.8
      vertex 27.5 -13 0.8
      vertex 26.417638085782528 -9.731851652264595 0.8
    endloop
  endfacet
  facet normal 0 0 1
    outer loop
      vertex 27.5 -13 0.8
      vertex 26.5840402841568 -9.679385237395763 0.8
      vertex 26.417638085782528 -9.731851652264595 0.8
    endloop
  endfacet
  facet normal 0 0 1
    outer loop
      vertex 27.5 -13 0.8
      vertex 26.74523652344942 -9.612615570425987 0.8
      vertex 26.5840402841568 -9.679385237395763 0.8
    endloop
  endfacet
  facet normal 0 0 1
    outer loop
      vertex 27.813760675489902 -12.98630090802908 0.8
      vertex 26.899999998509884 -9.532050803303719 0.8
      vertex 26.74523652344942 -9.612615570425987 0.8
    endloop
  endfacet
  facet normal 0 0 1
    outer loop
      vertex 27.5 -13 0.8
      vertex 27.813760675489902 -12.98630090802908 0.8
      vertex 26.74523652344942 -9.612615570425987 0.8
    endloop
  endfacet
  facet normal 0 0 1
    outer loop
      vertex 27.813760675489902 -12.98630090802908 0.8
      vertex 28.12513343989849 -12.945307910442352 0.8
      vertex 26.899999998509884 -9.532050803303719 0.8
    endloop
  endfacet
  facet normal 0 0 1
    outer loop
      vertex 28.12513343989849 -12.945307910442352 0.8
      vertex 28.431748561561108 -12.877332970499992 0.8
      vertex 27.047152869403362 -9.438304089009762 0.8
    endloop
  endfacet
  facet normal 0 0 1
    outer loop
      vertex 28.431748561561108 -12.877332970499992 0.8
      vertex 28.731272518634796 -12.782893434166908 0.8
      vertex 27.047152869403362 -9.438304089009762 0.8
    endloop
  endfacet
  facet normal 0 0 1
    outer loop
      vertex 28.731272518634796 -12.782893434166908 0.8
      vertex 29.021425738930702 -12.662708029150963 0.8
      vertex 27.047152869403362 -9.438304089009762 0.8
    endloop
  endfacet
  facet normal 0 0 1
    outer loop
      vertex 29.021425738930702 -12.662708029150963 0.8
      vertex 29.299999997019768 -12.51769145578146 0.8
      vertex 27.18557521700859 -9.332088880240917 0.8
    endloop
  endfacet
  facet normal 0 0 1
    outer loop
      vertex 29.299999997019768 -12.51769145578146 0.8
      vertex 29.564875170588493 -12.348947361111641 0.8
      vertex 27.18557521700859 -9.332088880240917 0.8
    endloop
  endfacet
  facet normal 0 0 1
    outer loop
      vertex 28.12513343989849 -12.945307910442352 0.8
      vertex 27.047152869403362 -9.438304089009762 0.8
      vertex 26.899999998509884 -9.532050803303719 0.8
    endloop
  endfacet
  facet normal 0 0 1
    outer loop
      vertex 29.564875170588493 -12.348947361111641 0.8
      vertex 29.814035393297672 -12.157759994268417 0.8
      vertex 27.18557521700859 -9.332088880240917 0.8
    endloop
  endfacet
  facet normal 0 0 1
    outer loop
      vertex 29.814035393297672 -12.157759994268417 0.8
      vertex 30.045584410429 -11.945584408938885 0.8
      vertex 27.314213559031487 -9.21421355754137 0.8
    endloop
  endfacet
  facet normal 0 0 1
    outer loop
      vertex 29.021425738930702 -12.662708029150963 0.8
      vertex 27.18557521700859 -9.332088880240917 0.8
      vertex 27.047152869403362 -9.438304089009762 0.8
    endloop
  endfacet
  facet normal 0 0 1
    outer loop
      vertex 29.814035393297672 -12.157759994268417 0.8
      vertex 27.314213559031487 -9.21421355754137 0.8
      vertex 27.18557521700859 -9.332088880240917 0.8
    endloop
  endfacet
  facet normal 0 0 1
    outer loop
      vertex 30.257759995758533 -11.714035391807556 0.8
      vertex 27.432088881731033 -9.085575215518475 0.8
      vertex 27.314213559031487 -9.21421355754137 0.8
    endloop
  endfacet
  facet normal 0 0 1
    outer loop
      vertex 30.045584410429 -11.945584408938885 0.8
      vertex 30.257759995758533 -11.714035391807556 0.8
      vertex 27.314213559031487 -9.21421355754137 0.8
    endloop
  endfacet
  facet normal 0 0 1
    outer loop
      vertex 30.257759995758533 -11.714035391807556 0.8
      vertex 30.448947362601757 -11.464875169098377 0.8
      vertex 27.432088881731033 -9.085575215518475 0.8
    endloop
  endfacet
  facet normal 0 0 1
    outer loop
      vertex 30.448947362601757 -11.464875169098377 0.8
      vertex 30.617691457271576 -11.199999995529652 0.8
      vertex 27.432088881731033 -9.085575215518475 0.8
    endloop
  endfacet
  facet normal 0 0 1
    outer loop
      vertex 30.617691457271576 -11.199999995529652 0.8
      vertex 30.76270803064108 -10.921425737440586 0.8
      vertex 27.538304090499878 -8.947152867913246 0.8
    endloop
  endfacet
  facet normal 0 0 1
    outer loop
      vertex 30.76270803064108 -10.921425737440586 0.8
      vertex 30.882893435657024 -10.63127251714468 0.8
      vertex 27.538304090499878 -8.947152867913246 0.8
    endloop
  endfacet
  facet normal 0 0 1
    outer loop
      vertex 30.882893435657024 -10.63127251714468 0.8
      vertex 30.97733297199011 -10.331748560070992 0.8
      vertex 27.632050804793835 -8.799999997019768 0.8
    endloop
  endfacet
  facet normal 0 0 1
    outer loop
      vertex 30.617691457271576 -11.199999995529652 0.8
      vertex 27.538304090499878 -8.947152867913246 0.8
      vertex 27.432088881731033 -9.085575215518475 0.8
    endloop
  endfacet
  facet normal 0 0 1
    outer loop
      vertex 30.882893435657024 -10.63127251714468 0.8
      vertex 27.632050804793835 -8.799999997019768 0.8
      vertex 27.538304090499878 -8.947152867913246 0.8
    endloop
  endfacet
  facet normal 0 0 1
    outer loop
      vertex 27.632050804793835 -8.799999997019768 0.8
      vertex 31.086300909519196 -9.713760673999786 0.8
      vertex 27.712615571916103 -8.645236521959305 0.8
    endloop
  endfacet
  facet normal 0 0 1
    outer loop
      vertex 27.712615571916103 -8.645236521959305 0.8
      vertex 31.100000001490116 -9.399999998509884 0.8
      vertex 27.77938523888588 -8.484040282666683 0.8
    endloop
  endfacet
  facet normal 0 0 1
    outer loop
      vertex 27.77938523888588 -8.484040282666683 0.8
      vertex 31.100000001490116 -9.399999998509884 0.8
      vertex 27.83185165375471 -8.317638084292412 0.8
    endloop
  endfacet
  facet normal 0 0 1
    outer loop
      vertex 27.83185165375471 -8.317638084292412 0.8
      vertex 31.100000001490116 -9.399999998509884 0.8
      vertex 27.869615502655506 -8.147296354174614 0.8
    endloop
  endfacet
  facet normal 0 0 1
    outer loop
      vertex 27.869615502655506 -8.147296354174614 0.8
      vertex 31.100000001490116 -9.399999998509884 0.8
      vertex 27.8923893943429 -7.974311485886574 0.8
    endloop
  endfacet
  facet normal 0 0 1
    outer loop
      vertex 31.100000001490116 -9.399999998509884 0.8
      vertex 27.899999998509884 -7.799999997019768 0.8
      vertex 27.8923893943429 -7.974311485886574 0.8
    endloop
  endfacet
  facet normal 0 0 1
    outer loop
      vertex 30.97733297199011 -10.331748560070992 0.8
      vertex 31.04530791193247 -10.025133438408375 0.8
      vertex 27.632050804793835 -8.799999997019768 0.8
    endloop
  endfacet
  facet normal 0 0 1
    outer loop
      vertex 31.04530791193247 -10.025133438408375 0.8
      vertex 31.086300909519196 -9.713760673999786 0.8
      vertex 27.632050804793835 -8.799999997019768 0.8
    endloop
  endfacet
  facet normal 0 0 1
    outer loop
      vertex 27.712615571916103 -8.645236521959305 0.8
      vertex 31.086300909519196 -9.713760673999786 0.8
      vertex 31.100000001490116 -9.399999998509884 0.8
    endloop
  endfacet
  facet normal -1 0 0
    outer loop
      vertex 27.899999998509884 -7.799999997019768 0.8
      vertex 27.899999998509884 -1.8101358643759347 0.8
      vertex 27.899999998509884 -1.8101358643759347 0
    endloop
  endfacet
  facet normal 0 0 1
    outer loop
      vertex 31.100000001490116 -9.399999998509884 0.8
      vertex 29.5952365234814 -1.8126155740732999 0.8
      vertex 27.899999998509884 -7.799999997019768 0.8
    endloop
  endfacet
  facet normal 0 0 1
    outer loop
      vertex 27.899999998509884 -7.799999997019768 0.8
      vertex 28.23236190979496 -1.9318516525781366 0.8
      vertex 28.06595971334866 -1.8793852415718169 0.8
    endloop
  endfacet
  facet normal 0 0 1
    outer loop
      vertex 27.899999998509884 -7.799999997019768 0.8
      vertex 28.40270364466614 -1.969615506024416 0.8
      vertex 28.23236190979496 -1.9318516525781366 0.8
    endloop
  endfacet
  facet normal 0 0 1
    outer loop
      vertex 27.899999998509884 -7.799999997019768 0.8
      vertex 27.9047634765186 -1.8126155740732999 0.8
      vertex 27.899999998509884 -1.8101358643759347 0.8
    endloop
  endfacet
  facet normal 0 0 1
    outer loop
      vertex 27.899999998509884 -7.799999997019768 0.8
      vertex 28.06595971334866 -1.8793852415718169 0.8
      vertex 27.9047634765186 -1.8126155740732999 0.8
    endloop
  endfacet
  facet normal 0 0 1
    outer loop
      vertex 27.899999998509884 -7.799999997019768 0.8
      vertex 28.575688514504684 -1.992389396183491 0.8
      vertex 28.40270364466614 -1.969615506024416 0.8
    endloop
  endfacet
  facet normal 0 0 1
    outer loop
      vertex 27.899999998509884 -7.799999997019768 0.8
      vertex 28.75 -2 0.8
      vertex 28.575688514504684 -1.992389396183491 0.8
    endloop
  endfacet
  facet normal 0 0 1
    outer loop
      vertex 27.899999998509884 -7.799999997019768 0.8
      vertex 28.924311485495316 -1.992389396183491 0.8
      vertex 28.75 -2 0.8
    endloop
  endfacet
  facet normal 0 0 1
    outer loop
      vertex 27.899999998509884 -7.799999997019768 0.8
      vertex 29.09729635533386 -1.969615506024416 0.8
      vertex 28.924311485495316 -1.992389396183491 0.8
    endloop
  endfacet
  facet normal 0 0 1
    outer loop
      vertex 27.899999998509884 -7.799999997019768 0.8
      vertex 29.26763809020504 -1.9318516525781366 0.8
      vertex 29.09729635533386 -1.969615506024416 0.8
    endloop
  endfacet
  facet normal 0 0 1
    outer loop
      vertex 27.899999998509884 -7.799999997019768 0.8
      vertex 29.43404028665134 -1.8793852415718169 0.8
      vertex 29.26763809020504 -1.9318516525781366 0.8
    endloop
  endfacet
  facet normal 0 0 1
    outer loop
      vertex 27.899999998509884 -7.799999997019768 0.8
      vertex 29.5952365234814 -1.8126155740732999 0.8
      vertex 29.43404028665134 -1.8793852415718169 0.8
    endloop
  endfacet
  facet normal 0 0 1
    outer loop
      vertex 31.100000001490116 -9.399999998509884 0.8
      vertex 29.75 -1.7320508075688772 0.8
      vertex 29.5952365234814 -1.8126155740732999 0.8
    endloop
  endfacet
  facet normal 0 0 1
    outer loop
      vertex 31.100000001490116 -9.399999998509884 0.8
      vertex 29.897152872702094 -1.6383040885779836 0.8
      vertex 29.75 -1.7320508075688772 0.8
    endloop
  endfacet
  facet normal 0 0 1
    outer loop
      vertex 31.100000001490116 -9.399999998509884 0.8
      vertex 30.03557521937308 -1.5320888862379562 0.8
      vertex 29.897152872702094 -1.6383040885779836 0.8
    endloop
  endfacet
  facet normal 0 0 1
    outer loop
      vertex 31.100000001490116 -9.399999998509884 0.8
      vertex 30.164213562373096 -1.4142135623730951 0.8
      vertex 30.03557521937308 -1.5320888862379562 0.8
    endloop
  endfacet
  facet normal 0 0 1
    outer loop
      vertex 31.100000001490116 -9.399999998509884 0.8
      vertex 30.282088886237958 -1.2855752193730785 0.8
      vertex 30.164213562373096 -1.4142135623730951 0.8
    endloop
  endfacet
  facet normal 0 0 1
    outer loop
      vertex 31.100000001490116 -9.399999998509884 0.8
      vertex 30.388304088577982 -1.147152872702092 0.8
      vertex 30.282088886237958 -1.2855752193730785 0.8
    endloop
  endfacet
  facet normal 0 0 1
    outer loop
      vertex 31.100000001490116 -9.399999998509884 0.8
      vertex 30.48205080756888 -1 0.8
      vertex 30.388304088577982 -1.147152872702092 0.8
    endloop
  endfacet
  facet normal 0 0 1
    outer loop
      vertex 31.100000001490116 -9.399999998509884 0.8
      vertex 30.5626155740733 -0.8452365234813989 0.8
      vertex 30.48205080756888 -1 0.8
    endloop
  endfacet
  facet normal 0 0 1
    outer loop
      vertex 31.100000001490116 -9.399999998509884 0.8
      vertex 30.629385241571818 -0.6840402866513374 0.8
      vertex 30.5626155740733 -0.8452365234813989 0.8
    endloop
  endfacet
  facet normal 0 0 1
    outer loop
      vertex 31.100000001490116 -9.399999998509884 0.8
      vertex 30.681851652578136 -0.5176380902050415 0.8
      vertex 30.629385241571818 -0.6840402866513374 0.8
    endloop
  endfacet
  facet normal 0 0 1
    outer loop
      vertex 31.100000001490116 -9.399999998509884 0.8
      vertex 30.719615506024414 -0.34729635533386066 0.8
      vertex 30.681851652578136 -0.5176380902050415 0.8
    endloop
  endfacet
  facet normal 0 0 1
    outer loop
      vertex 31.100000001490116 -9.399999998509884 0.8
      vertex 30.74238939618349 -0.17431148549531633 0.8
      vertex 30.719615506024414 -0.34729635533386066 0.8
    endloop
  endfacet
  facet normal 0 0 1
    outer loop
      vertex 31.100000001490116 -9.399999998509884 0.8
      vertex 30.75 0 0.8
      vertex 30.74238939618349 -0.17431148549531633 0.8
    endloop
  endfacet
  facet normal 0 0 -1
    outer loop
      vertex -27.5 13 0
      vertex 26.07431148737669 9.792389392852783 0
      vertex 25.899999998509884 9.799999997019768 0
    endloop
  endfacet
  facet normal 0 0 -1
    outer loop
      vertex -27.5 13 0
      vertex 27.5 13 0
      vertex 26.07431148737669 9.792389392852783 0
    endloop
  endfacet
  facet normal 0 -1 0
    outer loop
      vertex -25.899999998509884 9.799999997019768 0
      vertex 25.899999998509884 9.799999997019768 0
      vertex 25.899999998509884 9.799999997019768 0.8
    endloop
  endfacet
  facet normal 0 1 0
    outer loop
      vertex -27.5 13 0
      vertex 27.5 13 0.8
      vertex 27.5 13 0
    endloop
  endfacet
  facet normal 0 0 -1
    outer loop
      vertex 31.100000001490116 -9.399999998509884 0
      vertex 30.75 0 0
      vertex 31.100000001490116 9.399999998509884 0
    endloop
  endfacet
  facet normal 0 0 -1
    outer loop
      vertex 31.100000001490116 9.399999998509884 0
      vertex 30.75 0 0
      vertex 30.74238939618349 0.17431148549531633 0
    endloop
  endfacet
  facet normal 0 0 -1
    outer loop
      vertex 27.899999998509884 7.799999997019768 0
      vertex 27.9047634765186 1.8126155740732999 0
      vertex 27.899999998509884 1.8101358643759347 0
    endloop
  endfacet
  facet normal 0 0 -1
    outer loop
      vertex 27.899999998509884 7.799999997019768 0
      vertex 28.06595971334866 1.8793852415718169 0
      vertex 27.9047634765186 1.8126155740732999 0
    endloop
  endfacet
  facet normal 0 0 -1
    outer loop
      vertex 27.899999998509884 7.799999997019768 0
      vertex 28.23236190979496 1.9318516525781366 0
      vertex 28.06595971334866 1.8793852415718169 0
    endloop
  endfacet
  facet normal 0 0 -1
    outer loop
      vertex 27.899999998509884 7.799999997019768 0
      vertex 28.40270364466614 1.969615506024416 0
      vertex 28.23236190979496 1.9318516525781366 0
    endloop
  endfacet
  facet normal 0 0 -1
    outer loop
      vertex 27.899999998509884 7.799999997019768 0
      vertex 28.575688514504684 1.992389396183491 0
      vertex 28.40270364466614 1.969615506024416 0
    endloop
  endfacet
  facet normal 0 0 -1
    outer loop
      vertex 27.899999998509884 7.799999997019768 0
      vertex 28.75 2 0
      vertex 28.575688514504684 1.992389396183491 0
    endloop
  endfacet
  facet normal 0 0 -1
    outer loop
      vertex 27.899999998509884 7.799999997019768 0
      vertex 28.924311485495316 1.992389396183491 0
      vertex 28.75 2 0
    endloop
  endfacet
  facet normal 0 0 -1
    outer loop
      vertex 31.100000001490116 9.399999998509884 0
      vertex 30.74238939618349 0.17431148549531633 0
      vertex 30.719615506024414 0.34729635533386066 0
    endloop
  endfacet
  facet normal 0 0 -1
    outer loop
      vertex 31.100000001490116 9.399999998509884 0
      vertex 30.719615506024414 0.34729635533386066 0
      vertex 30.681851652578136 0.5176380902050415 0
    endloop
  endfacet
  facet normal 0 0 -1
    outer loop
      vertex 31.100000001490116 9.399999998509884 0
      vertex 30.681851652578136 0.5176380902050415 0
      vertex 30.629385241571818 0.6840402866513374 0
    endloop
  endfacet
  facet normal 0 0 -1
    outer loop
      vertex 31.100000001490116 9.399999998509884 0
      vertex 30.629385241571818 0.6840402866513374 0
      vertex 30.5626155740733 0.8452365234813989 0
    endloop
  endfacet
  facet normal 0 0 -1
    outer loop
      vertex 31.100000001490116 9.399999998509884 0
      vertex 30.388304088577982 1.147152872702092 0
      vertex 30.282088886237958 1.2855752193730785 0
    endloop
  endfacet
  facet normal 0 0 -1
    outer loop
      vertex 31.100000001490116 9.399999998509884 0
      vertex 30.282088886237958 1.2855752193730785 0
      vertex 30.164213562373096 1.4142135623730951 0
    endloop
  endfacet
  facet normal 0 0 -1
    outer loop
      vertex 31.100000001490116 9.399999998509884 0
      vertex 30.5626155740733 0.8452365234813989 0
      vertex 30.48205080756888 1 0
    endloop
  endfacet
  facet normal 0 0 -1
    outer loop
      vertex 31.100000001490116 9.399999998509884 0
      vertex 30.48205080756888 1 0
      vertex 30.388304088577982 1.147152872702092 0
    endloop
  endfacet
  facet normal 0 0 -1
    outer loop
      vertex 31.100000001490116 9.399999998509884 0
      vertex 29.09729635533386 1.969615506024416 0
      vertex 28.924311485495316 1.992389396183491 0
    endloop
  endfacet
  facet normal 0 0 -1
    outer loop
      vertex 31.100000001490116 9.399999998509884 0
      vertex 29.26763809020504 1.9318516525781366 0
      vertex 29.09729635533386 1.969615506024416 0
    endloop
  endfacet
  facet normal 0 0 -1
    outer loop
      vertex 31.100000001490116 9.399999998509884 0
      vertex 29.5952365234814 1.8126155740732999 0
      vertex 29.43404028665134 1.8793852415718169 0
    endloop
  endfacet
  facet normal 0 0 -1
    outer loop
      vertex 31.100000001490116 9.399999998509884 0
      vertex 29.43404028665134 1.8793852415718169 0
      vertex 29.26763809020504 1.9318516525781366 0
    endloop
  endfacet
  facet normal 0 0 -1
    outer loop
      vertex 31.100000001490116 9.399999998509884 0
      vertex 29.897152872702094 1.6383040885779836 0
      vertex 29.75 1.7320508075688772 0
    endloop
  endfacet
  facet normal 0 0 -1
    outer loop
      vertex 31.100000001490116 9.399999998509884 0
      vertex 30.03557521937308 1.5320888862379562 0
      vertex 29.897152872702094 1.6383040885779836 0
    endloop
  endfacet
  facet normal 0 0 -1
    outer loop
      vertex 31.100000001490116 9.399999998509884 0
      vertex 30.164213562373096 1.4142135623730951 0
      vertex 30.03557521937308 1.5320888862379562 0
    endloop
  endfacet
  facet normal 0 0 -1
    outer loop
      vertex 31.100000001490116 9.399999998509884 0
      vertex 29.75 1.7320508075688772 0
      vertex 29.5952365234814 1.8126155740732999 0
    endloop
  endfacet
  facet normal 0 0 -1
    outer loop
      vertex 27.899999998509884 7.799999997019768 0
      vertex 31.100000001490116 9.399999998509884 0
      vertex 28.924311485495316 1.992389396183491 0
    endloop
  endfacet
  facet normal -1 0 0
    outer loop
      vertex 27.899999998509884 7.799999997019768 0
      vertex 27.899999998509884 1.8101358643759347 0
      vertex 27.899999998509884 1.8101358643759347 0.8
    endloop
  endfacet
  facet normal 0 0 -1
    outer loop
      vertex 27.899999998509884 7.799999997019768 0
      vertex 27.8923893943429 7.974311485886574 0
      vertex 31.100000001490116 9.399999998509884 0
    endloop
  endfacet
  facet normal 0 0 -1
    outer loop
      vertex 27.8923893943429 7.974311485886574 0
      vertex 27.869615502655506 8.147296354174614 0
      vertex 31.100000001490116 9.399999998509884 0
    endloop
  endfacet
  facet normal 0 0 -1
    outer loop
      vertex 27.83185165375471 8.317638084292412 0
      vertex 27.77938523888588 8.484040282666683 0
      vertex 31.100000001490116 9.399999998509884 0
    endloop
  endfacet
  facet normal 0 0 -1
    outer loop
      vertex 27.869615502655506 8.147296354174614 0
      vertex 27.83185165375471 8.317638084292412 0
      vertex 31.100000001490116 9.399999998509884 0
    endloop
  endfacet
  facet normal 0 0 -1
    outer loop
      vertex 27.77938523888588 8.484040282666683 0
      vertex 27.712615571916103 8.645236521959305 0
      vertex 31.100000001490116 9.399999998509884 0
    endloop
  endfacet
  facet normal 0 0 -1
    outer loop
      vertex 27.632050804793835 8.799999997019768 0
      vertex 31.086300909519196 9.713760673999786 0
      vertex 27.712615571916103 8.645236521959305 0
    endloop
  endfacet
  facet normal 0 0 -1
    outer loop
      vertex 27.432088881731033 9.085575215518475 0
      vertex 30.617691457271576 11.199999995529652 0
      vertex 27.538304090499878 8.947152867913246 0
    endloop
  endfacet
  facet normal 0 0 -1
    outer loop
      vertex 27.632050804793835 8.799999997019768 0
      vertex 27.538304090499878 8.947152867913246 0
      vertex 30.882893435657024 10.63127251714468 0
    endloop
  endfacet
  facet normal 0 0 -1
    outer loop
      vertex 27.712615571916103 8.645236521959305 0
      vertex 31.086300909519196 9.713760673999786 0
      vertex 31.100000001490116 9.399999998509884 0
    endloop
  endfacet
  facet normal 0 0 -1
    outer loop
      vertex 27.632050804793835 8.799999997019768 0
      vertex 31.04530791193247 10.025133438408375 0
      vertex 31.086300909519196 9.713760673999786 0
    endloop
  endfacet
  facet normal 0 0 -1
    outer loop
      vertex 27.632050804793835 8.799999997019768 0
      vertex 30.97733297199011 10.331748560070992 0
      vertex 31.04530791193247 10.025133438408375 0
    endloop
  endfacet
  facet normal 0 0 -1
    outer loop
      vertex 26.07431148737669 9.792389392852783 0
      vertex 27.5 13 0
      vertex 26.24729635566473 9.76961550116539 0
    endloop
  endfacet
  facet normal 0 0 -1
    outer loop
      vertex 26.417638085782528 9.731851652264595 0
      vertex 26.24729635566473 9.76961550116539 0
      vertex 27.5 13 0
    endloop
  endfacet
  facet normal 0 0 -1
    outer loop
      vertex 26.5840402841568 9.679385237395763 0
      vertex 27.5 13 0
      vertex 26.74523652344942 9.612615570425987 0
    endloop
  endfacet
  facet normal 0 0 -1
    outer loop
      vertex 26.899999998509884 9.532050803303719 0
      vertex 26.74523652344942 9.612615570425987 0
      vertex 27.813760675489902 12.98630090802908 0
    endloop
  endfacet
  facet normal 0 0 -1
    outer loop
      vertex 26.417638085782528 9.731851652264595 0
      vertex 27.5 13 0
      vertex 26.5840402841568 9.679385237395763 0
    endloop
  endfacet
  facet normal 0 0 -1
    outer loop
      vertex 27.18557521700859 9.332088880240917 0
      vertex 29.814035393297672 12.157759994268417 0
      vertex 27.314213559031487 9.21421355754137 0
    endloop
  endfacet
  facet normal 0 0 -1
    outer loop
      vertex 27.18557521700859 9.332088880240917 0
      vertex 27.047152869403362 9.438304089009762 0
      vertex 29.021425738930702 12.662708029150963 0
    endloop
  endfacet
  facet normal 0 0 -1
    outer loop
      vertex 27.432088881731033 9.085575215518475 0
      vertex 27.314213559031487 9.21421355754137 0
      vertex 30.257759995758533 11.714035391807556 0
    endloop
  endfacet
  facet normal 0 0 -1
    outer loop
      vertex 26.899999998509884 9.532050803303719 0
      vertex 28.12513343989849 12.945307910442352 0
      vertex 27.047152869403362 9.438304089009762 0
    endloop
  endfacet
  facet normal 0 0 -1
    outer loop
      vertex 27.314213559031487 9.21421355754137 0
      vertex 29.814035393297672 12.157759994268417 0
      vertex 30.045584410429 11.945584408938885 0
    endloop
  endfacet
  facet normal 0 0 -1
    outer loop
      vertex 27.18557521700859 9.332088880240917 0
      vertex 29.564875170588493 12.348947361111641 0
      vertex 29.814035393297672 12.157759994268417 0
    endloop
  endfacet
  facet normal 0 0 -1
    outer loop
      vertex 27.632050804793835 8.799999997019768 0
      vertex 30.882893435657024 10.63127251714468 0
      vertex 30.97733297199011 10.331748560070992 0
    endloop
  endfacet
  facet normal 0 0 -1
    outer loop
      vertex 27.538304090499878 8.947152867913246 0
      vertex 30.617691457271576 11.199999995529652 0
      vertex 30.76270803064108 10.921425737440586 0
    endloop
  endfacet
  facet normal 0 0 -1
    outer loop
      vertex 27.538304090499878 8.947152867913246 0
      vertex 30.76270803064108 10.921425737440586 0
      vertex 30.882893435657024 10.63127251714468 0
    endloop
  endfacet
  facet normal 0 0 -1
    outer loop
      vertex 27.432088881731033 9.085575215518475 0
      vertex 30.257759995758533 11.714035391807556 0
      vertex 30.448947362601757 11.464875169098377 0
    endloop
  endfacet
  facet normal 0 0 -1
    outer loop
      vertex 27.432088881731033 9.085575215518475 0
      vertex 30.448947362601757 11.464875169098377 0
      vertex 30.617691457271576 11.199999995529652 0
    endloop
  endfacet
  facet normal 0 0 -1
    outer loop
      vertex 27.314213559031487 9.21421355754137 0
      vertex 30.045584410429 11.945584408938885 0
      vertex 30.257759995758533 11.714035391807556 0
    endloop
  endfacet
  facet normal 0 0 -1
    outer loop
      vertex 27.047152869403362 9.438304089009762 0
      vertex 28.12513343989849 12.945307910442352 0
      vertex 28.431748561561108 12.877332970499992 0
    endloop
  endfacet
  facet normal 0 0 -1
    outer loop
      vertex 27.047152869403362 9.438304089009762 0
      vertex 28.431748561561108 12.877332970499992 0
      vertex 28.731272518634796 12.782893434166908 0
    endloop
  endfacet
  facet normal 0 0 -1
    outer loop
      vertex 26.74523652344942 9.612615570425987 0
      vertex 27.5 13 0
      vertex 27.813760675489902 12.98630090802908 0
    endloop
  endfacet
  facet normal 0 0 -1
    outer loop
      vertex 26.899999998509884 9.532050803303719 0
      vertex 27.813760675489902 12.98630090802908 0
      vertex 28.12513343989849 12.945307910442352 0
    endloop
  endfacet
  facet normal 0 0 -1
    outer loop
      vertex 27.18557521700859 9.332088880240917 0
      vertex 29.021425738930702 12.662708029150963 0
      vertex 29.299999997019768 12.51769145578146 0
    endloop
  endfacet
  facet normal 0 0 -1
    outer loop
      vertex 27.047152869403362 9.438304089009762 0
      vertex 28.731272518634796 12.782893434166908 0
      vertex 29.021425738930702 12.662708029150963 0
    endloop
  endfacet
  facet normal 0 0 -1
    outer loop
      vertex 27.18557521700859 9.332088880240917 0
      vertex 29.299999997019768 12.51769145578146 0
      vertex 29.564875170588493 12.348947361111641 0
    endloop
  endfacet
  facet normal -0.2164395948633669 -0.9762960113487004 0
    outer loop
      vertex 26.417638085782528 9.731851652264595 0
      vertex 26.417638085782528 9.731851652264595 0.8
      vertex 26.24729635566473 9.76961550116539 0
    endloop
  endfacet
  facet normal -0.3826834247884422 -0.923879535649637 0
    outer loop
      vertex 26.5840402841568 9.679385237395763 0
      vertex 26.74523652344942 9.612615570425987 0
      vertex 26.74523652344942 9.612615570425987 0.8
    endloop
  endfacet
  facet normal -0.3007058164710832 -0.9537169453986121 0
    outer loop
      vertex 26.417638085782528 9.731851652264595 0
      vertex 26.5840402841568 9.679385237395763 0
      vertex 26.5840402841568 9.679385237395763 0.8
    endloop
  endfacet
  facet normal -0.6087614496139754 -0.7933533244802666 0
    outer loop
      vertex 27.18557521700859 9.332088880240917 0
      vertex 27.18557521700859 9.332088880240917 0.8
      vertex 27.047152869403362 9.438304089009762 0
    endloop
  endfacet
  facet normal -0.5372995938957162 -0.8433914550192563 0
    outer loop
      vertex 26.899999998509884 9.532050803303719 0
      vertex 27.047152869403362 9.438304089009762 0
      vertex 27.047152869403362 9.438304089009762 0.8
    endloop
  endfacet
  facet normal -0.4617486194440415 -0.887010829946017 0
    outer loop
      vertex 26.899999998509884 9.532050803303719 0
      vertex 26.899999998509884 9.532050803303719 0.8
      vertex 26.74523652344942 9.612615570425987 0
    endloop
  endfacet
  facet normal -0.9990482215310879 -0.04361938852815862 0
    outer loop
      vertex 27.899999998509884 7.799999997019768 0
      vertex 27.899999998509884 7.799999997019768 0.8
      vertex 27.8923893943429 7.974311485886574 0
    endloop
  endfacet
  facet normal -0.9914448600888599 -0.13052620198021944 0
    outer loop
      vertex 27.8923893943429 7.974311485886574 0
      vertex 27.8923893943429 7.974311485886574 0.8
      vertex 27.869615502655506 8.147296354174614 0
    endloop
  endfacet
  facet normal -0.9762960113487004 -0.2164395948633669 0
    outer loop
      vertex 27.869615502655506 8.147296354174614 0
      vertex 27.869615502655506 8.147296354174614 0.8
      vertex 27.83185165375471 8.317638084292412 0
    endloop
  endfacet
  facet normal -0.9537169453986121 -0.3007058164710832 0
    outer loop
      vertex 27.83185165375471 8.317638084292412 0
      vertex 27.83185165375471 8.317638084292412 0.8
      vertex 27.77938523888588 8.484040282666683 0
    endloop
  endfacet
  facet normal -0.887010829946017 -0.4617486194440415 0
    outer loop
      vertex 27.632050804793835 8.799999997019768 0
      vertex 27.712615571916103 8.645236521959305 0
      vertex 27.712615571916103 8.645236521959305 0.8
    endloop
  endfacet
  facet normal -0.8433914550192563 -0.5372995938957162 0
    outer loop
      vertex 27.632050804793835 8.799999997019768 0
      vertex 27.632050804793835 8.799999997019768 0.8
      vertex 27.538304090499878 8.947152867913246 0
    endloop
  endfacet
  facet normal -0.923879535649637 -0.3826834247884422 0
    outer loop
      vertex 27.77938523888588 8.484040282666683 0
      vertex 27.77938523888588 8.484040282666683 0.8
      vertex 27.712615571916103 8.645236521959305 0
    endloop
  endfacet
  facet normal -0.7372773375807702 -0.6755902067746474 0
    outer loop
      vertex 27.432088881731033 9.085575215518475 0
      vertex 27.432088881731033 9.085575215518475 0.8
      vertex 27.314213559031487 9.21421355754137 0
    endloop
  endfacet
  facet normal -0.7933533244802666 -0.6087614496139754 0
    outer loop
      vertex 27.432088881731033 9.085575215518475 0
      vertex 27.538304090499878 8.947152867913246 0
      vertex 27.538304090499878 8.947152867913246 0.8
    endloop
  endfacet
  facet normal -0.6755902067746474 -0.7372773375807702 0
    outer loop
      vertex 27.18557521700859 9.332088880240917 0
      vertex 27.314213559031487 9.21421355754137 0
      vertex 27.314213559031487 9.21421355754137 0.8
    endloop
  endfacet
  facet normal 0.9990482208837145 0.0436194033554438 0
    outer loop
      vertex 31.100000001490116 9.399999998509884 0
      vertex 31.086300909519196 9.713760673999786 0
      vertex 31.100000001490116 9.399999998509884 0.8
    endloop
  endfacet
  facet normal -0.04361938852815862 -0.9990482215310879 0
    outer loop
      vertex 25.899999998509884 9.799999997019768 0
      vertex 26.07431148737669 9.792389392852783 0
      vertex 26.07431148737669 9.792389392852783 0.8
    endloop
  endfacet
  facet normal -0.13052620198021944 -0.9914448600888599 0
    outer loop
      vertex 26.07431148737669 9.792389392852783 0
      vertex 26.24729635566473 9.76961550116539 0
      vertex 26.24729635566473 9.76961550116539 0.8
    endloop
  endfacet
  facet normal 0.9914448632397374 0.130526178046928 0
    outer loop
      vertex 31.086300909519196 9.713760673999786 0
      vertex 31.04530791193247 10.025133438408375 0
      vertex 31.086300909519196 9.713760673999786 0.8
    endloop
  endfacet
  facet normal 0.9762960044392777 0.2164396260297591 0
    outer loop
      vertex 31.04530791193247 10.025133438408375 0
      vertex 30.97733297199011 10.331748560070992 0
      vertex 31.04530791193247 10.025133438408375 0.8
    endloop
  endfacet
  facet normal 0.953716954923665 0.30070578626147504 0
    outer loop
      vertex 30.97733297199011 10.331748560070992 0
      vertex 30.882893435657024 10.63127251714468 0
      vertex 30.97733297199011 10.331748560070992 0.8
    endloop
  endfacet
  facet normal 0.9238795257532219 0.3826834486805013 0
    outer loop
      vertex 30.882893435657024 10.63127251714468 0
      vertex 30.76270803064108 10.921425737440586 0
      vertex 30.882893435657024 10.63127251714468 0.8
    endloop
  endfacet
  facet normal 0.8433914475977988 0.5372996055450713 0
    outer loop
      vertex 30.617691457271576 11.199999995529652 0
      vertex 30.448947362601757 11.464875169098377 0
      vertex 30.617691457271576 11.199999995529652 0.8
    endloop
  endfacet
  facet normal 0.8870108416858266 0.46174859689207676 0
    outer loop
      vertex 30.76270803064108 10.921425737440586 0
      vertex 30.617691457271576 11.199999995529652 0
      vertex 30.76270803064108 10.921425737440586 0.8
    endloop
  endfacet
  facet normal 0.0436194033554438 0.9990482208837145 0
    outer loop
      vertex 27.5 13 0
      vertex 27.813760675489902 12.98630090802908 0.8
      vertex 27.813760675489902 12.98630090802908 0
    endloop
  endfacet
  facet normal 0.130526178046928 0.9914448632397374 0
    outer loop
      vertex 27.813760675489902 12.98630090802908 0
      vertex 28.12513343989849 12.945307910442352 0.8
      vertex 28.12513343989849 12.945307910442352 0
    endloop
  endfacet
  facet normal 0.2164396260297591 0.9762960044392777 0
    outer loop
      vertex 28.12513343989849 12.945307910442352 0
      vertex 28.431748561561108 12.877332970499992 0.8
      vertex 28.431748561561108 12.877332970499992 0
    endloop
  endfacet
  facet normal 0.30070578626147504 0.953716954923665 0
    outer loop
      vertex 28.431748561561108 12.877332970499992 0
      vertex 28.731272518634796 12.782893434166908 0.8
      vertex 28.731272518634796 12.782893434166908 0
    endloop
  endfacet
  facet normal 0.3826834486805013 0.9238795257532219 0
    outer loop
      vertex 28.731272518634796 12.782893434166908 0
      vertex 29.021425738930702 12.662708029150963 0.8
      vertex 29.021425738930702 12.662708029150963 0
    endloop
  endfacet
  facet normal 0.6755902121486581 0.7372773326563969 0
    outer loop
      vertex 30.045584410429 11.945584408938885 0
      vertex 29.814035393297672 12.157759994268417 0
      vertex 30.045584410429 11.945584408938885 0.8
    endloop
  endfacet
  facet normal 0.7933533347126536 0.6087614362788698 0
    outer loop
      vertex 30.448947362601757 11.464875169098377 0
      vertex 30.257759995758533 11.714035391807556 0
      vertex 30.448947362601757 11.464875169098377 0.8
    endloop
  endfacet
  facet normal 0.7372773326563969 0.6755902121486581 0
    outer loop
      vertex 30.045584410429 11.945584408938885 0
      vertex 30.257759995758533 11.714035391807556 0.8
      vertex 30.257759995758533 11.714035391807556 0
    endloop
  endfacet
  facet normal 0.46174859689207676 0.8870108416858266 0
    outer loop
      vertex 29.021425738930702 12.662708029150963 0
      vertex 29.299999997019768 12.51769145578146 0.8
      vertex 29.299999997019768 12.51769145578146 0
    endloop
  endfacet
  facet normal 0.5372996055450713 0.8433914475977988 0
    outer loop
      vertex 29.564875170588493 12.348947361111641 0
      vertex 29.299999997019768 12.51769145578146 0
      vertex 29.564875170588493 12.348947361111641 0.8
    endloop
  endfacet
  facet normal 0.6087614362788698 0.7933533347126536 0
    outer loop
      vertex 29.814035393297672 12.157759994268417 0
      vertex 29.564875170588493 12.348947361111641 0
      vertex 29.814035393297672 12.157759994268417 0.8
    endloop
  endfacet
  facet normal 0 0 1
    outer loop
      vertex -27.5 13 0.8
      vertex 25.899999998509884 9.799999997019768 0.8
      vertex 26.07431148737669 9.792389392852783 0.8
    endloop
  endfacet
  facet normal 0 0 1
    outer loop
      vertex -27.5 13 0.8
      vertex 26.07431148737669 9.792389392852783 0.8
      vertex 27.5 13 0.8
    endloop
  endfacet
  facet normal 1 0 0
    outer loop
      vertex 31.100000001490116 -9.399999998509884 0.8
      vertex 31.100000001490116 9.399999998509884 0
      vertex 31.100000001490116 9.399999998509884 0.8
    endloop
  endfacet
  facet normal -1 0 0
    outer loop
      vertex 27.899999998509884 7.799999997019768 0
      vertex 27.899999998509884 1.8101358643759347 0.8
      vertex 27.899999998509884 7.799999997019768 0.8
    endloop
  endfacet
  facet normal 0 0 1
    outer loop
      vertex 31.100000001490116 -9.399999998509884 0.8
      vertex 31.100000001490116 9.399999998509884 0.8
      vertex 30.75 0 0.8
    endloop
  endfacet
  facet normal 0 0 1
    outer loop
      vertex 31.100000001490116 9.399999998509884 0.8
      vertex 30.74238939618349 0.17431148549531633 0.8
      vertex 30.75 0 0.8
    endloop
  endfacet
  facet normal 0 0 1
    outer loop
      vertex 27.899999998509884 7.799999997019768 0.8
      vertex 27.899999998509884 1.8101358643759347 0.8
      vertex 27.9047634765186 1.8126155740732999 0.8
    endloop
  endfacet
  facet normal 0 0 1
    outer loop
      vertex 27.899999998509884 7.799999997019768 0.8
      vertex 27.9047634765186 1.8126155740732999 0.8
      vertex 28.06595971334866 1.8793852415718169 0.8
    endloop
  endfacet
  facet normal 0 0 1
    outer loop
      vertex 27.899999998509884 7.799999997019768 0.8
      vertex 28.06595971334866 1.8793852415718169 0.8
      vertex 28.23236190979496 1.9318516525781366 0.8
    endloop
  endfacet
  facet normal 0 0 1
    outer loop
      vertex 27.899999998509884 7.799999997019768 0.8
      vertex 28.23236190979496 1.9318516525781366 0.8
      vertex 28.40270364466614 1.969615506024416 0.8
    endloop
  endfacet
  facet normal 0 0 1
    outer loop
      vertex 27.899999998509884 7.799999997019768 0.8
      vertex 28.40270364466614 1.969615506024416 0.8
      vertex 28.575688514504684 1.992389396183491 0.8
    endloop
  endfacet
  facet normal 0 0 1
    outer loop
      vertex 27.899999998509884 7.799999997019768 0.8
      vertex 28.575688514504684 1.992389396183491 0.8
      vertex 28.75 2 0.8
    endloop
  endfacet
  facet normal 0 0 1
    outer loop
      vertex 27.899999998509884 7.799999997019768 0.8
      vertex 28.75 2 0.8
      vertex 28.924311485495316 1.992389396183491 0.8
    endloop
  endfacet
  facet normal 0 0 1
    outer loop
      vertex 27.899999998509884 7.799999997019768 0.8
      vertex 28.924311485495316 1.992389396183491 0.8
      vertex 29.09729635533386 1.969615506024416 0.8
    endloop
  endfacet
  facet normal 0 0 1
    outer loop
      vertex 31.100000001490116 9.399999998509884 0.8
      vertex 30.719615506024414 0.34729635533386066 0.8
      vertex 30.74238939618349 0.17431148549531633 0.8
    endloop
  endfacet
  facet normal 0 0 1
    outer loop
      vertex 31.100000001490116 9.399999998509884 0.8
      vertex 30.681851652578136 0.5176380902050415 0.8
      vertex 30.719615506024414 0.34729635533386066 0.8
    endloop
  endfacet
  facet normal 0 0 1
    outer loop
      vertex 31.100000001490116 9.399999998509884 0.8
      vertex 30.629385241571818 0.6840402866513374 0.8
      vertex 30.681851652578136 0.5176380902050415 0.8
    endloop
  endfacet
  facet normal 0 0 1
    outer loop
      vertex 31.100000001490116 9.399999998509884 0.8
      vertex 30.5626155740733 0.8452365234813989 0.8
      vertex 30.629385241571818 0.6840402866513374 0.8
    endloop
  endfacet
  facet normal 0 0 1
    outer loop
      vertex 31.100000001490116 9.399999998509884 0.8
      vertex 30.282088886237958 1.2855752193730785 0.8
      vertex 30.388304088577982 1.147152872702092 0.8
    endloop
  endfacet
  facet normal 0 0 1
    outer loop
      vertex 31.100000001490116 9.399999998509884 0.8
      vertex 30.164213562373096 1.4142135623730951 0.8
      vertex 30.282088886237958 1.2855752193730785 0.8
    endloop
  endfacet
  facet normal 0 0 1
    outer loop
      vertex 31.100000001490116 9.399999998509884 0.8
      vertex 30.48205080756888 1 0.8
      vertex 30.5626155740733 0.8452365234813989 0.8
    endloop
  endfacet
  facet normal 0 0 1
    outer loop
      vertex 31.100000001490116 9.399999998509884 0.8
      vertex 30.388304088577982 1.147152872702092 0.8
      vertex 30.48205080756888 1 0.8
    endloop
  endfacet
  facet normal 0 0 1
    outer loop
      vertex 31.100000001490116 9.399999998509884 0.8
      vertex 29.09729635533386 1.969615506024416 0.8
      vertex 29.26763809020504 1.9318516525781366 0.8
    endloop
  endfacet
  facet normal 0 0 1
    outer loop
      vertex 31.100000001490116 9.399999998509884 0.8
      vertex 29.43404028665134 1.8793852415718169 0.8
      vertex 29.5952365234814 1.8126155740732999 0.8
    endloop
  endfacet
  facet normal 0 0 1
    outer loop
      vertex 31.100000001490116 9.399999998509884 0.8
      vertex 29.26763809020504 1.9318516525781366 0.8
      vertex 29.43404028665134 1.8793852415718169 0.8
    endloop
  endfacet
  facet normal 0 0 1
    outer loop
      vertex 31.100000001490116 9.399999998509884 0.8
      vertex 29.75 1.7320508075688772 0.8
      vertex 29.897152872702094 1.6383040885779836 0.8
    endloop
  endfacet
  facet normal 0 0 1
    outer loop
      vertex 31.100000001490116 9.399999998509884 0.8
      vertex 29.897152872702094 1.6383040885779836 0.8
      vertex 30.03557521937308 1.5320888862379562 0.8
    endloop
  endfacet
  facet normal 0 0 1
    outer loop
      vertex 31.100000001490116 9.399999998509884 0.8
      vertex 30.03557521937308 1.5320888862379562 0.8
      vertex 30.164213562373096 1.4142135623730951 0.8
    endloop
  endfacet
  facet normal 0 0 1
    outer loop
      vertex 31.100000001490116 9.399999998509884 0.8
      vertex 29.5952365234814 1.8126155740732999 0.8
      vertex 29.75 1.7320508075688772 0.8
    endloop
  endfacet
  facet normal 0 0 1
    outer loop
      vertex 27.899999998509884 7.799999997019768 0.8
      vertex 29.09729635533386 1.969615506024416 0.8
      vertex 31.100000001490116 9.399999998509884 0.8
    endloop
  endfacet
  facet normal -0.3007058164710832 -0.9537169453986121 0
    outer loop
      vertex 26.417638085782528 9.731851652264595 0
      vertex 26.5840402841568 9.679385237395763 0.8
      vertex 26.417638085782528 9.731851652264595 0.8
    endloop
  endfacet
  facet normal -0.3826834247884422 -0.923879535649637 0
    outer loop
      vertex 26.5840402841568 9.679385237395763 0
      vertex 26.74523652344942 9.612615570425987 0.8
      vertex 26.5840402841568 9.679385237395763 0.8
    endloop
  endfacet
  facet normal -0.5372995938957162 -0.8433914550192563 0
    outer loop
      vertex 26.899999998509884 9.532050803303719 0
      vertex 27.047152869403362 9.438304089009762 0.8
      vertex 26.899999998509884 9.532050803303719 0.8
    endloop
  endfacet
  facet normal -0.6087614496139754 -0.7933533244802666 0
    outer loop
      vertex 27.047152869403362 9.438304089009762 0
      vertex 27.18557521700859 9.332088880240917 0.8
      vertex 27.047152869403362 9.438304089009762 0.8
    endloop
  endfacet
  facet normal -0.4617486194440415 -0.887010829946017 0
    outer loop
      vertex 26.74523652344942 9.612615570425987 0
      vertex 26.899999998509884 9.532050803303719 0.8
      vertex 26.74523652344942 9.612615570425987 0.8
    endloop
  endfacet
  facet normal -0.9990482215310879 -0.04361938852815862 0
    outer loop
      vertex 27.8923893943429 7.974311485886574 0
      vertex 27.899999998509884 7.799999997019768 0.8
      vertex 27.8923893943429 7.974311485886574 0.8
    endloop
  endfacet
  facet normal -0.9914448600888599 -0.13052620198021944 0
    outer loop
      vertex 27.869615502655506 8.147296354174614 0
      vertex 27.8923893943429 7.974311485886574 0.8
      vertex 27.869615502655506 8.147296354174614 0.8
    endloop
  endfacet
  facet normal -0.9762960113487004 -0.2164395948633669 0
    outer loop
      vertex 27.83185165375471 8.317638084292412 0
      vertex 27.869615502655506 8.147296354174614 0.8
      vertex 27.83185165375471 8.317638084292412 0.8
    endloop
  endfacet
  facet normal -0.9537169453986121 -0.3007058164710832 0
    outer loop
      vertex 27.77938523888588 8.484040282666683 0
      vertex 27.83185165375471 8.317638084292412 0.8
      vertex 27.77938523888588 8.484040282666683 0.8
    endloop
  endfacet
  facet normal -0.887010829946017 -0.4617486194440415 0
    outer loop
      vertex 27.632050804793835 8.799999997019768 0
      vertex 27.712615571916103 8.645236521959305 0.8
      vertex 27.632050804793835 8.799999997019768 0.8
    endloop
  endfacet
  facet normal -0.8433914550192563 -0.5372995938957162 0
    outer loop
      vertex 27.538304090499878 8.947152867913246 0
      vertex 27.632050804793835 8.799999997019768 0.8
      vertex 27.538304090499878 8.947152867913246 0.8
    endloop
  endfacet
  facet normal -0.923879535649637 -0.3826834247884422 0
    outer loop
      vertex 27.712615571916103 8.645236521959305 0
      vertex 27.77938523888588 8.484040282666683 0.8
      vertex 27.712615571916103 8.645236521959305 0.8
    endloop
  endfacet
  facet normal -0.7933533244802666 -0.6087614496139754 0
    outer loop
      vertex 27.432088881731033 9.085575215518475 0
      vertex 27.538304090499878 8.947152867913246 0.8
      vertex 27.432088881731033 9.085575215518475 0.8
    endloop
  endfacet
  facet normal -0.7372773375807702 -0.6755902067746474 0
    outer loop
      vertex 27.314213559031487 9.21421355754137 0
      vertex 27.432088881731033 9.085575215518475 0.8
      vertex 27.314213559031487 9.21421355754137 0.8
    endloop
  endfacet
  facet normal -0.6755902067746474 -0.7372773375807702 0
    outer loop
      vertex 27.18557521700859 9.332088880240917 0
      vertex 27.314213559031487 9.21421355754137 0.8
      vertex 27.18557521700859 9.332088880240917 0.8
    endloop
  endfacet
  facet normal 0.9990482208837145 0.0436194033554438 0
    outer loop
      vertex 31.086300909519196 9.713760673999786 0
      vertex 31.086300909519196 9.713760673999786 0.8
      vertex 31.100000001490116 9.399999998509884 0.8
    endloop
  endfacet
  facet normal -0.04361938852815862 -0.9990482215310879 0
    outer loop
      vertex 25.899999998509884 9.799999997019768 0
      vertex 26.07431148737669 9.792389392852783 0.8
      vertex 25.899999998509884 9.799999997019768 0.8
    endloop
  endfacet
  facet normal -0.13052620198021944 -0.9914448600888599 0
    outer loop
      vertex 26.07431148737669 9.792389392852783 0
      vertex 26.24729635566473 9.76961550116539 0.8
      vertex 26.07431148737669 9.792389392852783 0.8
    endloop
  endfacet
  facet normal -0.2164395948633669 -0.9762960113487004 0
    outer loop
      vertex 26.24729635566473 9.76961550116539 0
      vertex 26.417638085782528 9.731851652264595 0.8
      vertex 26.24729635566473 9.76961550116539 0.8
    endloop
  endfacet
  facet normal 0.9914448632397374 0.130526178046928 0
    outer loop
      vertex 31.04530791193247 10.025133438408375 0
      vertex 31.04530791193247 10.025133438408375 0.8
      vertex 31.086300909519196 9.713760673999786 0.8
    endloop
  endfacet
  facet normal 0.9762960044392777 0.2164396260297591 0
    outer loop
      vertex 30.97733297199011 10.331748560070992 0
      vertex 30.97733297199011 10.331748560070992 0.8
      vertex 31.04530791193247 10.025133438408375 0.8
    endloop
  endfacet
  facet normal 0.953716954923665 0.30070578626147504 0
    outer loop
      vertex 30.882893435657024 10.63127251714468 0
      vertex 30.882893435657024 10.63127251714468 0.8
      vertex 30.97733297199011 10.331748560070992 0.8
    endloop
  endfacet
  facet normal 0.9238795257532219 0.3826834486805013 0
    outer loop
      vertex 30.76270803064108 10.921425737440586 0
      vertex 30.76270803064108 10.921425737440586 0.8
      vertex 30.882893435657024 10.63127251714468 0.8
    endloop
  endfacet
  facet normal 0.8870108416858266 0.46174859689207676 0
    outer loop
      vertex 30.617691457271576 11.199999995529652 0
      vertex 30.617691457271576 11.199999995529652 0.8
      vertex 30.76270803064108 10.921425737440586 0.8
    endloop
  endfacet
  facet normal 0.0436194033554438 0.9990482208837145 0
    outer loop
      vertex 27.5 13 0
      vertex 27.5 13 0.8
      vertex 27.813760675489902 12.98630090802908 0.8
    endloop
  endfacet
  facet normal 0.130526178046928 0.9914448632397374 0
    outer loop
      vertex 27.813760675489902 12.98630090802908 0
      vertex 27.813760675489902 12.98630090802908 0.8
      vertex 28.12513343989849 12.945307910442352 0.8
    endloop
  endfacet
  facet normal 0.2164396260297591 0.9762960044392777 0
    outer loop
      vertex 28.12513343989849 12.945307910442352 0
      vertex 28.12513343989849 12.945307910442352 0.8
      vertex 28.431748561561108 12.877332970499992 0.8
    endloop
  endfacet
  facet normal 0.30070578626147504 0.953716954923665 0
    outer loop
      vertex 28.431748561561108 12.877332970499992 0
      vertex 28.431748561561108 12.877332970499992 0.8
      vertex 28.731272518634796 12.782893434166908 0.8
    endloop
  endfacet
  facet normal 0.3826834486805013 0.9238795257532219 0
    outer loop
      vertex 28.731272518634796 12.782893434166908 0
      vertex 28.731272518634796 12.782893434166908 0.8
      vertex 29.021425738930702 12.662708029150963 0.8
    endloop
  endfacet
  facet normal 0.46174859689207676 0.8870108416858266 0
    outer loop
      vertex 29.021425738930702 12.662708029150963 0
      vertex 29.021425738930702 12.662708029150963 0.8
      vertex 29.299999997019768 12.51769145578146 0.8
    endloop
  endfacet
  facet normal 0.7372773326563969 0.6755902121486581 0
    outer loop
      vertex 30.045584410429 11.945584408938885 0
      vertex 30.045584410429 11.945584408938885 0.8
      vertex 30.257759995758533 11.714035391807556 0.8
    endloop
  endfacet
  facet normal 0.6755902121486581 0.7372773326563969 0
    outer loop
      vertex 29.814035393297672 12.157759994268417 0
      vertex 29.814035393297672 12.157759994268417 0.8
      vertex 30.045584410429 11.945584408938885 0.8
    endloop
  endfacet
  facet normal 0.8433914475977988 0.5372996055450713 0
    outer loop
      vertex 30.448947362601757 11.464875169098377 0
      vertex 30.448947362601757 11.464875169098377 0.8
      vertex 30.617691457271576 11.199999995529652 0.8
    endloop
  endfacet
  facet normal 0.7933533347126536 0.6087614362788698 0
    outer loop
      vertex 30.257759995758533 11.714035391807556 0
      vertex 30.257759995758533 11.714035391807556 0.8
      vertex 30.448947362601757 11.464875169098377 0.8
    endloop
  endfacet
  facet normal 0.5372996055450713 0.8433914475977988 0
    outer loop
      vertex 29.299999997019768 12.51769145578146 0
      vertex 29.299999997019768 12.51769145578146 0.8
      vertex 29.564875170588493 12.348947361111641 0.8
    endloop
  endfacet
  facet normal 0.6087614362788698 0.7933533347126536 0
    outer loop
      vertex 29.564875170588493 12.348947361111641 0
      vertex 29.564875170588493 12.348947361111641 0.8
      vertex 29.814035393297672 12.157759994268417 0.8
    endloop
  endfacet
  facet normal 0 0 1
    outer loop
      vertex 27.899999998509884 7.799999997019768 0.8
      vertex 31.100000001490116 9.399999998509884 0.8
      vertex 27.8923893943429 7.974311485886574 0.8
    endloop
  endfacet
  facet normal 0 0 1
    outer loop
      vertex 27.8923893943429 7.974311485886574 0.8
      vertex 31.100000001490116 9.399999998509884 0.8
      vertex 27.869615502655506 8.147296354174614 0.8
    endloop
  endfacet
  facet normal 0 0 1
    outer loop
      vertex 27.83185165375471 8.317638084292412 0.8
      vertex 31.100000001490116 9.399999998509884 0.8
      vertex 27.77938523888588 8.484040282666683 0.8
    endloop
  endfacet
  facet normal 0 0 1
    outer loop
      vertex 27.869615502655506 8.147296354174614 0.8
      vertex 31.100000001490116 9.399999998509884 0.8
      vertex 27.83185165375471 8.317638084292412 0.8
    endloop
  endfacet
  facet normal 0 0 1
    outer loop
      vertex 27.77938523888588 8.484040282666683 0.8
      vertex 31.100000001490116 9.399999998509884 0.8
      vertex 27.712615571916103 8.645236521959305 0.8
    endloop
  endfacet
  facet normal 0 0 1
    outer loop
      vertex 27.632050804793835 8.799999997019768 0.8
      vertex 27.712615571916103 8.645236521959305 0.8
      vertex 31.086300909519196 9.713760673999786 0.8
    endloop
  endfacet
  facet normal 0 0 1
    outer loop
      vertex 27.432088881731033 9.085575215518475 0.8
      vertex 27.538304090499878 8.947152867913246 0.8
      vertex 30.617691457271576 11.199999995529652 0.8
    endloop
  endfacet
  facet normal 0 0 1
    outer loop
      vertex 27.632050804793835 8.799999997019768 0.8
      vertex 30.882893435657024 10.63127251714468 0.8
      vertex 27.538304090499878 8.947152867913246 0.8
    endloop
  endfacet
  facet normal 0 0 1
    outer loop
      vertex 27.712615571916103 8.645236521959305 0.8
      vertex 31.100000001490116 9.399999998509884 0.8
      vertex 31.086300909519196 9.713760673999786 0.8
    endloop
  endfacet
  facet normal 0 0 1
    outer loop
      vertex 27.632050804793835 8.799999997019768 0.8
      vertex 31.086300909519196 9.713760673999786 0.8
      vertex 31.04530791193247 10.025133438408375 0.8
    endloop
  endfacet
  facet normal 0 0 1
    outer loop
      vertex 27.632050804793835 8.799999997019768 0.8
      vertex 31.04530791193247 10.025133438408375 0.8
      vertex 30.97733297199011 10.331748560070992 0.8
    endloop
  endfacet
  facet normal 0 0 1
    outer loop
      vertex 26.07431148737669 9.792389392852783 0.8
      vertex 26.24729635566473 9.76961550116539 0.8
      vertex 27.5 13 0.8
    endloop
  endfacet
  facet normal 0 0 1
    outer loop
      vertex 26.417638085782528 9.731851652264595 0.8
      vertex 27.5 13 0.8
      vertex 26.24729635566473 9.76961550116539 0.8
    endloop
  endfacet
  facet normal 0 0 1
    outer loop
      vertex 26.5840402841568 9.679385237395763 0.8
      vertex 26.74523652344942 9.612615570425987 0.8
      vertex 27.5 13 0.8
    endloop
  endfacet
  facet normal 0 0 1
    outer loop
      vertex 26.899999998509884 9.532050803303719 0.8
      vertex 27.813760675489902 12.98630090802908 0.8
      vertex 26.74523652344942 9.612615570425987 0.8
    endloop
  endfacet
  facet normal 0 0 1
    outer loop
      vertex 26.417638085782528 9.731851652264595 0.8
      vertex 26.5840402841568 9.679385237395763 0.8
      vertex 27.5 13 0.8
    endloop
  endfacet
  facet normal 0 0 1
    outer loop
      vertex 27.18557521700859 9.332088880240917 0.8
      vertex 27.314213559031487 9.21421355754137 0.8
      vertex 29.814035393297672 12.157759994268417 0.8
    endloop
  endfacet
  facet normal 0 0 1
    outer loop
      vertex 27.18557521700859 9.332088880240917 0.8
      vertex 29.021425738930702 12.662708029150963 0.8
      vertex 27.047152869403362 9.438304089009762 0.8
    endloop
  endfacet
  facet normal 0 0 1
    outer loop
      vertex 27.432088881731033 9.085575215518475 0.8
      vertex 30.257759995758533 11.714035391807556 0.8
      vertex 27.314213559031487 9.21421355754137 0.8
    endloop
  endfacet
  facet normal 0 0 1
    outer loop
      vertex 26.899999998509884 9.532050803303719 0.8
      vertex 27.047152869403362 9.438304089009762 0.8
      vertex 28.12513343989849 12.945307910442352 0.8
    endloop
  endfacet
  facet normal 0 0 1
    outer loop
      vertex 27.314213559031487 9.21421355754137 0.8
      vertex 30.045584410429 11.945584408938885 0.8
      vertex 29.814035393297672 12.157759994268417 0.8
    endloop
  endfacet
  facet normal 0 0 1
    outer loop
      vertex 27.18557521700859 9.332088880240917 0.8
      vertex 29.814035393297672 12.157759994268417 0.8
      vertex 29.564875170588493 12.348947361111641 0.8
    endloop
  endfacet
  facet normal 0 0 1
    outer loop
      vertex 27.632050804793835 8.799999997019768 0.8
      vertex 30.97733297199011 10.331748560070992 0.8
      vertex 30.882893435657024 10.63127251714468 0.8
    endloop
  endfacet
  facet normal 0 0 1
    outer loop
      vertex 27.538304090499878 8.947152867913246 0.8
      vertex 30.76270803064108 10.921425737440586 0.8
      vertex 30.617691457271576 11.199999995529652 0.8
    endloop
  endfacet
  facet normal 0 0 1
    outer loop
      vertex 27.538304090499878 8.947152867913246 0.8
      vertex 30.882893435657024 10.63127251714468 0.8
      vertex 30.76270803064108 10.921425737440586 0.8
    endloop
  endfacet
  facet normal 0 0 1
    outer loop
      vertex 27.432088881731033 9.085575215518475 0.8
      vertex 30.448947362601757 11.464875169098377 0.8
      vertex 30.257759995758533 11.714035391807556 0.8
    endloop
  endfacet
  facet normal 0 0 1
    outer loop
      vertex 27.432088881731033 9.085575215518475 0.8
      vertex 30.617691457271576 11.199999995529652 0.8
      vertex 30.448947362601757 11.464875169098377 0.8
    endloop
  endfacet
  facet normal 0 0 1
    outer loop
      vertex 27.314213559031487 9.21421355754137 0.8
      vertex 30.257759995758533 11.714035391807556 0.8
      vertex 30.045584410429 11.945584408938885 0.8
    endloop
  endfacet
  facet normal 0 0 1
    outer loop
      vertex 27.047152869403362 9.438304089009762 0.8
      vertex 28.431748561561108 12.877332970499992 0.8
      vertex 28.12513343989849 12.945307910442352 0.8
    endloop
  endfacet
  facet normal 0 0 1
    outer loop
      vertex 27.047152869403362 9.438304089009762 0.8
      vertex 28.731272518634796 12.782893434166908 0.8
      vertex 28.431748561561108 12.877332970499992 0.8
    endloop
  endfacet
  facet normal 0 0 1
    outer loop
      vertex 26.74523652344942 9.612615570425987 0.8
      vertex 27.813760675489902 12.98630090802908 0.8
      vertex 27.5 13 0.8
    endloop
  endfacet
  facet normal 0 0 1
    outer loop
      vertex 26.899999998509884 9.532050803303719 0.8
      vertex 28.12513343989849 12.945307910442352 0.8
      vertex 27.813760675489902 12.98630090802908 0.8
    endloop
  endfacet
  facet normal 0 0 1
    outer loop
      vertex 27.18557521700859 9.332088880240917 0.8
      vertex 29.299999997019768 12.51769145578146 0.8
      vertex 29.021425738930702 12.662708029150963 0.8
    endloop
  endfacet
  facet normal 0 0 1
    outer loop
      vertex 27.047152869403362 9.438304089009762 0.8
      vertex 29.021425738930702 12.662708029150963 0.8
      vertex 28.731272518634796 12.782893434166908 0.8
    endloop
  endfacet
  facet normal 0 0 1
    outer loop
      vertex 27.18557521700859 9.332088880240917 0.8
      vertex 29.564875170588493 12.348947361111641 0.8
      vertex 29.299999997019768 12.51769145578146 0.8
    endloop
  endfacet
endsolid OpenSCAD_Model
