solid OpenSCAD_Model
  facet normal 0 0 1
    outer loop
      vertex -18.121320343559642 16.121320343559642 8
      vertex -18.298133329356936 15.928362829059617 8
      vertex -17.92836282905962 16.298133329356936 8
    endloop
  endfacet
  facet normal 0 0 1
    outer loop
      vertex -17.92836282905962 16.298133329356936 8
      vertex -18.298133329356936 15.928362829059617 8
      vertex -18.457456132866977 15.720729309053137 8
    endloop
  endfacet
  facet normal 0 0 1
    outer loop
      vertex -18.457456132866977 15.720729309053137 8
      vertex -18.598076211353316 15.5 8
      vertex -18.71892336110995 15.267854785222099 8
    endloop
  endfacet
  facet normal 0 0 1
    outer loop
      vertex -18.71892336110995 15.267854785222099 8
      vertex -18.819077862357727 15.026060429977006 8
      vertex -18.897777478867205 14.776457135307563 8
    endloop
  endfacet
  facet normal 0 0 1
    outer loop
      vertex -17.92836282905962 16.298133329356936 8
      vertex -18.71892336110995 15.267854785222099 8
      vertex -19 14 8
    endloop
  endfacet
  facet normal 0 0 1
    outer loop
      vertex -17.92836282905962 16.298133329356936 8
      vertex -18.457456132866977 15.720729309053137 8
      vertex -18.71892336110995 15.267854785222099 8
    endloop
  endfacet
  facet normal 0 0 1
    outer loop
      vertex -17.92836282905962 16.298133329356936 8
      vertex -17.026060429977008 16.819077862357727 8
      vertex -17.5 16.598076211353316 8
    endloop
  endfacet
  facet normal 0 0 1
    outer loop
      vertex -17.5 16.598076211353316 8
      vertex -17.026060429977008 16.819077862357727 8
      vertex -17.2678547852221 16.71892336110995 8
    endloop
  endfacet
  facet normal 0 0 1
    outer loop
      vertex -17.92836282905962 16.298133329356936 8
      vertex -17.5 16.598076211353316 8
      vertex -17.720729309053137 16.457456132866977 8
    endloop
  endfacet
  facet normal 0 0 1
    outer loop
      vertex -17.92836282905962 16.298133329356936 8
      vertex -16 17 8
      vertex -17.026060429977008 16.819077862357727 8
    endloop
  endfacet
  facet normal 0 0 1
    outer loop
      vertex -17.026060429977008 16.819077862357727 8
      vertex -16.52094453300079 16.954423259036624 8
      vertex -16.776457135307563 16.897777478867205 8
    endloop
  endfacet
  facet normal 0 0 1
    outer loop
      vertex -18.71892336110995 15.267854785222099 8
      vertex -18.897777478867205 14.776457135307563 8
      vertex -19 14 8
    endloop
  endfacet
  facet normal 0 0 1
    outer loop
      vertex -18.897777478867205 14.776457135307563 8
      vertex -18.954423259036624 14.52094453300079 8
      vertex -19 14 8
    endloop
  endfacet
  facet normal 0 0 1
    outer loop
      vertex -18.954423259036624 14.52094453300079 8
      vertex -18.988584094275236 14.261467228242974 8
      vertex -19 14 8
    endloop
  endfacet
  facet normal 0 0 1
    outer loop
      vertex -17.92836282905962 16.298133329356936 8
      vertex -19 14 8
      vertex -19 9.315928787995578 8
    endloop
  endfacet
  facet normal 0 0 1
    outer loop
      vertex -17.026060429977008 16.819077862357727 8
      vertex -16 17 8
      vertex -16.52094453300079 16.954423259036624 8
    endloop
  endfacet
  facet normal 0 0 1
    outer loop
      vertex -16.52094453300079 16.954423259036624 8
      vertex -16 17 8
      vertex -16.261467228242974 16.988584094275236 8
    endloop
  endfacet
  facet normal 0 0 1
    outer loop
      vertex -17.92836282905962 16.298133329356936 8
      vertex -14.25 12.4 8
      vertex -14.25 15.6 8
    endloop
  endfacet
  facet normal -1 0 0
    outer loop
      vertex -19 14 8
      vertex -19 9.177222981616737 7.893567291376131
      vertex -19 9.315928787995578 8
    endloop
  endfacet
  facet normal 0 0 1
    outer loop
      vertex -17.92836282905962 16.298133329356936 8
      vertex -19 9.315928787995578 8
      vertex -14.25 12.4 8
    endloop
  endfacet
  facet normal -1 0 0
    outer loop
      vertex -19 14 8
      vertex -19 8 7.1435935394489825
      vertex -19 9.177222981616737 7.893567291376131
    endloop
  endfacet
  facet normal -1 0 0
    outer loop
      vertex -19 14 8
      vertex -19 6.761892187851191 6.499075407413601
      vertex -19 8 7.1435935394489825
    endloop
  endfacet
  facet normal -1 0 0
    outer loop
      vertex -19 14 8
      vertex -19 5.472322293210699 5.964918067425465
      vertex -19 6.761892187851191 6.499075407413601
    endloop
  endfacet
  facet normal 0 0 1
    outer loop
      vertex -17.92836282905962 16.298133329356936 8
      vertex -14.25 15.6 8
      vertex -9.75 15.6 8
    endloop
  endfacet
  facet normal -0.7372773368101185 0.6755902076156661 0
    outer loop
      vertex -18.121320343559642 16.121320343559642 8
      vertex -18.298133329356936 15.928362829059617 0
      vertex -18.298133329356936 15.928362829059617 8
    endloop
  endfacet
  facet normal -0.6755902076156696 0.7372773368101154 0
    outer loop
      vertex -18.121320343559642 16.121320343559642 8
      vertex -17.92836282905962 16.298133329356936 8
      vertex -17.92836282905962 16.298133329356936 0
    endloop
  endfacet
  facet normal -0.8433914458128865 0.5372996083468223 0
    outer loop
      vertex -18.457456132866977 15.720729309053137 8
      vertex -18.457456132866977 15.720729309053137 0
      vertex -18.598076211353316 15.5 8
    endloop
  endfacet
  facet normal -0.9238795325112865 0.3826834323650902 0
    outer loop
      vertex -18.71892336110995 15.267854785222099 8
      vertex -18.71892336110995 15.267854785222099 0
      vertex -18.819077862357727 15.026060429977006 8
    endloop
  endfacet
  facet normal -0.8870108331782197 0.4617486132350378 0
    outer loop
      vertex -18.598076211353316 15.5 8
      vertex -18.71892336110995 15.267854785222099 0
      vertex -18.71892336110995 15.267854785222099 8
    endloop
  endfacet
  facet normal -0.7933533402912375 0.6087614290087174 0
    outer loop
      vertex -18.457456132866977 15.720729309053137 8
      vertex -18.298133329356936 15.928362829059617 8
      vertex -18.298133329356936 15.928362829059617 0
    endloop
  endfacet
  facet normal -0.5372996083468223 0.8433914458128865 0
    outer loop
      vertex -17.5 16.598076211353316 8
      vertex -17.720729309053137 16.457456132866977 0
      vertex -17.720729309053137 16.457456132866977 8
    endloop
  endfacet
  facet normal -0.4617486132350378 0.8870108331782197 0
    outer loop
      vertex -17.5 16.598076211353316 8
      vertex -17.2678547852221 16.71892336110995 8
      vertex -17.2678547852221 16.71892336110995 0
    endloop
  endfacet
  facet normal -0.6087614290087142 0.79335334029124 0
    outer loop
      vertex -17.92836282905962 16.298133329356936 8
      vertex -17.720729309053137 16.457456132866977 8
      vertex -17.720729309053137 16.457456132866977 0
    endloop
  endfacet
  facet normal -0.38268343236509267 0.9238795325112856 0
    outer loop
      vertex -17.2678547852221 16.71892336110995 8
      vertex -17.026060429977008 16.819077862357727 8
      vertex -17.2678547852221 16.71892336110995 0
    endloop
  endfacet
  facet normal -0.3007057995042677 0.9537169507482287 0
    outer loop
      vertex -17.026060429977008 16.819077862357727 8
      vertex -16.776457135307563 16.897777478867205 8
      vertex -16.776457135307563 16.897777478867205 0
    endloop
  endfacet
  facet normal -0.21643961393809844 0.9762960071199344 0
    outer loop
      vertex -16.776457135307563 16.897777478867205 8
      vertex -16.52094453300079 16.954423259036624 8
      vertex -16.776457135307563 16.897777478867205 0
    endloop
  endfacet
  facet normal -0.9537169507482282 0.3007057995042696 0
    outer loop
      vertex -18.819077862357727 15.026060429977006 8
      vertex -18.897777478867205 14.776457135307563 0
      vertex -18.897777478867205 14.776457135307563 8
    endloop
  endfacet
  facet normal -0.9762960071199344 0.21643961393809844 0
    outer loop
      vertex -18.897777478867205 14.776457135307563 8
      vertex -18.897777478867205 14.776457135307563 0
      vertex -18.954423259036624 14.52094453300079 8
    endloop
  endfacet
  facet normal -0.9914448613738104 0.13052619222005213 0
    outer loop
      vertex -18.954423259036624 14.52094453300079 8
      vertex -18.954423259036624 14.52094453300079 0
      vertex -18.988584094275236 14.261467228242974 8
    endloop
  endfacet
  facet normal -0.9990482215818577 0.043619387365338415 0
    outer loop
      vertex -18.988584094275236 14.261467228242974 8
      vertex -19 14 0
      vertex -19 14 8
    endloop
  endfacet
  facet normal -0.13052619222005213 0.9914448613738104 0
    outer loop
      vertex -16.52094453300079 16.954423259036624 8
      vertex -16.261467228242974 16.988584094275236 8
      vertex -16.261467228242974 16.988584094275236 0
    endloop
  endfacet
  facet normal -0.043619387365338415 0.9990482215818577 0
    outer loop
      vertex -16.261467228242974 16.988584094275236 8
      vertex -16 17 8
      vertex -16.261467228242974 16.988584094275236 0
    endloop
  endfacet
  facet normal -1 0 0
    outer loop
      vertex -19 14 8
      vertex -19 4.141104721640332 5.545186779374907
      vertex -19 5.472322293210699 5.964918067425465
    endloop
  endfacet
  facet normal -1 0 0
    outer loop
      vertex -19 14 8
      vertex -19 -14 0
      vertex -19 4.141104721640332 5.545186779374907
    endloop
  endfacet
  facet normal 0 0 1
    outer loop
      vertex -17.92836282905962 16.298133329356936 8
      vertex -9.75 15.6 8
      vertex 9.75 15.6 8
    endloop
  endfacet
  facet normal 0 0 1
    outer loop
      vertex -17.92836282905962 16.298133329356936 8
      vertex 17.92836282905962 16.298133329356936 8
      vertex -16 17 8
    endloop
  endfacet
  facet normal 0 0 1
    outer loop
      vertex 9.75 15.6 8
      vertex -9.75 15.6 8
      vertex -9.75 12.4 8
    endloop
  endfacet
  facet normal 0 0 1
    outer loop
      vertex 19 9.315928787995578 8
      vertex -14.25 12.4 8
      vertex -19 9.315928787995578 8
    endloop
  endfacet
  facet normal 0 0 1
    outer loop
      vertex 19 9.315928787995578 8
      vertex -9.75 12.4 8
      vertex -14.25 12.4 8
    endloop
  endfacet
  facet normal -0.7372773368101185 0.6755902076156661 0
    outer loop
      vertex -18.121320343559642 16.121320343559642 8
      vertex -18.121320343559642 16.121320343559642 0
      vertex -18.298133329356936 15.928362829059617 0
    endloop
  endfacet
  facet normal -0.6087614290087142 0.79335334029124 0
    outer loop
      vertex -17.92836282905962 16.298133329356936 8
      vertex -17.720729309053137 16.457456132866977 0
      vertex -17.92836282905962 16.298133329356936 0
    endloop
  endfacet
  facet normal -0.6755902076156696 0.7372773368101154 0
    outer loop
      vertex -18.121320343559642 16.121320343559642 8
      vertex -17.92836282905962 16.298133329356936 0
      vertex -18.121320343559642 16.121320343559642 0
    endloop
  endfacet
  facet normal -0.8870108331782197 0.4617486132350378 0
    outer loop
      vertex -18.598076211353316 15.5 8
      vertex -18.598076211353316 15.5 0
      vertex -18.71892336110995 15.267854785222099 0
    endloop
  endfacet
  facet normal -0.8433914458128865 0.5372996083468223 0
    outer loop
      vertex -18.598076211353316 15.5 8
      vertex -18.457456132866977 15.720729309053137 0
      vertex -18.598076211353316 15.5 0
    endloop
  endfacet
  facet normal -0.9238795325112865 0.3826834323650902 0
    outer loop
      vertex -18.819077862357727 15.026060429977006 8
      vertex -18.71892336110995 15.267854785222099 0
      vertex -18.819077862357727 15.026060429977006 0
    endloop
  endfacet
  facet normal -0.9537169507482282 0.3007057995042696 0
    outer loop
      vertex -18.819077862357727 15.026060429977006 8
      vertex -18.819077862357727 15.026060429977006 0
      vertex -18.897777478867205 14.776457135307563 0
    endloop
  endfacet
  facet normal -0.7933533402912375 0.6087614290087174 0
    outer loop
      vertex -18.457456132866977 15.720729309053137 8
      vertex -18.298133329356936 15.928362829059617 0
      vertex -18.457456132866977 15.720729309053137 0
    endloop
  endfacet
  facet normal -0.5372996083468223 0.8433914458128865 0
    outer loop
      vertex -17.5 16.598076211353316 8
      vertex -17.5 16.598076211353316 0
      vertex -17.720729309053137 16.457456132866977 0
    endloop
  endfacet
  facet normal -0.4617486132350378 0.8870108331782197 0
    outer loop
      vertex -17.5 16.598076211353316 8
      vertex -17.2678547852221 16.71892336110995 0
      vertex -17.5 16.598076211353316 0
    endloop
  endfacet
  facet normal -0.38268343236509267 0.9238795325112856 0
    outer loop
      vertex -17.026060429977008 16.819077862357727 8
      vertex -17.026060429977008 16.819077862357727 0
      vertex -17.2678547852221 16.71892336110995 0
    endloop
  endfacet
  facet normal -0.3007057995042677 0.9537169507482287 0
    outer loop
      vertex -17.026060429977008 16.819077862357727 8
      vertex -16.776457135307563 16.897777478867205 0
      vertex -17.026060429977008 16.819077862357727 0
    endloop
  endfacet
  facet normal -0.9762960071199344 0.21643961393809844 0
    outer loop
      vertex -18.954423259036624 14.52094453300079 8
      vertex -18.897777478867205 14.776457135307563 0
      vertex -18.954423259036624 14.52094453300079 0
    endloop
  endfacet
  facet normal -0.9914448613738104 0.13052619222005213 0
    outer loop
      vertex -18.988584094275236 14.261467228242974 8
      vertex -18.954423259036624 14.52094453300079 0
      vertex -18.988584094275236 14.261467228242974 0
    endloop
  endfacet
  facet normal -0.9990482215818577 0.043619387365338415 0
    outer loop
      vertex -18.988584094275236 14.261467228242974 8
      vertex -18.988584094275236 14.261467228242974 0
      vertex -19 14 0
    endloop
  endfacet
  facet normal -0.21643961393809844 0.9762960071199344 0
    outer loop
      vertex -16.52094453300079 16.954423259036624 8
      vertex -16.52094453300079 16.954423259036624 0
      vertex -16.776457135307563 16.897777478867205 0
    endloop
  endfacet
  facet normal -0.13052619222005213 0.9914448613738104 0
    outer loop
      vertex -16.52094453300079 16.954423259036624 8
      vertex -16.261467228242974 16.988584094275236 0
      vertex -16.52094453300079 16.954423259036624 0
    endloop
  endfacet
  facet normal -0.043619387365338415 0.9990482215818577 0
    outer loop
      vertex -16 17 8
      vertex -16 17 0
      vertex -16.261467228242974 16.988584094275236 0
    endloop
  endfacet
  facet normal 0 0 -1
    outer loop
      vertex -18.121320343559642 16.121320343559642 0
      vertex -17.92836282905962 16.298133329356936 0
      vertex -18.298133329356936 15.928362829059617 0
    endloop
  endfacet
  facet normal 0 0 -1
    outer loop
      vertex -18.457456132866977 15.720729309053137 0
      vertex -18.71892336110995 15.267854785222099 0
      vertex -18.598076211353316 15.5 0
    endloop
  endfacet
  facet normal 0 0 -1
    outer loop
      vertex -18.457456132866977 15.720729309053137 0
      vertex -18.298133329356936 15.928362829059617 0
      vertex -18.71892336110995 15.267854785222099 0
    endloop
  endfacet
  facet normal 0 0 -1
    outer loop
      vertex -18.71892336110995 15.267854785222099 0
      vertex -18.897777478867205 14.776457135307563 0
      vertex -18.819077862357727 15.026060429977006 0
    endloop
  endfacet
  facet normal 0 0 -1
    outer loop
      vertex -17.92836282905962 16.298133329356936 0
      vertex -19 14 0
      vertex -18.71892336110995 15.267854785222099 0
    endloop
  endfacet
  facet normal 0 0 -1
    outer loop
      vertex -17.92836282905962 16.298133329356936 0
      vertex -18.71892336110995 15.267854785222099 0
      vertex -18.298133329356936 15.928362829059617 0
    endloop
  endfacet
  facet normal 0 0 -1
    outer loop
      vertex -17.92836282905962 16.298133329356936 0
      vertex -17.5 16.598076211353316 0
      vertex -17.026060429977008 16.819077862357727 0
    endloop
  endfacet
  facet normal 0 0 -1
    outer loop
      vertex -17.5 16.598076211353316 0
      vertex -17.2678547852221 16.71892336110995 0
      vertex -17.026060429977008 16.819077862357727 0
    endloop
  endfacet
  facet normal 0 0 -1
    outer loop
      vertex -17.92836282905962 16.298133329356936 0
      vertex -17.720729309053137 16.457456132866977 0
      vertex -17.5 16.598076211353316 0
    endloop
  endfacet
  facet normal 0 0 -1
    outer loop
      vertex -17.92836282905962 16.298133329356936 0
      vertex -17.026060429977008 16.819077862357727 0
      vertex -16 17 0
    endloop
  endfacet
  facet normal 0 0 -1
    outer loop
      vertex -17.026060429977008 16.819077862357727 0
      vertex -16.776457135307563 16.897777478867205 0
      vertex -16.52094453300079 16.954423259036624 0
    endloop
  endfacet
  facet normal 0 0 -1
    outer loop
      vertex -18.71892336110995 15.267854785222099 0
      vertex -19 14 0
      vertex -18.897777478867205 14.776457135307563 0
    endloop
  endfacet
  facet normal 0 0 -1
    outer loop
      vertex -18.897777478867205 14.776457135307563 0
      vertex -19 14 0
      vertex -18.954423259036624 14.52094453300079 0
    endloop
  endfacet
  facet normal 0 0 -1
    outer loop
      vertex -18.954423259036624 14.52094453300079 0
      vertex -19 14 0
      vertex -18.988584094275236 14.261467228242974 0
    endloop
  endfacet
  facet normal 0 0 -1
    outer loop
      vertex -17.026060429977008 16.819077862357727 0
      vertex -16.52094453300079 16.954423259036624 0
      vertex -16 17 0
    endloop
  endfacet
  facet normal 0 0 -1
    outer loop
      vertex -16.52094453300079 16.954423259036624 0
      vertex -16.261467228242974 16.988584094275236 0
      vertex -16 17 0
    endloop
  endfacet
  facet normal 0 0 -1
    outer loop
      vertex -17.92836282905962 16.298133329356936 0
      vertex -14.25 15.6 0
      vertex -14.25 12.4 0
    endloop
  endfacet
  facet normal 0 0 -1
    outer loop
      vertex -17.92836282905962 16.298133329356936 0
      vertex -14.25 12.4 0
      vertex -11.973354503650407 0.7182423009839043 0
    endloop
  endfacet
  facet normal 0 0 -1
    outer loop
      vertex -14.25 12.4 0
      vertex -13.640316629383648 12.4 0
      vertex -11.204510516337196 1.720219293006883 0
    endloop
  endfacet
  facet normal -1 0 0
    outer loop
      vertex -19 14 8
      vertex -19 14 0
      vertex -19 -14 0
    endloop
  endfacet
  facet normal 0 0 -1
    outer loop
      vertex -17.92836282905962 16.298133329356936 0
      vertex -19 -14 0
      vertex -19 14 0
    endloop
  endfacet
  facet normal 0 0 -1
    outer loop
      vertex -17.92836282905962 16.298133329356936 0
      vertex -11.973354503650407 0.7182423009839043 0
      vertex -17.92836282905962 -16.298133329356936 0
    endloop
  endfacet
  facet normal 0 0 -1
    outer loop
      vertex -13.640316629383648 12.4 0
      vertex -11.05 1.818653347947321 0
      vertex -11.204510516337196 1.720219293006883 0
    endloop
  endfacet
  facet normal 0 0 -1
    outer loop
      vertex -14.25 12.4 0
      vertex -11.608693330549855 1.3498539803417324 0
      vertex -11.720219293006883 1.2045105163371967 0
    endloop
  endfacet
  facet normal 0 0 -1
    outer loop
      vertex -14.25 12.4 0
      vertex -11.720219293006883 1.2045105163371967 0
      vertex -11.818653347947322 1.05 0
    endloop
  endfacet
  facet normal 0 0 -1
    outer loop
      vertex -14.25 12.4 0
      vertex -11.903246352776964 0.8874983496554688 0
      vertex -11.973354503650407 0.7182423009839043 0
    endloop
  endfacet
  facet normal 0 0 -1
    outer loop
      vertex -14.25 12.4 0
      vertex -11.818653347947322 1.05 0
      vertex -11.903246352776964 0.8874983496554688 0
    endloop
  endfacet
  facet normal 0 0 -1
    outer loop
      vertex -14.25 12.4 0
      vertex -11.48492424049175 1.48492424049175 0
      vertex -11.608693330549855 1.3498539803417324 0
    endloop
  endfacet
  facet normal 0 0 -1
    outer loop
      vertex -14.25 12.4 0
      vertex -11.349853980341733 1.608693330549854 0
      vertex -11.48492424049175 1.48492424049175 0
    endloop
  endfacet
  facet normal 0 0 -1
    outer loop
      vertex -14.25 12.4 0
      vertex -11.204510516337196 1.720219293006883 0
      vertex -11.349853980341733 1.608693330549854 0
    endloop
  endfacet
  facet normal 0 0 -1
    outer loop
      vertex -13.640316629383648 12.4 0
      vertex -10.887498349655468 1.903246352776965 0
      vertex -11.05 1.818653347947321 0
    endloop
  endfacet
  facet normal 0 0 -1
    outer loop
      vertex -13.640316629383648 12.4 0
      vertex -10.718242300983905 1.9733545036504079 0
      vertex -10.887498349655468 1.903246352776965 0
    endloop
  endfacet
  facet normal 0 0 -1
    outer loop
      vertex -13.640316629383648 12.4 0
      vertex -10.543519994715293 2.0284442352070435 0
      vertex -10.718242300983905 1.9733545036504079 0
    endloop
  endfacet
  facet normal 0 0 -1
    outer loop
      vertex -13.640316629383648 12.4 0
      vertex -10.364661173100554 2.0680962813256367 0
      vertex -10.543519994715293 2.0284442352070435 0
    endloop
  endfacet
  facet normal 0 0 -1
    outer loop
      vertex -13.640316629383648 12.4 0
      vertex -10.183027059770081 2.092008865992666 0
      vertex -10.364661173100554 2.0680962813256367 0
    endloop
  endfacet
  facet normal 0 0 -1
    outer loop
      vertex -13.640316629383648 12.4 0
      vertex -10 2.1 0
      vertex -10.183027059770081 2.092008865992666 0
    endloop
  endfacet
  facet normal 0 0 -1
    outer loop
      vertex -13.640316629383648 12.4 0
      vertex -9.816972940229919 2.092008865992666 0
      vertex -10 2.1 0
    endloop
  endfacet
  facet normal 0 0 -1
    outer loop
      vertex -13.640316629383648 12.4 0
      vertex -9.635338826899446 2.0680962813256367 0
      vertex -9.816972940229919 2.092008865992666 0
    endloop
  endfacet
  facet normal 0 0 -1
    outer loop
      vertex -13.640316629383648 12.4 0
      vertex -9.456480005284707 2.0284442352070435 0
      vertex -9.635338826899446 2.0680962813256367 0
    endloop
  endfacet
  facet normal 0 0 -1
    outer loop
      vertex -13.640316629383648 12.4 0
      vertex -9.281757699016095 1.9733545036504079 0
      vertex -9.456480005284707 2.0284442352070435 0
    endloop
  endfacet
  facet normal 0 0 -1
    outer loop
      vertex -13.640316629383648 12.4 0
      vertex -9.112501650344532 1.903246352776965 0
      vertex -9.281757699016095 1.9733545036504079 0
    endloop
  endfacet
  facet normal 0 0 -1
    outer loop
      vertex -13.640316629383648 12.4 0
      vertex -8.95 1.818653347947321 0
      vertex -9.112501650344532 1.903246352776965 0
    endloop
  endfacet
  facet normal 0 0 -1
    outer loop
      vertex -13.640316629383648 12.4 0
      vertex -8.795489483662804 1.720219293006883 0
      vertex -8.95 1.818653347947321 0
    endloop
  endfacet
  facet normal 0 0 -1
    outer loop
      vertex -13.640316629383648 12.4 0
      vertex -8.650146019658267 1.608693330549854 0
      vertex -8.795489483662804 1.720219293006883 0
    endloop
  endfacet
  facet normal 0 0 -1
    outer loop
      vertex -13.640316629383648 12.4 0
      vertex -8.51507575950825 1.48492424049175 0
      vertex -8.650146019658267 1.608693330549854 0
    endloop
  endfacet
  facet normal 0 0 -1
    outer loop
      vertex -13.640316629383648 12.4 0
      vertex -8.391306669450145 1.3498539803417324 0
      vertex -8.51507575950825 1.48492424049175 0
    endloop
  endfacet
  facet normal 0 0 -1
    outer loop
      vertex -13.640316629383648 12.4 0
      vertex -8.279780706993117 1.2045105163371967 0
      vertex -8.391306669450145 1.3498539803417324 0
    endloop
  endfacet
  facet normal 0 0 -1
    outer loop
      vertex -13.640316629383648 12.4 0
      vertex -8.181346652052678 1.05 0
      vertex -8.279780706993117 1.2045105163371967 0
    endloop
  endfacet
  facet normal 0 0 -1
    outer loop
      vertex -13.640316629383648 12.4 0
      vertex -8.096753647223036 0.8874983496554688 0
      vertex -8.181346652052678 1.05 0
    endloop
  endfacet
  facet normal 0 1 0
    outer loop
      vertex -16 17 8
      vertex 16 17 0
      vertex -16 17 0
    endloop
  endfacet
  facet normal 0 0 -1
    outer loop
      vertex -17.92836282905962 16.298133329356936 0
      vertex -16 17 0
      vertex 17.92836282905962 16.298133329356936 0
    endloop
  endfacet
  facet normal 0 0 -1
    outer loop
      vertex -17.92836282905962 16.298133329356936 0
      vertex 17.92836282905962 16.298133329356936 0
      vertex -14.25 15.6 0
    endloop
  endfacet
  facet normal 0 0 -1
    outer loop
      vertex -9.75 15.6 0
      vertex 9.75 12.4 0
      vertex -9.75 12.4 0
    endloop
  endfacet
  facet normal 0 0 -1
    outer loop
      vertex 17.92836282905962 16.298133329356936 0
      vertex -9.75 15.6 0
      vertex -14.25 15.6 0
    endloop
  endfacet
  facet normal 0 0 -1
    outer loop
      vertex -13.640316629383648 12.4 0
      vertex -9.75 12.4 0
      vertex 8.795489483662804 -1.720219293006883 0
    endloop
  endfacet
  facet normal 0 0 -1
    outer loop
      vertex -13.640316629383648 12.4 0
      vertex 9.75 -12.4 0
      vertex -8.096753647223036 0.8874983496554688 0
    endloop
  endfacet
  facet normal 0 0 1
    outer loop
      vertex -19 -14 8
      vertex -18.988584094275236 -14.261467228242974 8
      vertex -19 -9.315928787995578 8
    endloop
  endfacet
  facet normal 0 0 1
    outer loop
      vertex -19 -9.315928787995578 8
      vertex -14.25 -12.4 8
      vertex -9.75 -12.4 8
    endloop
  endfacet
  facet normal 0 0 1
    outer loop
      vertex -18.988584094275236 -14.261467228242974 8
      vertex -16 -17 8
      vertex -19 -9.315928787995578 8
    endloop
  endfacet
  facet normal 0 0 1
    outer loop
      vertex -18.988584094275236 -14.261467228242974 8
      vertex -18.954423259036624 -14.52094453300079 8
      vertex -18.897777478867205 -14.776457135307563 8
    endloop
  endfacet
  facet normal 0 0 1
    outer loop
      vertex -18.988584094275236 -14.261467228242974 8
      vertex -18.897777478867205 -14.776457135307563 8
      vertex -18.71892336110995 -15.267854785222099 8
    endloop
  endfacet
  facet normal 0 0 1
    outer loop
      vertex -18.897777478867205 -14.776457135307563 8
      vertex -18.819077862357727 -15.026060429977006 8
      vertex -18.71892336110995 -15.267854785222099 8
    endloop
  endfacet
  facet normal 0 0 1
    outer loop
      vertex -18.988584094275236 -14.261467228242974 8
      vertex -18.71892336110995 -15.267854785222099 8
      vertex -18.121320343559642 -16.121320343559642 8
    endloop
  endfacet
  facet normal 0 0 1
    outer loop
      vertex -18.71892336110995 -15.267854785222099 8
      vertex -18.598076211353316 -15.5 8
      vertex -18.457456132866977 -15.720729309053137 8
    endloop
  endfacet
  facet normal 0 0 1
    outer loop
      vertex -18.71892336110995 -15.267854785222099 8
      vertex -18.457456132866977 -15.720729309053137 8
      vertex -18.121320343559642 -16.121320343559642 8
    endloop
  endfacet
  facet normal 0 0 1
    outer loop
      vertex -18.457456132866977 -15.720729309053137 8
      vertex -18.298133329356936 -15.928362829059617 8
      vertex -18.121320343559642 -16.121320343559642 8
    endloop
  endfacet
  facet normal 0 0 1
    outer loop
      vertex -18.121320343559642 -16.121320343559642 8
      vertex -17.92836282905962 -16.298133329356936 8
      vertex -17.720729309053137 -16.457456132866977 8
    endloop
  endfacet
  facet normal 0 0 1
    outer loop
      vertex -18.988584094275236 -14.261467228242974 8
      vertex -18.121320343559642 -16.121320343559642 8
      vertex -16 -17 8
    endloop
  endfacet
  facet normal 0 0 1
    outer loop
      vertex -18.121320343559642 -16.121320343559642 8
      vertex -17.720729309053137 -16.457456132866977 8
      vertex -17.026060429977008 -16.819077862357727 8
    endloop
  endfacet
  facet normal 0 0 1
    outer loop
      vertex -17.720729309053137 -16.457456132866977 8
      vertex -17.5 -16.598076211353316 8
      vertex -17.026060429977008 -16.819077862357727 8
    endloop
  endfacet
  facet normal 0 0 1
    outer loop
      vertex -17.5 -16.598076211353316 8
      vertex -17.2678547852221 -16.71892336110995 8
      vertex -17.026060429977008 -16.819077862357727 8
    endloop
  endfacet
  facet normal 0 0 1
    outer loop
      vertex -18.121320343559642 -16.121320343559642 8
      vertex -17.026060429977008 -16.819077862357727 8
      vertex -16 -17 8
    endloop
  endfacet
  facet normal 0 0 1
    outer loop
      vertex -17.026060429977008 -16.819077862357727 8
      vertex -16.776457135307563 -16.897777478867205 8
      vertex -16.52094453300079 -16.954423259036624 8
    endloop
  endfacet
  facet normal 0 0 1
    outer loop
      vertex -16 -17 8
      vertex -14.25 -12.4 8
      vertex -19 -9.315928787995578 8
    endloop
  endfacet
  facet normal 0 0 1
    outer loop
      vertex -17.026060429977008 -16.819077862357727 8
      vertex -16.52094453300079 -16.954423259036624 8
      vertex -16 -17 8
    endloop
  endfacet
  facet normal 0 0 1
    outer loop
      vertex -16.52094453300079 -16.954423259036624 8
      vertex -16.261467228242974 -16.988584094275236 8
      vertex -16 -17 8
    endloop
  endfacet
  facet normal 0 0 1
    outer loop
      vertex -16 -17 8
      vertex -14.25 -15.6 8
      vertex -14.25 -12.4 8
    endloop
  endfacet
  facet normal 0 0 1
    outer loop
      vertex -16 -17 8
      vertex -9.75 -15.6 8
      vertex -14.25 -15.6 8
    endloop
  endfacet
  facet normal -1 0 0
    outer loop
      vertex -19 -14 0
      vertex -19 -9.177222981616737 7.893567291376131
      vertex -19 -8 7.1435935394489825
    endloop
  endfacet
  facet normal -1 0 0
    outer loop
      vertex -19 -14 0
      vertex -19 -9.315928787995578 8
      vertex -19 -9.177222981616737 7.893567291376131
    endloop
  endfacet
  facet normal -1 0 0
    outer loop
      vertex -19 -14 8
      vertex -19 -9.315928787995578 8
      vertex -19 -14 0
    endloop
  endfacet
  facet normal -1 0 0
    outer loop
      vertex -19 -14 0
      vertex -19 -8 7.1435935394489825
      vertex -19 -6.761892187851191 6.499075407413601
    endloop
  endfacet
  facet normal -1 0 0
    outer loop
      vertex -19 -14 0
      vertex -19 -6.761892187851191 6.499075407413601
      vertex -19 -5.472322293210699 5.964918067425465
    endloop
  endfacet
  facet normal -0.9990482215818577 -0.043619387365338415 0
    outer loop
      vertex -19 -14 8
      vertex -19 -14 0
      vertex -18.988584094275236 -14.261467228242974 8
    endloop
  endfacet
  facet normal -0.9914448613738104 -0.13052619222005213 0
    outer loop
      vertex -18.988584094275236 -14.261467228242974 8
      vertex -18.954423259036624 -14.52094453300079 0
      vertex -18.954423259036624 -14.52094453300079 8
    endloop
  endfacet
  facet normal -0.9762960071199344 -0.21643961393809844 0
    outer loop
      vertex -18.954423259036624 -14.52094453300079 8
      vertex -18.954423259036624 -14.52094453300079 0
      vertex -18.897777478867205 -14.776457135307563 8
    endloop
  endfacet
  facet normal -0.9537169507482282 -0.3007057995042696 0
    outer loop
      vertex -18.897777478867205 -14.776457135307563 8
      vertex -18.819077862357727 -15.026060429977006 0
      vertex -18.819077862357727 -15.026060429977006 8
    endloop
  endfacet
  facet normal -0.9238795325112865 -0.3826834323650902 0
    outer loop
      vertex -18.819077862357727 -15.026060429977006 8
      vertex -18.819077862357727 -15.026060429977006 0
      vertex -18.71892336110995 -15.267854785222099 8
    endloop
  endfacet
  facet normal -0.8870108331782197 -0.4617486132350378 0
    outer loop
      vertex -18.71892336110995 -15.267854785222099 8
      vertex -18.71892336110995 -15.267854785222099 0
      vertex -18.598076211353316 -15.5 8
    endloop
  endfacet
  facet normal -0.8433914458128865 -0.5372996083468223 0
    outer loop
      vertex -18.598076211353316 -15.5 8
      vertex -18.457456132866977 -15.720729309053137 0
      vertex -18.457456132866977 -15.720729309053137 8
    endloop
  endfacet
  facet normal -0.7933533402912375 -0.6087614290087174 0
    outer loop
      vertex -18.457456132866977 -15.720729309053137 8
      vertex -18.298133329356936 -15.928362829059617 0
      vertex -18.298133329356936 -15.928362829059617 8
    endloop
  endfacet
  facet normal -0.7372773368101185 -0.6755902076156661 0
    outer loop
      vertex -18.298133329356936 -15.928362829059617 8
      vertex -18.121320343559642 -16.121320343559642 0
      vertex -18.121320343559642 -16.121320343559642 8
    endloop
  endfacet
  facet normal -0.6755902076156696 -0.7372773368101154 0
    outer loop
      vertex -18.121320343559642 -16.121320343559642 8
      vertex -17.92836282905962 -16.298133329356936 0
      vertex -17.92836282905962 -16.298133329356936 8
    endloop
  endfacet
  facet normal -0.6087614290087142 -0.79335334029124 0
    outer loop
      vertex -17.92836282905962 -16.298133329356936 8
      vertex -17.92836282905962 -16.298133329356936 0
      vertex -17.720729309053137 -16.457456132866977 8
    endloop
  endfacet
  facet normal -0.5372996083468223 -0.8433914458128865 0
    outer loop
      vertex -17.720729309053137 -16.457456132866977 8
      vertex -17.5 -16.598076211353316 0
      vertex -17.5 -16.598076211353316 8
    endloop
  endfacet
  facet normal -0.4617486132350378 -0.8870108331782197 0
    outer loop
      vertex -17.5 -16.598076211353316 8
      vertex -17.2678547852221 -16.71892336110995 0
      vertex -17.2678547852221 -16.71892336110995 8
    endloop
  endfacet
  facet normal -0.38268343236509267 -0.9238795325112856 0
    outer loop
      vertex -17.2678547852221 -16.71892336110995 8
      vertex -17.2678547852221 -16.71892336110995 0
      vertex -17.026060429977008 -16.819077862357727 8
    endloop
  endfacet
  facet normal -0.3007057995042677 -0.9537169507482287 0
    outer loop
      vertex -17.026060429977008 -16.819077862357727 8
      vertex -16.776457135307563 -16.897777478867205 0
      vertex -16.776457135307563 -16.897777478867205 8
    endloop
  endfacet
  facet normal -0.21643961393809844 -0.9762960071199344 0
    outer loop
      vertex -16.776457135307563 -16.897777478867205 8
      vertex -16.776457135307563 -16.897777478867205 0
      vertex -16.52094453300079 -16.954423259036624 8
    endloop
  endfacet
  facet normal -0.13052619222005213 -0.9914448613738104 0
    outer loop
      vertex -16.52094453300079 -16.954423259036624 8
      vertex -16.261467228242974 -16.988584094275236 0
      vertex -16.261467228242974 -16.988584094275236 8
    endloop
  endfacet
  facet normal -0.043619387365338415 -0.9990482215818577 0
    outer loop
      vertex -16.261467228242974 -16.988584094275236 8
      vertex -16.261467228242974 -16.988584094275236 0
      vertex -16 -17 8
    endloop
  endfacet
  facet normal 0 0 1
    outer loop
      vertex -19 -9.315928787995578 8
      vertex -9.75 -12.4 8
      vertex 9.75 -12.4 8
    endloop
  endfacet
  facet normal 0 0 1
    outer loop
      vertex -16 -17 8
      vertex 9.75 -15.6 8
      vertex -9.75 -15.6 8
    endloop
  endfacet
  facet normal 0 0 1
    outer loop
      vertex -9.75 -12.4 8
      vertex -9.75 -15.6 8
      vertex 9.75 -12.4 8
    endloop
  endfacet
  facet normal 0 -1 0
    outer loop
      vertex -16 -17 8
      vertex -16 -17 0
      vertex 16 -17 8
    endloop
  endfacet
  facet normal -1 0 0
    outer loop
      vertex -19 -14 0
      vertex -19 2.7783708426708853 5.243075951804672
      vertex -19 4.141104721640332 5.545186779374907
    endloop
  endfacet
  facet normal -1 0 0
    outer loop
      vertex -19 -14 0
      vertex -19 1.3944918839625307 5.060884830532071
      vertex -19 2.7783708426708853 5.243075951804672
    endloop
  endfacet
  facet normal -1 0 0
    outer loop
      vertex -19 -14 0
      vertex -19 0 5
      vertex -19 1.3944918839625307 5.060884830532071
    endloop
  endfacet
  facet normal -1 0 0
    outer loop
      vertex -19 -14 0
      vertex -19 -1.3944918839625307 5.060884830532071
      vertex -19 0 5
    endloop
  endfacet
  facet normal -1 0 0
    outer loop
      vertex -19 -14 0
      vertex -19 -2.7783708426708853 5.243075951804672
      vertex -19 -1.3944918839625307 5.060884830532071
    endloop
  endfacet
  facet normal -1 0 0
    outer loop
      vertex -19 -14 0
      vertex -19 -4.141104721640332 5.545186779374907
      vertex -19 -2.7783708426708853 5.243075951804672
    endloop
  endfacet
  facet normal -1 0 0
    outer loop
      vertex -19 -14 0
      vertex -19 -5.472322293210699 5.964918067425465
      vertex -19 -4.141104721640332 5.545186779374907
    endloop
  endfacet
  facet normal 0 0 -1
    outer loop
      vertex -17.92836282905962 16.298133329356936 0
      vertex -17.92836282905962 -16.298133329356936 0
      vertex -19 -14 0
    endloop
  endfacet
  facet normal 0 0 -1
    outer loop
      vertex -17.92836282905962 -16.298133329356936 0
      vertex -11.973354503650407 0.7182423009839043 0
      vertex -12.028444235207044 0.5435199947152936 0
    endloop
  endfacet
  facet normal 0 0 -1
    outer loop
      vertex -17.92836282905962 -16.298133329356936 0
      vertex -12.028444235207044 0.5435199947152936 0
      vertex -12.068096281325637 0.36466117310055374 0
    endloop
  endfacet
  facet normal 0 0 -1
    outer loop
      vertex -17.92836282905962 -16.298133329356936 0
      vertex -12.068096281325637 0.36466117310055374 0
      vertex -12.092008865992666 0.18302705977008216 0
    endloop
  endfacet
  facet normal 0 0 -1
    outer loop
      vertex -17.92836282905962 -16.298133329356936 0
      vertex -12.092008865992666 0.18302705977008216 0
      vertex -12.1 0 0
    endloop
  endfacet
  facet normal 0 0 -1
    outer loop
      vertex -17.92836282905962 -16.298133329356936 0
      vertex -12.1 0 0
      vertex -12.092008865992666 -0.18302705977008216 0
    endloop
  endfacet
  facet normal 0 0 -1
    outer loop
      vertex -17.92836282905962 -16.298133329356936 0
      vertex -12.092008865992666 -0.18302705977008216 0
      vertex -12.068096281325637 -0.36466117310055374 0
    endloop
  endfacet
  facet normal 0 0 -1
    outer loop
      vertex -17.92836282905962 -16.298133329356936 0
      vertex -12.068096281325637 -0.36466117310055374 0
      vertex -12.028444235207044 -0.5435199947152936 0
    endloop
  endfacet
  facet normal 0 0 -1
    outer loop
      vertex -17.92836282905962 -16.298133329356936 0
      vertex -12.028444235207044 -0.5435199947152936 0
      vertex -11.973354503650407 -0.7182423009839043 0
    endloop
  endfacet
  facet normal 0 0 -1
    outer loop
      vertex -11.903246352776964 -0.8874983496554688 0
      vertex -14.25 -12.4 0
      vertex -11.973354503650407 -0.7182423009839043 0
    endloop
  endfacet
  facet normal 0 0 -1
    outer loop
      vertex -11.818653347947322 -1.05 0
      vertex -14.25 -12.4 0
      vertex -11.903246352776964 -0.8874983496554688 0
    endloop
  endfacet
  facet normal 0 0 -1
    outer loop
      vertex -11.720219293006883 -1.2045105163371967 0
      vertex -14.25 -12.4 0
      vertex -11.818653347947322 -1.05 0
    endloop
  endfacet
  facet normal 0 0 -1
    outer loop
      vertex -11.608693330549855 -1.3498539803417324 0
      vertex -14.25 -12.4 0
      vertex -11.720219293006883 -1.2045105163371967 0
    endloop
  endfacet
  facet normal 0 0 -1
    outer loop
      vertex -11.48492424049175 -1.48492424049175 0
      vertex -14.25 -12.4 0
      vertex -11.608693330549855 -1.3498539803417324 0
    endloop
  endfacet
  facet normal 0 0 -1
    outer loop
      vertex -11.48492424049175 -1.48492424049175 0
      vertex -11.349853980341733 -1.608693330549854 0
      vertex -14.25 -12.4 0
    endloop
  endfacet
  facet normal 0 0 -1
    outer loop
      vertex -11.349853980341733 -1.608693330549854 0
      vertex -11.204510516337196 -1.720219293006883 0
      vertex -14.25 -12.4 0
    endloop
  endfacet
  facet normal 0 0 -1
    outer loop
      vertex -11.204510516337196 -1.720219293006883 0
      vertex -11.05 -1.818653347947321 0
      vertex -14.25 -12.4 0
    endloop
  endfacet
  facet normal 0 0 -1
    outer loop
      vertex -11.05 -1.818653347947321 0
      vertex -10.887498349655468 -1.903246352776965 0
      vertex -14.25 -12.4 0
    endloop
  endfacet
  facet normal 0 0 -1
    outer loop
      vertex -10.887498349655468 -1.903246352776965 0
      vertex -10.718242300983905 -1.9733545036504079 0
      vertex -14.25 -12.4 0
    endloop
  endfacet
  facet normal 0 0 -1
    outer loop
      vertex -10.718242300983905 -1.9733545036504079 0
      vertex -10.543519994715293 -2.0284442352070435 0
      vertex -14.25 -12.4 0
    endloop
  endfacet
  facet normal 0 0 -1
    outer loop
      vertex -10.543519994715293 -2.0284442352070435 0
      vertex -10.364661173100554 -2.0680962813256367 0
      vertex -14.25 -12.4 0
    endloop
  endfacet
  facet normal 0 0 -1
    outer loop
      vertex -10.364661173100554 -2.0680962813256367 0
      vertex -10.183027059770081 -2.092008865992666 0
      vertex -14.25 -12.4 0
    endloop
  endfacet
  facet normal 0 0 -1
    outer loop
      vertex -10.183027059770081 -2.092008865992666 0
      vertex -10 -2.1 0
      vertex -14.25 -12.4 0
    endloop
  endfacet
  facet normal 0 0 -1
    outer loop
      vertex -14.25 -12.4 0
      vertex -10 -2.1 0
      vertex -9.816972940229919 -2.092008865992666 0
    endloop
  endfacet
  facet normal 0 0 -1
    outer loop
      vertex -9.75 -12.4 0
      vertex -9.816972940229919 -2.092008865992666 0
      vertex -9.635338826899446 -2.0680962813256367 0
    endloop
  endfacet
  facet normal 0 0 -1
    outer loop
      vertex -9.75 -12.4 0
      vertex -9.635338826899446 -2.0680962813256367 0
      vertex -9.456480005284707 -2.0284442352070435 0
    endloop
  endfacet
  facet normal -0.9990482215818577 -0.043619387365338415 0
    outer loop
      vertex -18.988584094275236 -14.261467228242974 8
      vertex -19 -14 0
      vertex -18.988584094275236 -14.261467228242974 0
    endloop
  endfacet
  facet normal -0.9914448613738104 -0.13052619222005213 0
    outer loop
      vertex -18.988584094275236 -14.261467228242974 8
      vertex -18.988584094275236 -14.261467228242974 0
      vertex -18.954423259036624 -14.52094453300079 0
    endloop
  endfacet
  facet normal -0.9762960071199344 -0.21643961393809844 0
    outer loop
      vertex -18.897777478867205 -14.776457135307563 8
      vertex -18.954423259036624 -14.52094453300079 0
      vertex -18.897777478867205 -14.776457135307563 0
    endloop
  endfacet
  facet normal -0.9537169507482282 -0.3007057995042696 0
    outer loop
      vertex -18.897777478867205 -14.776457135307563 8
      vertex -18.897777478867205 -14.776457135307563 0
      vertex -18.819077862357727 -15.026060429977006 0
    endloop
  endfacet
  facet normal -0.9238795325112865 -0.3826834323650902 0
    outer loop
      vertex -18.71892336110995 -15.267854785222099 8
      vertex -18.819077862357727 -15.026060429977006 0
      vertex -18.71892336110995 -15.267854785222099 0
    endloop
  endfacet
  facet normal -0.8870108331782197 -0.4617486132350378 0
    outer loop
      vertex -18.598076211353316 -15.5 8
      vertex -18.71892336110995 -15.267854785222099 0
      vertex -18.598076211353316 -15.5 0
    endloop
  endfacet
  facet normal -0.8433914458128865 -0.5372996083468223 0
    outer loop
      vertex -18.598076211353316 -15.5 8
      vertex -18.598076211353316 -15.5 0
      vertex -18.457456132866977 -15.720729309053137 0
    endloop
  endfacet
  facet normal -0.7933533402912375 -0.6087614290087174 0
    outer loop
      vertex -18.457456132866977 -15.720729309053137 8
      vertex -18.457456132866977 -15.720729309053137 0
      vertex -18.298133329356936 -15.928362829059617 0
    endloop
  endfacet
  facet normal -0.7372773368101185 -0.6755902076156661 0
    outer loop
      vertex -18.298133329356936 -15.928362829059617 8
      vertex -18.298133329356936 -15.928362829059617 0
      vertex -18.121320343559642 -16.121320343559642 0
    endloop
  endfacet
  facet normal -0.6755902076156696 -0.7372773368101154 0
    outer loop
      vertex -18.121320343559642 -16.121320343559642 8
      vertex -18.121320343559642 -16.121320343559642 0
      vertex -17.92836282905962 -16.298133329356936 0
    endloop
  endfacet
  facet normal -0.6087614290087142 -0.79335334029124 0
    outer loop
      vertex -17.720729309053137 -16.457456132866977 8
      vertex -17.92836282905962 -16.298133329356936 0
      vertex -17.720729309053137 -16.457456132866977 0
    endloop
  endfacet
  facet normal -0.5372996083468223 -0.8433914458128865 0
    outer loop
      vertex -17.720729309053137 -16.457456132866977 8
      vertex -17.720729309053137 -16.457456132866977 0
      vertex -17.5 -16.598076211353316 0
    endloop
  endfacet
  facet normal -0.4617486132350378 -0.8870108331782197 0
    outer loop
      vertex -17.5 -16.598076211353316 8
      vertex -17.5 -16.598076211353316 0
      vertex -17.2678547852221 -16.71892336110995 0
    endloop
  endfacet
  facet normal -0.38268343236509267 -0.9238795325112856 0
    outer loop
      vertex -17.026060429977008 -16.819077862357727 8
      vertex -17.2678547852221 -16.71892336110995 0
      vertex -17.026060429977008 -16.819077862357727 0
    endloop
  endfacet
  facet normal -0.3007057995042677 -0.9537169507482287 0
    outer loop
      vertex -17.026060429977008 -16.819077862357727 8
      vertex -17.026060429977008 -16.819077862357727 0
      vertex -16.776457135307563 -16.897777478867205 0
    endloop
  endfacet
  facet normal -0.21643961393809844 -0.9762960071199344 0
    outer loop
      vertex -16.52094453300079 -16.954423259036624 8
      vertex -16.776457135307563 -16.897777478867205 0
      vertex -16.52094453300079 -16.954423259036624 0
    endloop
  endfacet
  facet normal -0.13052619222005213 -0.9914448613738104 0
    outer loop
      vertex -16.52094453300079 -16.954423259036624 8
      vertex -16.52094453300079 -16.954423259036624 0
      vertex -16.261467228242974 -16.988584094275236 0
    endloop
  endfacet
  facet normal -0.043619387365338415 -0.9990482215818577 0
    outer loop
      vertex -16 -17 8
      vertex -16.261467228242974 -16.988584094275236 0
      vertex -16 -17 0
    endloop
  endfacet
  facet normal 0 0 -1
    outer loop
      vertex -17.92836282905962 -16.298133329356936 0
      vertex -11.973354503650407 -0.7182423009839043 0
      vertex -14.25 -12.4 0
    endloop
  endfacet
  facet normal 0 0 -1
    outer loop
      vertex -19 -14 0
      vertex -18.954423259036624 -14.52094453300079 0
      vertex -18.988584094275236 -14.261467228242974 0
    endloop
  endfacet
  facet normal 0 0 -1
    outer loop
      vertex -19 -14 0
      vertex -18.897777478867205 -14.776457135307563 0
      vertex -18.954423259036624 -14.52094453300079 0
    endloop
  endfacet
  facet normal 0 0 -1
    outer loop
      vertex -19 -14 0
      vertex -18.71892336110995 -15.267854785222099 0
      vertex -18.897777478867205 -14.776457135307563 0
    endloop
  endfacet
  facet normal 0 0 -1
    outer loop
      vertex -18.897777478867205 -14.776457135307563 0
      vertex -18.71892336110995 -15.267854785222099 0
      vertex -18.819077862357727 -15.026060429977006 0
    endloop
  endfacet
  facet normal 0 0 -1
    outer loop
      vertex -19 -14 0
      vertex -17.92836282905962 -16.298133329356936 0
      vertex -18.71892336110995 -15.267854785222099 0
    endloop
  endfacet
  facet normal 0 0 -1
    outer loop
      vertex -18.71892336110995 -15.267854785222099 0
      vertex -18.457456132866977 -15.720729309053137 0
      vertex -18.598076211353316 -15.5 0
    endloop
  endfacet
  facet normal 0 0 -1
    outer loop
      vertex -18.71892336110995 -15.267854785222099 0
      vertex -17.92836282905962 -16.298133329356936 0
      vertex -18.457456132866977 -15.720729309053137 0
    endloop
  endfacet
  facet normal 0 0 -1
    outer loop
      vertex -18.457456132866977 -15.720729309053137 0
      vertex -17.92836282905962 -16.298133329356936 0
      vertex -18.298133329356936 -15.928362829059617 0
    endloop
  endfacet
  facet normal 0 0 -1
    outer loop
      vertex -18.298133329356936 -15.928362829059617 0
      vertex -17.92836282905962 -16.298133329356936 0
      vertex -18.121320343559642 -16.121320343559642 0
    endloop
  endfacet
  facet normal 0 0 -1
    outer loop
      vertex -17.92836282905962 -16.298133329356936 0
      vertex -17.5 -16.598076211353316 0
      vertex -17.720729309053137 -16.457456132866977 0
    endloop
  endfacet
  facet normal 0 0 -1
    outer loop
      vertex -17.92836282905962 -16.298133329356936 0
      vertex -17.026060429977008 -16.819077862357727 0
      vertex -17.5 -16.598076211353316 0
    endloop
  endfacet
  facet normal 0 0 -1
    outer loop
      vertex -17.5 -16.598076211353316 0
      vertex -17.026060429977008 -16.819077862357727 0
      vertex -17.2678547852221 -16.71892336110995 0
    endloop
  endfacet
  facet normal 0 0 -1
    outer loop
      vertex -17.92836282905962 -16.298133329356936 0
      vertex -16 -17 0
      vertex -17.026060429977008 -16.819077862357727 0
    endloop
  endfacet
  facet normal 0 0 -1
    outer loop
      vertex -17.026060429977008 -16.819077862357727 0
      vertex -16.52094453300079 -16.954423259036624 0
      vertex -16.776457135307563 -16.897777478867205 0
    endloop
  endfacet
  facet normal 0 0 -1
    outer loop
      vertex -17.92836282905962 -16.298133329356936 0
      vertex -14.25 -12.4 0
      vertex -14.25 -15.6 0
    endloop
  endfacet
  facet normal 0 0 -1
    outer loop
      vertex -17.026060429977008 -16.819077862357727 0
      vertex -16 -17 0
      vertex -16.52094453300079 -16.954423259036624 0
    endloop
  endfacet
  facet normal 0 0 -1
    outer loop
      vertex -16.52094453300079 -16.954423259036624 0
      vertex -16 -17 0
      vertex -16.261467228242974 -16.988584094275236 0
    endloop
  endfacet
  facet normal 0 0 -1
    outer loop
      vertex -9.75 -12.4 0
      vertex -14.25 -12.4 0
      vertex -9.816972940229919 -2.092008865992666 0
    endloop
  endfacet
  facet normal 0 0 -1
    outer loop
      vertex -17.92836282905962 -16.298133329356936 0
      vertex -14.25 -15.6 0
      vertex -9.75 -15.6 0
    endloop
  endfacet
  facet normal 0 0 -1
    outer loop
      vertex -9.75 -12.4 0
      vertex -8.795489483662804 -1.720219293006883 0
      vertex -8.650146019658267 -1.608693330549854 0
    endloop
  endfacet
  facet normal 0 0 -1
    outer loop
      vertex -9.75 -12.4 0
      vertex -8.650146019658267 -1.608693330549854 0
      vertex -8.51507575950825 -1.48492424049175 0
    endloop
  endfacet
  facet normal 0 0 -1
    outer loop
      vertex -9.75 -12.4 0
      vertex -9.281757699016095 -1.9733545036504079 0
      vertex -9.112501650344532 -1.903246352776965 0
    endloop
  endfacet
  facet normal 0 0 -1
    outer loop
      vertex -9.75 -12.4 0
      vertex -9.456480005284707 -2.0284442352070435 0
      vertex -9.281757699016095 -1.9733545036504079 0
    endloop
  endfacet
  facet normal 0 0 -1
    outer loop
      vertex -9.75 -12.4 0
      vertex -9.112501650344532 -1.903246352776965 0
      vertex -8.95 -1.818653347947321 0
    endloop
  endfacet
  facet normal 0 0 -1
    outer loop
      vertex -9.75 -12.4 0
      vertex -8.95 -1.818653347947321 0
      vertex -8.795489483662804 -1.720219293006883 0
    endloop
  endfacet
  facet normal 0 0 -1
    outer loop
      vertex 9.75 -12.4 0
      vertex -8.026645496349593 0.7182423009839043 0
      vertex -8.096753647223036 0.8874983496554688 0
    endloop
  endfacet
  facet normal 0 0 -1
    outer loop
      vertex 9.75 -12.4 0
      vertex -7.9715557647929565 0.5435199947152936 0
      vertex -8.026645496349593 0.7182423009839043 0
    endloop
  endfacet
  facet normal 0 0 -1
    outer loop
      vertex 9.75 -12.4 0
      vertex -7.931903718674363 0.36466117310055374 0
      vertex -7.9715557647929565 0.5435199947152936 0
    endloop
  endfacet
  facet normal 0 0 -1
    outer loop
      vertex 9.75 -12.4 0
      vertex -7.907991134007334 0.18302705977008216 0
      vertex -7.931903718674363 0.36466117310055374 0
    endloop
  endfacet
  facet normal 0 0 -1
    outer loop
      vertex 9.75 -12.4 0
      vertex -7.9 0 0
      vertex -7.907991134007334 0.18302705977008216 0
    endloop
  endfacet
  facet normal 0 0 -1
    outer loop
      vertex -7.9 0 0
      vertex 9.75 -12.4 0
      vertex -7.907991134007334 -0.18302705977008216 0
    endloop
  endfacet
  facet normal 0 0 -1
    outer loop
      vertex -8.391306669450145 -1.3498539803417324 0
      vertex 9.75 -12.4 0
      vertex -8.51507575950825 -1.48492424049175 0
    endloop
  endfacet
  facet normal 0 0 -1
    outer loop
      vertex -7.9715557647929565 -0.5435199947152936 0
      vertex 9.75 -12.4 0
      vertex -8.026645496349593 -0.7182423009839043 0
    endloop
  endfacet
  facet normal 0 0 -1
    outer loop
      vertex -8.096753647223036 -0.8874983496554688 0
      vertex 9.75 -12.4 0
      vertex -8.181346652052678 -1.05 0
    endloop
  endfacet
  facet normal 0 0 -1
    outer loop
      vertex -8.026645496349593 -0.7182423009839043 0
      vertex 9.75 -12.4 0
      vertex -8.096753647223036 -0.8874983496554688 0
    endloop
  endfacet
  facet normal 0 0 -1
    outer loop
      vertex -7.907991134007334 -0.18302705977008216 0
      vertex 9.75 -12.4 0
      vertex -7.931903718674363 -0.36466117310055374 0
    endloop
  endfacet
  facet normal 0 0 -1
    outer loop
      vertex -7.931903718674363 -0.36466117310055374 0
      vertex 9.75 -12.4 0
      vertex -7.9715557647929565 -0.5435199947152936 0
    endloop
  endfacet
  facet normal 0 0 -1
    outer loop
      vertex -8.181346652052678 -1.05 0
      vertex 9.75 -12.4 0
      vertex -8.279780706993117 -1.2045105163371967 0
    endloop
  endfacet
  facet normal 0 0 -1
    outer loop
      vertex -8.279780706993117 -1.2045105163371967 0
      vertex 9.75 -12.4 0
      vertex -8.391306669450145 -1.3498539803417324 0
    endloop
  endfacet
  facet normal 0 0 -1
    outer loop
      vertex -17.92836282905962 -16.298133329356936 0
      vertex -9.75 -15.6 0
      vertex 9.75 -15.6 0
    endloop
  endfacet
  facet normal 0 0 -1
    outer loop
      vertex -17.92836282905962 -16.298133329356936 0
      vertex 17.92836282905962 -16.298133329356936 0
      vertex -16 -17 0
    endloop
  endfacet
  facet normal 0 0 -1
    outer loop
      vertex -9.75 -12.4 0
      vertex -8.51507575950825 -1.48492424049175 0
      vertex 9.75 -12.4 0
    endloop
  endfacet
  facet normal 0 0 -1
    outer loop
      vertex -9.75 -12.4 0
      vertex 9.75 -15.6 0
      vertex -9.75 -15.6 0
    endloop
  endfacet
  facet normal 0 0 1
    outer loop
      vertex -17.92836282905962 16.298133329356936 8
      vertex 9.75 15.6 8
      vertex 14.25 15.6 8
    endloop
  endfacet
  facet normal 0 0 1
    outer loop
      vertex 9.75 15.6 8
      vertex -9.75 12.4 8
      vertex 9.75 12.4 8
    endloop
  endfacet
  facet normal 0 0 1
    outer loop
      vertex -17.92836282905962 16.298133329356936 8
      vertex 14.25 15.6 8
      vertex 17.92836282905962 16.298133329356936 8
    endloop
  endfacet
  facet normal 0 0 1
    outer loop
      vertex -16 17 8
      vertex 17.92836282905962 16.298133329356936 8
      vertex 16 17 8
    endloop
  endfacet
  facet normal 0 0 1
    outer loop
      vertex 19 9.315928787995578 8
      vertex 9.75 12.4 8
      vertex -9.75 12.4 8
    endloop
  endfacet
  facet normal 0 1 0
    outer loop
      vertex -16 17 8
      vertex 16 17 8
      vertex 16 17 0
    endloop
  endfacet
  facet normal 0 0 1
    outer loop
      vertex 16 17 8
      vertex 16.52094453300079 16.954423259036624 8
      vertex 16.261467228242974 16.988584094275236 8
    endloop
  endfacet
  facet normal 0 0 1
    outer loop
      vertex 16 17 8
      vertex 17.026060429977008 16.819077862357727 8
      vertex 16.52094453300079 16.954423259036624 8
    endloop
  endfacet
  facet normal 0 0 1
    outer loop
      vertex 17.92836282905962 16.298133329356936 8
      vertex 14.25 15.6 8
      vertex 14.25 12.4 8
    endloop
  endfacet
  facet normal 0 0 1
    outer loop
      vertex 16.52094453300079 16.954423259036624 8
      vertex 17.026060429977008 16.819077862357727 8
      vertex 16.776457135307563 16.897777478867205 8
    endloop
  endfacet
  facet normal 0 0 1
    outer loop
      vertex 16 17 8
      vertex 17.92836282905962 16.298133329356936 8
      vertex 17.026060429977008 16.819077862357727 8
    endloop
  endfacet
  facet normal 0 0 1
    outer loop
      vertex 17.026060429977008 16.819077862357727 8
      vertex 17.5 16.598076211353316 8
      vertex 17.2678547852221 16.71892336110995 8
    endloop
  endfacet
  facet normal 0 0 1
    outer loop
      vertex 17.026060429977008 16.819077862357727 8
      vertex 17.92836282905962 16.298133329356936 8
      vertex 17.5 16.598076211353316 8
    endloop
  endfacet
  facet normal 0 0 1
    outer loop
      vertex 17.5 16.598076211353316 8
      vertex 17.92836282905962 16.298133329356936 8
      vertex 17.720729309053137 16.457456132866977 8
    endloop
  endfacet
  facet normal 0 0 1
    outer loop
      vertex 17.92836282905962 16.298133329356936 8
      vertex 18.298133329356936 15.928362829059617 8
      vertex 18.121320343559642 16.121320343559642 8
    endloop
  endfacet
  facet normal 0 0 1
    outer loop
      vertex 17.92836282905962 16.298133329356936 8
      vertex 18.71892336110995 15.267854785222099 8
      vertex 18.298133329356936 15.928362829059617 8
    endloop
  endfacet
  facet normal 0 0 1
    outer loop
      vertex 18.298133329356936 15.928362829059617 8
      vertex 18.71892336110995 15.267854785222099 8
      vertex 18.457456132866977 15.720729309053137 8
    endloop
  endfacet
  facet normal 0 0 1
    outer loop
      vertex 18.457456132866977 15.720729309053137 8
      vertex 18.71892336110995 15.267854785222099 8
      vertex 18.598076211353316 15.5 8
    endloop
  endfacet
  facet normal 0 0 1
    outer loop
      vertex 17.92836282905962 16.298133329356936 8
      vertex 19 14 8
      vertex 18.71892336110995 15.267854785222099 8
    endloop
  endfacet
  facet normal 0 0 1
    outer loop
      vertex 18.71892336110995 15.267854785222099 8
      vertex 18.897777478867205 14.776457135307563 8
      vertex 18.819077862357727 15.026060429977006 8
    endloop
  endfacet
  facet normal 0 0 1
    outer loop
      vertex 17.92836282905962 16.298133329356936 8
      vertex 14.25 12.4 8
      vertex 19 14 8
    endloop
  endfacet
  facet normal 0 0 1
    outer loop
      vertex 18.71892336110995 15.267854785222099 8
      vertex 19 14 8
      vertex 18.897777478867205 14.776457135307563 8
    endloop
  endfacet
  facet normal 0 0 1
    outer loop
      vertex 18.897777478867205 14.776457135307563 8
      vertex 19 14 8
      vertex 18.954423259036624 14.52094453300079 8
    endloop
  endfacet
  facet normal 0 0 1
    outer loop
      vertex 18.954423259036624 14.52094453300079 8
      vertex 19 14 8
      vertex 18.988584094275236 14.261467228242974 8
    endloop
  endfacet
  facet normal 0 0 1
    outer loop
      vertex 19 9.315928787995578 8
      vertex 14.25 12.4 8
      vertex 9.75 12.4 8
    endloop
  endfacet
  facet normal 0 0 1
    outer loop
      vertex 19 14 8
      vertex 14.25 12.4 8
      vertex 19 9.315928787995578 8
    endloop
  endfacet
  facet normal 0.043619387365338415 0.9990482215818577 0
    outer loop
      vertex 16 17 8
      vertex 16.261467228242974 16.988584094275236 8
      vertex 16.261467228242974 16.988584094275236 0
    endloop
  endfacet
  facet normal 0.13052619222005213 0.9914448613738104 0
    outer loop
      vertex 16.261467228242974 16.988584094275236 8
      vertex 16.52094453300079 16.954423259036624 8
      vertex 16.261467228242974 16.988584094275236 0
    endloop
  endfacet
  facet normal 0.21643961393809844 0.9762960071199344 0
    outer loop
      vertex 16.52094453300079 16.954423259036624 8
      vertex 16.776457135307563 16.897777478867205 8
      vertex 16.776457135307563 16.897777478867205 0
    endloop
  endfacet
  facet normal 0.3007057995042677 0.9537169507482287 0
    outer loop
      vertex 16.776457135307563 16.897777478867205 8
      vertex 17.026060429977008 16.819077862357727 8
      vertex 16.776457135307563 16.897777478867205 0
    endloop
  endfacet
  facet normal 0.38268343236509267 0.9238795325112856 0
    outer loop
      vertex 17.026060429977008 16.819077862357727 8
      vertex 17.2678547852221 16.71892336110995 8
      vertex 17.2678547852221 16.71892336110995 0
    endloop
  endfacet
  facet normal 0.4617486132350378 0.8870108331782197 0
    outer loop
      vertex 17.2678547852221 16.71892336110995 8
      vertex 17.5 16.598076211353316 8
      vertex 17.2678547852221 16.71892336110995 0
    endloop
  endfacet
  facet normal 0.5372996083468223 0.8433914458128865 0
    outer loop
      vertex 17.5 16.598076211353316 8
      vertex 17.720729309053137 16.457456132866977 8
      vertex 17.720729309053137 16.457456132866977 0
    endloop
  endfacet
  facet normal 0.6087614290087142 0.79335334029124 0
    outer loop
      vertex 17.720729309053137 16.457456132866977 8
      vertex 17.92836282905962 16.298133329356936 8
      vertex 17.720729309053137 16.457456132866977 0
    endloop
  endfacet
  facet normal 0.6755902076156696 0.7372773368101154 0
    outer loop
      vertex 17.92836282905962 16.298133329356936 8
      vertex 18.121320343559642 16.121320343559642 8
      vertex 17.92836282905962 16.298133329356936 0
    endloop
  endfacet
  facet normal 0.7372773368101185 0.6755902076156661 0
    outer loop
      vertex 18.121320343559642 16.121320343559642 8
      vertex 18.298133329356936 15.928362829059617 8
      vertex 18.298133329356936 15.928362829059617 0
    endloop
  endfacet
  facet normal 0.7933533402912375 0.6087614290087174 0
    outer loop
      vertex 18.298133329356936 15.928362829059617 8
      vertex 18.457456132866977 15.720729309053137 8
      vertex 18.298133329356936 15.928362829059617 0
    endloop
  endfacet
  facet normal 0.8433914458128865 0.5372996083468223 0
    outer loop
      vertex 18.457456132866977 15.720729309053137 8
      vertex 18.598076211353316 15.5 8
      vertex 18.457456132866977 15.720729309053137 0
    endloop
  endfacet
  facet normal 0.8870108331782197 0.4617486132350378 0
    outer loop
      vertex 18.598076211353316 15.5 8
      vertex 18.71892336110995 15.267854785222099 8
      vertex 18.71892336110995 15.267854785222099 0
    endloop
  endfacet
  facet normal 0.9238795325112865 0.3826834323650902 0
    outer loop
      vertex 18.71892336110995 15.267854785222099 8
      vertex 18.819077862357727 15.026060429977006 8
      vertex 18.71892336110995 15.267854785222099 0
    endloop
  endfacet
  facet normal 0.9537169507482282 0.3007057995042696 0
    outer loop
      vertex 18.819077862357727 15.026060429977006 8
      vertex 18.897777478867205 14.776457135307563 8
      vertex 18.897777478867205 14.776457135307563 0
    endloop
  endfacet
  facet normal 0.9762960071199344 0.21643961393809844 0
    outer loop
      vertex 18.897777478867205 14.776457135307563 8
      vertex 18.954423259036624 14.52094453300079 8
      vertex 18.897777478867205 14.776457135307563 0
    endloop
  endfacet
  facet normal 0.9914448613738104 0.13052619222005213 0
    outer loop
      vertex 18.954423259036624 14.52094453300079 8
      vertex 18.988584094275236 14.261467228242974 8
      vertex 18.954423259036624 14.52094453300079 0
    endloop
  endfacet
  facet normal 0.9990482215818577 0.043619387365338415 0
    outer loop
      vertex 18.988584094275236 14.261467228242974 8
      vertex 19 14 8
      vertex 19 14 0
    endloop
  endfacet
  facet normal 1 0 0
    outer loop
      vertex 19 14 8
      vertex 19 9.315928787995578 8
      vertex 19 14 0
    endloop
  endfacet
  facet normal 1 0 0
    outer loop
      vertex 19 14 0
      vertex 19 9.315928787995578 8
      vertex 19 9.177222981616737 7.893567291376131
    endloop
  endfacet
  facet normal 1 0 0
    outer loop
      vertex 19 14 0
      vertex 19 9.177222981616737 7.893567291376131
      vertex 19 8 7.1435935394489825
    endloop
  endfacet
  facet normal 1 0 0
    outer loop
      vertex 19 14 0
      vertex 19 8 7.1435935394489825
      vertex 19 6.761892187851191 6.499075407413601
    endloop
  endfacet
  facet normal 1 0 0
    outer loop
      vertex 19 14 0
      vertex 19 6.761892187851191 6.499075407413601
      vertex 19 5.472322293210699 5.964918067425465
    endloop
  endfacet
  facet normal 0 0 -1
    outer loop
      vertex -9.75 15.6 0
      vertex 9.75 15.6 0
      vertex 9.75 12.4 0
    endloop
  endfacet
  facet normal 0 0 -1
    outer loop
      vertex -9.75 12.4 0
      vertex 9.75 12.4 0
      vertex 8.51507575950825 1.48492424049175 0
    endloop
  endfacet
  facet normal 0 0 -1
    outer loop
      vertex -16 17 0
      vertex 16 17 0
      vertex 17.92836282905962 16.298133329356936 0
    endloop
  endfacet
  facet normal 0 0 -1
    outer loop
      vertex 17.92836282905962 16.298133329356936 0
      vertex 9.75 15.6 0
      vertex -9.75 15.6 0
    endloop
  endfacet
  facet normal 0 0 -1
    outer loop
      vertex -9.75 12.4 0
      vertex 8.391306669450145 1.3498539803417324 0
      vertex 8.279780706993117 1.2045105163371967 0
    endloop
  endfacet
  facet normal 0 0 -1
    outer loop
      vertex -9.75 12.4 0
      vertex 8.279780706993117 1.2045105163371967 0
      vertex 8.181346652052678 1.05 0
    endloop
  endfacet
  facet normal 0 0 -1
    outer loop
      vertex -9.75 12.4 0
      vertex 7.9715557647929565 0.5435199947152936 0
      vertex 7.931903718674363 0.36466117310055374 0
    endloop
  endfacet
  facet normal 0 0 -1
    outer loop
      vertex -9.75 12.4 0
      vertex 7.931903718674363 0.36466117310055374 0
      vertex 7.907991134007334 0.18302705977008216 0
    endloop
  endfacet
  facet normal 0 0 -1
    outer loop
      vertex -9.75 12.4 0
      vertex 8.096753647223036 0.8874983496554688 0
      vertex 8.026645496349593 0.7182423009839043 0
    endloop
  endfacet
  facet normal 0 0 -1
    outer loop
      vertex -9.75 12.4 0
      vertex 8.181346652052678 1.05 0
      vertex 8.096753647223036 0.8874983496554688 0
    endloop
  endfacet
  facet normal 0 0 -1
    outer loop
      vertex -9.75 12.4 0
      vertex 8.026645496349593 0.7182423009839043 0
      vertex 7.9715557647929565 0.5435199947152936 0
    endloop
  endfacet
  facet normal 0 0 -1
    outer loop
      vertex -9.75 12.4 0
      vertex 8.51507575950825 1.48492424049175 0
      vertex 8.391306669450145 1.3498539803417324 0
    endloop
  endfacet
  facet normal 0 0 -1
    outer loop
      vertex -9.75 12.4 0
      vertex 7.907991134007334 0.18302705977008216 0
      vertex 7.9 0 0
    endloop
  endfacet
  facet normal 0 0 -1
    outer loop
      vertex -9.75 12.4 0
      vertex 7.9 0 0
      vertex 7.907991134007334 -0.18302705977008216 0
    endloop
  endfacet
  facet normal 0 0 -1
    outer loop
      vertex -9.75 12.4 0
      vertex 7.907991134007334 -0.18302705977008216 0
      vertex 7.931903718674363 -0.36466117310055374 0
    endloop
  endfacet
  facet normal 0 0 -1
    outer loop
      vertex -9.75 12.4 0
      vertex 7.931903718674363 -0.36466117310055374 0
      vertex 7.9715557647929565 -0.5435199947152936 0
    endloop
  endfacet
  facet normal 0 0 -1
    outer loop
      vertex -9.75 12.4 0
      vertex 7.9715557647929565 -0.5435199947152936 0
      vertex 8.026645496349593 -0.7182423009839043 0
    endloop
  endfacet
  facet normal 0 0 -1
    outer loop
      vertex -9.75 12.4 0
      vertex 8.026645496349593 -0.7182423009839043 0
      vertex 8.096753647223036 -0.8874983496554688 0
    endloop
  endfacet
  facet normal 0 0 -1
    outer loop
      vertex -9.75 12.4 0
      vertex 8.096753647223036 -0.8874983496554688 0
      vertex 8.181346652052678 -1.05 0
    endloop
  endfacet
  facet normal 0 0 -1
    outer loop
      vertex -9.75 12.4 0
      vertex 8.181346652052678 -1.05 0
      vertex 8.279780706993117 -1.2045105163371967 0
    endloop
  endfacet
  facet normal 0 0 -1
    outer loop
      vertex -9.75 12.4 0
      vertex 8.279780706993117 -1.2045105163371967 0
      vertex 8.391306669450145 -1.3498539803417324 0
    endloop
  endfacet
  facet normal 0 0 -1
    outer loop
      vertex -13.640316629383648 12.4 0
      vertex 8.795489483662804 -1.720219293006883 0
      vertex 8.95 -1.818653347947321 0
    endloop
  endfacet
  facet normal 0 0 -1
    outer loop
      vertex -9.75 12.4 0
      vertex 8.391306669450145 -1.3498539803417324 0
      vertex 8.51507575950825 -1.48492424049175 0
    endloop
  endfacet
  facet normal 0 0 -1
    outer loop
      vertex -9.75 12.4 0
      vertex 8.51507575950825 -1.48492424049175 0
      vertex 8.650146019658267 -1.608693330549854 0
    endloop
  endfacet
  facet normal 0 0 -1
    outer loop
      vertex -9.75 12.4 0
      vertex 8.650146019658267 -1.608693330549854 0
      vertex 8.795489483662804 -1.720219293006883 0
    endloop
  endfacet
  facet normal 0 0 -1
    outer loop
      vertex 8.95 1.818653347947321 0
      vertex 8.795489483662804 1.720219293006883 0
      vertex 9.75 12.4 0
    endloop
  endfacet
  facet normal 0 0 -1
    outer loop
      vertex 9.112501650344532 1.903246352776965 0
      vertex 8.95 1.818653347947321 0
      vertex 9.75 12.4 0
    endloop
  endfacet
  facet normal 0 0 -1
    outer loop
      vertex 9.456480005284707 2.0284442352070435 0
      vertex 9.281757699016095 1.9733545036504079 0
      vertex 9.75 12.4 0
    endloop
  endfacet
  facet normal 0 0 -1
    outer loop
      vertex 9.281757699016095 1.9733545036504079 0
      vertex 9.112501650344532 1.903246352776965 0
      vertex 9.75 12.4 0
    endloop
  endfacet
  facet normal 0 0 -1
    outer loop
      vertex 8.650146019658267 1.608693330549854 0
      vertex 8.51507575950825 1.48492424049175 0
      vertex 9.75 12.4 0
    endloop
  endfacet
  facet normal 0 0 -1
    outer loop
      vertex 8.795489483662804 1.720219293006883 0
      vertex 8.650146019658267 1.608693330549854 0
      vertex 9.75 12.4 0
    endloop
  endfacet
  facet normal 0.043619387365338415 0.9990482215818577 0
    outer loop
      vertex 16 17 8
      vertex 16.261467228242974 16.988584094275236 0
      vertex 16 17 0
    endloop
  endfacet
  facet normal 0.13052619222005213 0.9914448613738104 0
    outer loop
      vertex 16.52094453300079 16.954423259036624 8
      vertex 16.52094453300079 16.954423259036624 0
      vertex 16.261467228242974 16.988584094275236 0
    endloop
  endfacet
  facet normal 0.21643961393809844 0.9762960071199344 0
    outer loop
      vertex 16.52094453300079 16.954423259036624 8
      vertex 16.776457135307563 16.897777478867205 0
      vertex 16.52094453300079 16.954423259036624 0
    endloop
  endfacet
  facet normal 0.3007057995042677 0.9537169507482287 0
    outer loop
      vertex 17.026060429977008 16.819077862357727 8
      vertex 17.026060429977008 16.819077862357727 0
      vertex 16.776457135307563 16.897777478867205 0
    endloop
  endfacet
  facet normal 0.38268343236509267 0.9238795325112856 0
    outer loop
      vertex 17.026060429977008 16.819077862357727 8
      vertex 17.2678547852221 16.71892336110995 0
      vertex 17.026060429977008 16.819077862357727 0
    endloop
  endfacet
  facet normal 0.4617486132350378 0.8870108331782197 0
    outer loop
      vertex 17.5 16.598076211353316 8
      vertex 17.5 16.598076211353316 0
      vertex 17.2678547852221 16.71892336110995 0
    endloop
  endfacet
  facet normal 0.5372996083468223 0.8433914458128865 0
    outer loop
      vertex 17.5 16.598076211353316 8
      vertex 17.720729309053137 16.457456132866977 0
      vertex 17.5 16.598076211353316 0
    endloop
  endfacet
  facet normal 0.6087614290087142 0.79335334029124 0
    outer loop
      vertex 17.92836282905962 16.298133329356936 8
      vertex 17.92836282905962 16.298133329356936 0
      vertex 17.720729309053137 16.457456132866977 0
    endloop
  endfacet
  facet normal 0.6755902076156696 0.7372773368101154 0
    outer loop
      vertex 18.121320343559642 16.121320343559642 8
      vertex 18.121320343559642 16.121320343559642 0
      vertex 17.92836282905962 16.298133329356936 0
    endloop
  endfacet
  facet normal 0.7372773368101185 0.6755902076156661 0
    outer loop
      vertex 18.121320343559642 16.121320343559642 8
      vertex 18.298133329356936 15.928362829059617 0
      vertex 18.121320343559642 16.121320343559642 0
    endloop
  endfacet
  facet normal 0.7933533402912375 0.6087614290087174 0
    outer loop
      vertex 18.457456132866977 15.720729309053137 8
      vertex 18.457456132866977 15.720729309053137 0
      vertex 18.298133329356936 15.928362829059617 0
    endloop
  endfacet
  facet normal 0.8433914458128865 0.5372996083468223 0
    outer loop
      vertex 18.598076211353316 15.5 8
      vertex 18.598076211353316 15.5 0
      vertex 18.457456132866977 15.720729309053137 0
    endloop
  endfacet
  facet normal 0.8870108331782197 0.4617486132350378 0
    outer loop
      vertex 18.598076211353316 15.5 8
      vertex 18.71892336110995 15.267854785222099 0
      vertex 18.598076211353316 15.5 0
    endloop
  endfacet
  facet normal 0.9238795325112865 0.3826834323650902 0
    outer loop
      vertex 18.819077862357727 15.026060429977006 8
      vertex 18.819077862357727 15.026060429977006 0
      vertex 18.71892336110995 15.267854785222099 0
    endloop
  endfacet
  facet normal 0.9537169507482282 0.3007057995042696 0
    outer loop
      vertex 18.819077862357727 15.026060429977006 8
      vertex 18.897777478867205 14.776457135307563 0
      vertex 18.819077862357727 15.026060429977006 0
    endloop
  endfacet
  facet normal 0.9762960071199344 0.21643961393809844 0
    outer loop
      vertex 18.954423259036624 14.52094453300079 8
      vertex 18.954423259036624 14.52094453300079 0
      vertex 18.897777478867205 14.776457135307563 0
    endloop
  endfacet
  facet normal 0.9914448613738104 0.13052619222005213 0
    outer loop
      vertex 18.988584094275236 14.261467228242974 8
      vertex 18.988584094275236 14.261467228242974 0
      vertex 18.954423259036624 14.52094453300079 0
    endloop
  endfacet
  facet normal 0.9990482215818577 0.043619387365338415 0
    outer loop
      vertex 18.988584094275236 14.261467228242974 8
      vertex 19 14 0
      vertex 18.988584094275236 14.261467228242974 0
    endloop
  endfacet
  facet normal 0 0 -1
    outer loop
      vertex 17.92836282905962 16.298133329356936 0
      vertex 14.25 15.6 0
      vertex 9.75 15.6 0
    endloop
  endfacet
  facet normal 0 0 -1
    outer loop
      vertex 10 2.1 0
      vertex 9.75 12.4 0
      vertex 14.25 12.4 0
    endloop
  endfacet
  facet normal 0 0 -1
    outer loop
      vertex 16 17 0
      vertex 16.261467228242974 16.988584094275236 0
      vertex 16.52094453300079 16.954423259036624 0
    endloop
  endfacet
  facet normal 0 0 -1
    outer loop
      vertex 16 17 0
      vertex 16.52094453300079 16.954423259036624 0
      vertex 17.026060429977008 16.819077862357727 0
    endloop
  endfacet
  facet normal 0 0 -1
    outer loop
      vertex 17.92836282905962 16.298133329356936 0
      vertex 14.25 12.4 0
      vertex 14.25 15.6 0
    endloop
  endfacet
  facet normal 0 0 -1
    outer loop
      vertex 16.52094453300079 16.954423259036624 0
      vertex 16.776457135307563 16.897777478867205 0
      vertex 17.026060429977008 16.819077862357727 0
    endloop
  endfacet
  facet normal 0 0 -1
    outer loop
      vertex 16 17 0
      vertex 17.026060429977008 16.819077862357727 0
      vertex 17.92836282905962 16.298133329356936 0
    endloop
  endfacet
  facet normal 0 0 -1
    outer loop
      vertex 17.026060429977008 16.819077862357727 0
      vertex 17.2678547852221 16.71892336110995 0
      vertex 17.5 16.598076211353316 0
    endloop
  endfacet
  facet normal 0 0 -1
    outer loop
      vertex 17.026060429977008 16.819077862357727 0
      vertex 17.5 16.598076211353316 0
      vertex 17.92836282905962 16.298133329356936 0
    endloop
  endfacet
  facet normal 0 0 -1
    outer loop
      vertex 17.5 16.598076211353316 0
      vertex 17.720729309053137 16.457456132866977 0
      vertex 17.92836282905962 16.298133329356936 0
    endloop
  endfacet
  facet normal 0 0 -1
    outer loop
      vertex 17.92836282905962 16.298133329356936 0
      vertex 18.121320343559642 16.121320343559642 0
      vertex 18.298133329356936 15.928362829059617 0
    endloop
  endfacet
  facet normal 0 0 -1
    outer loop
      vertex 17.92836282905962 16.298133329356936 0
      vertex 18.298133329356936 15.928362829059617 0
      vertex 18.71892336110995 15.267854785222099 0
    endloop
  endfacet
  facet normal 0 0 -1
    outer loop
      vertex 18.298133329356936 15.928362829059617 0
      vertex 18.457456132866977 15.720729309053137 0
      vertex 18.71892336110995 15.267854785222099 0
    endloop
  endfacet
  facet normal 0 0 -1
    outer loop
      vertex 18.457456132866977 15.720729309053137 0
      vertex 18.598076211353316 15.5 0
      vertex 18.71892336110995 15.267854785222099 0
    endloop
  endfacet
  facet normal 0 0 -1
    outer loop
      vertex 17.92836282905962 16.298133329356936 0
      vertex 18.71892336110995 15.267854785222099 0
      vertex 19 14 0
    endloop
  endfacet
  facet normal 0 0 -1
    outer loop
      vertex 18.71892336110995 15.267854785222099 0
      vertex 18.819077862357727 15.026060429977006 0
      vertex 18.897777478867205 14.776457135307563 0
    endloop
  endfacet
  facet normal 0 0 -1
    outer loop
      vertex 18.71892336110995 15.267854785222099 0
      vertex 18.897777478867205 14.776457135307563 0
      vertex 19 14 0
    endloop
  endfacet
  facet normal 0 0 -1
    outer loop
      vertex 18.897777478867205 14.776457135307563 0
      vertex 18.954423259036624 14.52094453300079 0
      vertex 19 14 0
    endloop
  endfacet
  facet normal 0 0 -1
    outer loop
      vertex 18.954423259036624 14.52094453300079 0
      vertex 18.988584094275236 14.261467228242974 0
      vertex 19 14 0
    endloop
  endfacet
  facet normal 0 0 -1
    outer loop
      vertex 17.92836282905962 16.298133329356936 0
      vertex 12.1 0 0
      vertex 14.25 12.4 0
    endloop
  endfacet
  facet normal 1 0 0
    outer loop
      vertex 19 14 0
      vertex 19 5.472322293210699 5.964918067425465
      vertex 19 4.141104721640332 5.545186779374907
    endloop
  endfacet
  facet normal 1 0 0
    outer loop
      vertex 19 14 0
      vertex 19 4.141104721640332 5.545186779374907
      vertex 19 2.7783708426708853 5.243075951804672
    endloop
  endfacet
  facet normal 1 0 0
    outer loop
      vertex 19 14 0
      vertex 19 2.7783708426708853 5.243075951804672
      vertex 19 1.3944918839625307 5.060884830532071
    endloop
  endfacet
  facet normal 1 0 0
    outer loop
      vertex 19 14 0
      vertex 19 1.3944918839625307 5.060884830532071
      vertex 19 0 5
    endloop
  endfacet
  facet normal 1 0 0
    outer loop
      vertex 19 14 0
      vertex 19 -2.7783708426708853 5.243075951804672
      vertex 19 -4.141104721640332 5.545186779374907
    endloop
  endfacet
  facet normal 1 0 0
    outer loop
      vertex 19 14 0
      vertex 19 0 5
      vertex 19 -1.3944918839625307 5.060884830532071
    endloop
  endfacet
  facet normal 1 0 0
    outer loop
      vertex 19 14 0
      vertex 19 -1.3944918839625307 5.060884830532071
      vertex 19 -2.7783708426708853 5.243075951804672
    endloop
  endfacet
  facet normal 0 0 -1
    outer loop
      vertex 9.635338826899446 2.0680962813256367 0
      vertex 9.456480005284707 2.0284442352070435 0
      vertex 9.75 12.4 0
    endloop
  endfacet
  facet normal 0 0 -1
    outer loop
      vertex 9.816972940229919 2.092008865992666 0
      vertex 9.635338826899446 2.0680962813256367 0
      vertex 9.75 12.4 0
    endloop
  endfacet
  facet normal 0 0 -1
    outer loop
      vertex 10 2.1 0
      vertex 9.816972940229919 2.092008865992666 0
      vertex 9.75 12.4 0
    endloop
  endfacet
  facet normal 0 0 -1
    outer loop
      vertex 14.25 12.4 0
      vertex 10.183027059770081 2.092008865992666 0
      vertex 10 2.1 0
    endloop
  endfacet
  facet normal 0 0 -1
    outer loop
      vertex 14.25 12.4 0
      vertex 10.364661173100554 2.0680962813256367 0
      vertex 10.183027059770081 2.092008865992666 0
    endloop
  endfacet
  facet normal 0 0 -1
    outer loop
      vertex 14.25 12.4 0
      vertex 10.543519994715293 2.0284442352070435 0
      vertex 10.364661173100554 2.0680962813256367 0
    endloop
  endfacet
  facet normal 0 0 -1
    outer loop
      vertex 14.25 12.4 0
      vertex 10.718242300983905 1.9733545036504079 0
      vertex 10.543519994715293 2.0284442352070435 0
    endloop
  endfacet
  facet normal 0 0 -1
    outer loop
      vertex 14.25 12.4 0
      vertex 10.887498349655468 1.903246352776965 0
      vertex 10.718242300983905 1.9733545036504079 0
    endloop
  endfacet
  facet normal 0 0 -1
    outer loop
      vertex 14.25 12.4 0
      vertex 11.05 1.818653347947321 0
      vertex 10.887498349655468 1.903246352776965 0
    endloop
  endfacet
  facet normal 0 0 -1
    outer loop
      vertex 14.25 12.4 0
      vertex 11.204510516337196 1.720219293006883 0
      vertex 11.05 1.818653347947321 0
    endloop
  endfacet
  facet normal 0 0 -1
    outer loop
      vertex 14.25 12.4 0
      vertex 11.349853980341733 1.608693330549854 0
      vertex 11.204510516337196 1.720219293006883 0
    endloop
  endfacet
  facet normal 0 0 -1
    outer loop
      vertex 14.25 12.4 0
      vertex 11.48492424049175 1.48492424049175 0
      vertex 11.349853980341733 1.608693330549854 0
    endloop
  endfacet
  facet normal 0 0 -1
    outer loop
      vertex 14.25 12.4 0
      vertex 11.608693330549855 1.3498539803417324 0
      vertex 11.48492424049175 1.48492424049175 0
    endloop
  endfacet
  facet normal 0 0 -1
    outer loop
      vertex 14.25 12.4 0
      vertex 11.720219293006883 1.2045105163371967 0
      vertex 11.608693330549855 1.3498539803417324 0
    endloop
  endfacet
  facet normal 0 0 -1
    outer loop
      vertex 14.25 12.4 0
      vertex 11.818653347947322 1.05 0
      vertex 11.720219293006883 1.2045105163371967 0
    endloop
  endfacet
  facet normal 0 0 -1
    outer loop
      vertex 14.25 12.4 0
      vertex 11.903246352776964 0.8874983496554688 0
      vertex 11.818653347947322 1.05 0
    endloop
  endfacet
  facet normal 0 0 -1
    outer loop
      vertex 14.25 12.4 0
      vertex 11.973354503650407 0.7182423009839043 0
      vertex 11.903246352776964 0.8874983496554688 0
    endloop
  endfacet
  facet normal 0 0 -1
    outer loop
      vertex 14.25 12.4 0
      vertex 12.028444235207044 0.5435199947152936 0
      vertex 11.973354503650407 0.7182423009839043 0
    endloop
  endfacet
  facet normal 0 0 -1
    outer loop
      vertex 14.25 12.4 0
      vertex 12.068096281325637 0.36466117310055374 0
      vertex 12.028444235207044 0.5435199947152936 0
    endloop
  endfacet
  facet normal 0 0 -1
    outer loop
      vertex 14.25 12.4 0
      vertex 12.092008865992666 0.18302705977008216 0
      vertex 12.068096281325637 0.36466117310055374 0
    endloop
  endfacet
  facet normal 0 0 -1
    outer loop
      vertex 14.25 12.4 0
      vertex 12.1 0 0
      vertex 12.092008865992666 0.18302705977008216 0
    endloop
  endfacet
  facet normal 0 0 -1
    outer loop
      vertex 17.92836282905962 16.298133329356936 0
      vertex 19 14 0
      vertex 17.92836282905962 -16.298133329356936 0
    endloop
  endfacet
  facet normal 0 0 1
    outer loop
      vertex -19 -9.315928787995578 8
      vertex 9.75 -12.4 8
      vertex 14.25 -12.4 8
    endloop
  endfacet
  facet normal 0 0 1
    outer loop
      vertex -9.75 -15.6 8
      vertex 9.75 -15.6 8
      vertex 9.75 -12.4 8
    endloop
  endfacet
  facet normal 0 0 1
    outer loop
      vertex -16 -17 8
      vertex 14.25 -15.6 8
      vertex 9.75 -15.6 8
    endloop
  endfacet
  facet normal 0 0 1
    outer loop
      vertex 19 -9.315928787995578 8
      vertex -19 -9.315928787995578 8
      vertex 14.25 -12.4 8
    endloop
  endfacet
  facet normal 0 0 1
    outer loop
      vertex -16 -17 8
      vertex 17.92836282905962 -16.298133329356936 8
      vertex 14.25 -15.6 8
    endloop
  endfacet
  facet normal 0 0 1
    outer loop
      vertex -16 -17 8
      vertex 16 -17 8
      vertex 17.92836282905962 -16.298133329356936 8
    endloop
  endfacet
  facet normal 1 0 0
    outer loop
      vertex 19 -14 8
      vertex 19 -4.141104721640332 5.545186779374907
      vertex 19 -5.472322293210699 5.964918067425465
    endloop
  endfacet
  facet normal 1 0 0
    outer loop
      vertex 19 14 0
      vertex 19 -4.141104721640332 5.545186779374907
      vertex 19 -14 8
    endloop
  endfacet
  facet normal 1 0 0
    outer loop
      vertex 19 -14 8
      vertex 19 -8 7.1435935394489825
      vertex 19 -9.177222981616737 7.893567291376131
    endloop
  endfacet
  facet normal 1 0 0
    outer loop
      vertex 19 -14 8
      vertex 19 -6.761892187851191 6.499075407413601
      vertex 19 -8 7.1435935394489825
    endloop
  endfacet
  facet normal 0 0 1
    outer loop
      vertex 17.92836282905962 -16.298133329356936 8
      vertex 19 -9.315928787995578 8
      vertex 14.25 -12.4 8
    endloop
  endfacet
  facet normal 1 0 0
    outer loop
      vertex 19 -14 8
      vertex 19 -9.177222981616737 7.893567291376131
      vertex 19 -9.315928787995578 8
    endloop
  endfacet
  facet normal 1 0 0
    outer loop
      vertex 19 -14 8
      vertex 19 -5.472322293210699 5.964918067425465
      vertex 19 -6.761892187851191 6.499075407413601
    endloop
  endfacet
  facet normal 0 0 1
    outer loop
      vertex 17.92836282905962 -16.298133329356936 8
      vertex 14.25 -12.4 8
      vertex 14.25 -15.6 8
    endloop
  endfacet
  facet normal 0 0 1
    outer loop
      vertex 16 -17 8
      vertex 16.261467228242974 -16.988584094275236 8
      vertex 16.52094453300079 -16.954423259036624 8
    endloop
  endfacet
  facet normal 0 0 1
    outer loop
      vertex 16 -17 8
      vertex 16.52094453300079 -16.954423259036624 8
      vertex 17.026060429977008 -16.819077862357727 8
    endloop
  endfacet
  facet normal 0 0 1
    outer loop
      vertex 19 -14 8
      vertex 19 -9.315928787995578 8
      vertex 17.92836282905962 -16.298133329356936 8
    endloop
  endfacet
  facet normal 0 0 1
    outer loop
      vertex 19 -14 8
      vertex 18.897777478867205 -14.776457135307563 8
      vertex 18.988584094275236 -14.261467228242974 8
    endloop
  endfacet
  facet normal 0 0 1
    outer loop
      vertex 18.988584094275236 -14.261467228242974 8
      vertex 18.897777478867205 -14.776457135307563 8
      vertex 18.954423259036624 -14.52094453300079 8
    endloop
  endfacet
  facet normal 0 0 1
    outer loop
      vertex 19 -14 8
      vertex 18.71892336110995 -15.267854785222099 8
      vertex 18.897777478867205 -14.776457135307563 8
    endloop
  endfacet
  facet normal 0 0 1
    outer loop
      vertex 16.52094453300079 -16.954423259036624 8
      vertex 16.776457135307563 -16.897777478867205 8
      vertex 17.026060429977008 -16.819077862357727 8
    endloop
  endfacet
  facet normal 0 0 1
    outer loop
      vertex 16 -17 8
      vertex 17.026060429977008 -16.819077862357727 8
      vertex 17.92836282905962 -16.298133329356936 8
    endloop
  endfacet
  facet normal 0 0 1
    outer loop
      vertex 17.720729309053137 -16.457456132866977 8
      vertex 17.92836282905962 -16.298133329356936 8
      vertex 17.5 -16.598076211353316 8
    endloop
  endfacet
  facet normal 0 0 1
    outer loop
      vertex 17.026060429977008 -16.819077862357727 8
      vertex 17.2678547852221 -16.71892336110995 8
      vertex 17.5 -16.598076211353316 8
    endloop
  endfacet
  facet normal 0 0 1
    outer loop
      vertex 17.026060429977008 -16.819077862357727 8
      vertex 17.5 -16.598076211353316 8
      vertex 17.92836282905962 -16.298133329356936 8
    endloop
  endfacet
  facet normal 0 0 1
    outer loop
      vertex 18.298133329356936 -15.928362829059617 8
      vertex 18.71892336110995 -15.267854785222099 8
      vertex 17.92836282905962 -16.298133329356936 8
    endloop
  endfacet
  facet normal 0 0 1
    outer loop
      vertex 19 -14 8
      vertex 17.92836282905962 -16.298133329356936 8
      vertex 18.71892336110995 -15.267854785222099 8
    endloop
  endfacet
  facet normal 0 0 1
    outer loop
      vertex 18.897777478867205 -14.776457135307563 8
      vertex 18.71892336110995 -15.267854785222099 8
      vertex 18.819077862357727 -15.026060429977006 8
    endloop
  endfacet
  facet normal 0 0 1
    outer loop
      vertex 18.298133329356936 -15.928362829059617 8
      vertex 18.598076211353316 -15.5 8
      vertex 18.71892336110995 -15.267854785222099 8
    endloop
  endfacet
  facet normal 0 0 1
    outer loop
      vertex 18.298133329356936 -15.928362829059617 8
      vertex 18.457456132866977 -15.720729309053137 8
      vertex 18.598076211353316 -15.5 8
    endloop
  endfacet
  facet normal 0 0 1
    outer loop
      vertex 18.298133329356936 -15.928362829059617 8
      vertex 17.92836282905962 -16.298133329356936 8
      vertex 18.121320343559642 -16.121320343559642 8
    endloop
  endfacet
  facet normal 0.043619387365338415 -0.9990482215818577 0
    outer loop
      vertex 16 -17 8
      vertex 16 -17 0
      vertex 16.261467228242974 -16.988584094275236 8
    endloop
  endfacet
  facet normal 0.13052619222005213 -0.9914448613738104 0
    outer loop
      vertex 16.261467228242974 -16.988584094275236 8
      vertex 16.52094453300079 -16.954423259036624 0
      vertex 16.52094453300079 -16.954423259036624 8
    endloop
  endfacet
  facet normal 0.21643961393809844 -0.9762960071199344 0
    outer loop
      vertex 16.52094453300079 -16.954423259036624 8
      vertex 16.52094453300079 -16.954423259036624 0
      vertex 16.776457135307563 -16.897777478867205 8
    endloop
  endfacet
  facet normal 0.9990482215818577 -0.043619387365338415 0
    outer loop
      vertex 19 -14 8
      vertex 18.988584094275236 -14.261467228242974 8
      vertex 18.988584094275236 -14.261467228242974 0
    endloop
  endfacet
  facet normal 0.9914448613738104 -0.13052619222005213 0
    outer loop
      vertex 18.988584094275236 -14.261467228242974 8
      vertex 18.954423259036624 -14.52094453300079 8
      vertex 18.954423259036624 -14.52094453300079 0
    endloop
  endfacet
  facet normal 0.9762960071199344 -0.21643961393809844 0
    outer loop
      vertex 18.954423259036624 -14.52094453300079 8
      vertex 18.897777478867205 -14.776457135307563 8
      vertex 18.954423259036624 -14.52094453300079 0
    endloop
  endfacet
  facet normal 0.9537169507482282 -0.3007057995042696 0
    outer loop
      vertex 18.897777478867205 -14.776457135307563 8
      vertex 18.819077862357727 -15.026060429977006 8
      vertex 18.897777478867205 -14.776457135307563 0
    endloop
  endfacet
  facet normal 0.3007057995042677 -0.9537169507482287 0
    outer loop
      vertex 16.776457135307563 -16.897777478867205 8
      vertex 17.026060429977008 -16.819077862357727 0
      vertex 17.026060429977008 -16.819077862357727 8
    endloop
  endfacet
  facet normal 0.38268343236509267 -0.9238795325112856 0
    outer loop
      vertex 17.026060429977008 -16.819077862357727 8
      vertex 17.026060429977008 -16.819077862357727 0
      vertex 17.2678547852221 -16.71892336110995 8
    endloop
  endfacet
  facet normal 0.4617486132350378 -0.8870108331782197 0
    outer loop
      vertex 17.2678547852221 -16.71892336110995 8
      vertex 17.5 -16.598076211353316 0
      vertex 17.5 -16.598076211353316 8
    endloop
  endfacet
  facet normal 0.5372996083468223 -0.8433914458128865 0
    outer loop
      vertex 17.720729309053137 -16.457456132866977 8
      vertex 17.5 -16.598076211353316 8
      vertex 17.5 -16.598076211353316 0
    endloop
  endfacet
  facet normal 0.7933533402912375 -0.6087614290087174 0
    outer loop
      vertex 18.298133329356936 -15.928362829059617 8
      vertex 18.457456132866977 -15.720729309053137 0
      vertex 18.457456132866977 -15.720729309053137 8
    endloop
  endfacet
  facet normal 0.8870108331782197 -0.4617486132350378 0
    outer loop
      vertex 18.71892336110995 -15.267854785222099 8
      vertex 18.598076211353316 -15.5 8
      vertex 18.71892336110995 -15.267854785222099 0
    endloop
  endfacet
  facet normal 0.9238795325112865 -0.3826834323650902 0
    outer loop
      vertex 18.819077862357727 -15.026060429977006 8
      vertex 18.71892336110995 -15.267854785222099 8
      vertex 18.71892336110995 -15.267854785222099 0
    endloop
  endfacet
  facet normal 0.8433914458128865 -0.5372996083468223 0
    outer loop
      vertex 18.598076211353316 -15.5 8
      vertex 18.457456132866977 -15.720729309053137 8
      vertex 18.457456132866977 -15.720729309053137 0
    endloop
  endfacet
  facet normal 0.6087614290087142 -0.79335334029124 0
    outer loop
      vertex 17.720729309053137 -16.457456132866977 8
      vertex 17.92836282905962 -16.298133329356936 0
      vertex 17.92836282905962 -16.298133329356936 8
    endloop
  endfacet
  facet normal 0.6755902076156696 -0.7372773368101154 0
    outer loop
      vertex 17.92836282905962 -16.298133329356936 8
      vertex 17.92836282905962 -16.298133329356936 0
      vertex 18.121320343559642 -16.121320343559642 8
    endloop
  endfacet
  facet normal 0.7372773368101185 -0.6755902076156661 0
    outer loop
      vertex 18.298133329356936 -15.928362829059617 8
      vertex 18.121320343559642 -16.121320343559642 8
      vertex 18.298133329356936 -15.928362829059617 0
    endloop
  endfacet
  facet normal 0 0 -1
    outer loop
      vertex -13.640316629383648 12.4 0
      vertex 8.95 -1.818653347947321 0
      vertex 9.75 -12.4 0
    endloop
  endfacet
  facet normal 0 0 -1
    outer loop
      vertex 9.75 -12.4 0
      vertex 8.95 -1.818653347947321 0
      vertex 9.112501650344532 -1.903246352776965 0
    endloop
  endfacet
  facet normal 0 0 -1
    outer loop
      vertex 9.75 -12.4 0
      vertex 9.112501650344532 -1.903246352776965 0
      vertex 9.281757699016095 -1.9733545036504079 0
    endloop
  endfacet
  facet normal 0 0 -1
    outer loop
      vertex 9.75 -12.4 0
      vertex 9.281757699016095 -1.9733545036504079 0
      vertex 9.456480005284707 -2.0284442352070435 0
    endloop
  endfacet
  facet normal 0 -1 0
    outer loop
      vertex -16 -17 0
      vertex 16 -17 0
      vertex 16 -17 8
    endloop
  endfacet
  facet normal 0 0 -1
    outer loop
      vertex -17.92836282905962 -16.298133329356936 0
      vertex 9.75 -15.6 0
      vertex 14.25 -15.6 0
    endloop
  endfacet
  facet normal 0 0 -1
    outer loop
      vertex -9.75 -12.4 0
      vertex 9.75 -12.4 0
      vertex 9.75 -15.6 0
    endloop
  endfacet
  facet normal 0 0 -1
    outer loop
      vertex -17.92836282905962 -16.298133329356936 0
      vertex 14.25 -15.6 0
      vertex 17.92836282905962 -16.298133329356936 0
    endloop
  endfacet
  facet normal 0 0 -1
    outer loop
      vertex -16 -17 0
      vertex 17.92836282905962 -16.298133329356936 0
      vertex 16 -17 0
    endloop
  endfacet
  facet normal 1 0 0
    outer loop
      vertex 19 14 0
      vertex 19 -14 8
      vertex 19 -14 0
    endloop
  endfacet
  facet normal 0 0 -1
    outer loop
      vertex 12.1 0 0
      vertex 14.25 -12.4 0
      vertex 12.092008865992666 -0.18302705977008216 0
    endloop
  endfacet
  facet normal 0 0 -1
    outer loop
      vertex 9.75 -12.4 0
      vertex 9.456480005284707 -2.0284442352070435 0
      vertex 9.635338826899446 -2.0680962813256367 0
    endloop
  endfacet
  facet normal 0 0 -1
    outer loop
      vertex 9.75 -12.4 0
      vertex 9.635338826899446 -2.0680962813256367 0
      vertex 9.816972940229919 -2.092008865992666 0
    endloop
  endfacet
  facet normal 0 0 -1
    outer loop
      vertex 9.75 -12.4 0
      vertex 9.816972940229919 -2.092008865992666 0
      vertex 10 -2.1 0
    endloop
  endfacet
  facet normal 0 0 -1
    outer loop
      vertex 9.75 -12.4 0
      vertex 10 -2.1 0
      vertex 10.183027059770081 -2.092008865992666 0
    endloop
  endfacet
  facet normal 0 0 -1
    outer loop
      vertex 9.75 -12.4 0
      vertex 10.183027059770081 -2.092008865992666 0
      vertex 10.364661173100554 -2.0680962813256367 0
    endloop
  endfacet
  facet normal 0 0 -1
    outer loop
      vertex 9.75 -12.4 0
      vertex 10.364661173100554 -2.0680962813256367 0
      vertex 10.543519994715293 -2.0284442352070435 0
    endloop
  endfacet
  facet normal 0 0 -1
    outer loop
      vertex 9.75 -12.4 0
      vertex 10.543519994715293 -2.0284442352070435 0
      vertex 10.718242300983905 -1.9733545036504079 0
    endloop
  endfacet
  facet normal 0 0 -1
    outer loop
      vertex 9.75 -12.4 0
      vertex 10.718242300983905 -1.9733545036504079 0
      vertex 10.887498349655468 -1.903246352776965 0
    endloop
  endfacet
  facet normal 0 0 -1
    outer loop
      vertex 9.75 -12.4 0
      vertex 10.887498349655468 -1.903246352776965 0
      vertex 11.05 -1.818653347947321 0
    endloop
  endfacet
  facet normal 0 0 -1
    outer loop
      vertex 9.75 -12.4 0
      vertex 11.05 -1.818653347947321 0
      vertex 11.204510516337196 -1.720219293006883 0
    endloop
  endfacet
  facet normal 0 0 -1
    outer loop
      vertex 11.204510516337196 -1.720219293006883 0
      vertex 11.349853980341733 -1.608693330549854 0
      vertex 9.75 -12.4 0
    endloop
  endfacet
  facet normal 0 0 -1
    outer loop
      vertex 11.349853980341733 -1.608693330549854 0
      vertex 11.48492424049175 -1.48492424049175 0
      vertex 14.25 -12.4 0
    endloop
  endfacet
  facet normal 0 0 -1
    outer loop
      vertex 11.608693330549855 -1.3498539803417324 0
      vertex 14.25 -12.4 0
      vertex 11.48492424049175 -1.48492424049175 0
    endloop
  endfacet
  facet normal 0 0 -1
    outer loop
      vertex 12.028444235207044 -0.5435199947152936 0
      vertex 14.25 -12.4 0
      vertex 11.973354503650407 -0.7182423009839043 0
    endloop
  endfacet
  facet normal 0 0 -1
    outer loop
      vertex 11.903246352776964 -0.8874983496554688 0
      vertex 14.25 -12.4 0
      vertex 11.818653347947322 -1.05 0
    endloop
  endfacet
  facet normal 0 0 -1
    outer loop
      vertex 11.973354503650407 -0.7182423009839043 0
      vertex 14.25 -12.4 0
      vertex 11.903246352776964 -0.8874983496554688 0
    endloop
  endfacet
  facet normal 0 0 -1
    outer loop
      vertex 12.092008865992666 -0.18302705977008216 0
      vertex 14.25 -12.4 0
      vertex 12.068096281325637 -0.36466117310055374 0
    endloop
  endfacet
  facet normal 0 0 -1
    outer loop
      vertex 12.068096281325637 -0.36466117310055374 0
      vertex 14.25 -12.4 0
      vertex 12.028444235207044 -0.5435199947152936 0
    endloop
  endfacet
  facet normal 0 0 -1
    outer loop
      vertex 11.818653347947322 -1.05 0
      vertex 14.25 -12.4 0
      vertex 11.720219293006883 -1.2045105163371967 0
    endloop
  endfacet
  facet normal 0 0 -1
    outer loop
      vertex 11.720219293006883 -1.2045105163371967 0
      vertex 14.25 -12.4 0
      vertex 11.608693330549855 -1.3498539803417324 0
    endloop
  endfacet
  facet normal 0 0 -1
    outer loop
      vertex 17.92836282905962 16.298133329356936 0
      vertex 17.92836282905962 -16.298133329356936 0
      vertex 12.1 0 0
    endloop
  endfacet
  facet normal 0 0 -1
    outer loop
      vertex 19 14 0
      vertex 19 -14 0
      vertex 17.92836282905962 -16.298133329356936 0
    endloop
  endfacet
  facet normal 0.043619387365338415 -0.9990482215818577 0
    outer loop
      vertex 16.261467228242974 -16.988584094275236 8
      vertex 16 -17 0
      vertex 16.261467228242974 -16.988584094275236 0
    endloop
  endfacet
  facet normal 0.13052619222005213 -0.9914448613738104 0
    outer loop
      vertex 16.261467228242974 -16.988584094275236 8
      vertex 16.261467228242974 -16.988584094275236 0
      vertex 16.52094453300079 -16.954423259036624 0
    endloop
  endfacet
  facet normal 0.9990482215818577 -0.043619387365338415 0
    outer loop
      vertex 19 -14 8
      vertex 18.988584094275236 -14.261467228242974 0
      vertex 19 -14 0
    endloop
  endfacet
  facet normal 0.9914448613738104 -0.13052619222005213 0
    outer loop
      vertex 18.988584094275236 -14.261467228242974 8
      vertex 18.954423259036624 -14.52094453300079 0
      vertex 18.988584094275236 -14.261467228242974 0
    endloop
  endfacet
  facet normal 0.9762960071199344 -0.21643961393809844 0
    outer loop
      vertex 18.897777478867205 -14.776457135307563 8
      vertex 18.897777478867205 -14.776457135307563 0
      vertex 18.954423259036624 -14.52094453300079 0
    endloop
  endfacet
  facet normal 0.21643961393809844 -0.9762960071199344 0
    outer loop
      vertex 16.776457135307563 -16.897777478867205 8
      vertex 16.52094453300079 -16.954423259036624 0
      vertex 16.776457135307563 -16.897777478867205 0
    endloop
  endfacet
  facet normal 0.3007057995042677 -0.9537169507482287 0
    outer loop
      vertex 16.776457135307563 -16.897777478867205 8
      vertex 16.776457135307563 -16.897777478867205 0
      vertex 17.026060429977008 -16.819077862357727 0
    endloop
  endfacet
  facet normal 0.38268343236509267 -0.9238795325112856 0
    outer loop
      vertex 17.2678547852221 -16.71892336110995 8
      vertex 17.026060429977008 -16.819077862357727 0
      vertex 17.2678547852221 -16.71892336110995 0
    endloop
  endfacet
  facet normal 0.6087614290087142 -0.79335334029124 0
    outer loop
      vertex 17.720729309053137 -16.457456132866977 8
      vertex 17.720729309053137 -16.457456132866977 0
      vertex 17.92836282905962 -16.298133329356936 0
    endloop
  endfacet
  facet normal 0.4617486132350378 -0.8870108331782197 0
    outer loop
      vertex 17.2678547852221 -16.71892336110995 8
      vertex 17.2678547852221 -16.71892336110995 0
      vertex 17.5 -16.598076211353316 0
    endloop
  endfacet
  facet normal 0.5372996083468223 -0.8433914458128865 0
    outer loop
      vertex 17.720729309053137 -16.457456132866977 8
      vertex 17.5 -16.598076211353316 0
      vertex 17.720729309053137 -16.457456132866977 0
    endloop
  endfacet
  facet normal 0.7933533402912375 -0.6087614290087174 0
    outer loop
      vertex 18.298133329356936 -15.928362829059617 8
      vertex 18.298133329356936 -15.928362829059617 0
      vertex 18.457456132866977 -15.720729309053137 0
    endloop
  endfacet
  facet normal 0.9537169507482282 -0.3007057995042696 0
    outer loop
      vertex 18.819077862357727 -15.026060429977006 8
      vertex 18.819077862357727 -15.026060429977006 0
      vertex 18.897777478867205 -14.776457135307563 0
    endloop
  endfacet
  facet normal 0.9238795325112865 -0.3826834323650902 0
    outer loop
      vertex 18.819077862357727 -15.026060429977006 8
      vertex 18.71892336110995 -15.267854785222099 0
      vertex 18.819077862357727 -15.026060429977006 0
    endloop
  endfacet
  facet normal 0.8433914458128865 -0.5372996083468223 0
    outer loop
      vertex 18.598076211353316 -15.5 8
      vertex 18.457456132866977 -15.720729309053137 0
      vertex 18.598076211353316 -15.5 0
    endloop
  endfacet
  facet normal 0.8870108331782197 -0.4617486132350378 0
    outer loop
      vertex 18.598076211353316 -15.5 8
      vertex 18.598076211353316 -15.5 0
      vertex 18.71892336110995 -15.267854785222099 0
    endloop
  endfacet
  facet normal 0.6755902076156696 -0.7372773368101154 0
    outer loop
      vertex 18.121320343559642 -16.121320343559642 8
      vertex 17.92836282905962 -16.298133329356936 0
      vertex 18.121320343559642 -16.121320343559642 0
    endloop
  endfacet
  facet normal 0.7372773368101185 -0.6755902076156661 0
    outer loop
      vertex 18.121320343559642 -16.121320343559642 8
      vertex 18.121320343559642 -16.121320343559642 0
      vertex 18.298133329356936 -15.928362829059617 0
    endloop
  endfacet
  facet normal 0 0 -1
    outer loop
      vertex 11.349853980341733 -1.608693330549854 0
      vertex 14.25 -12.4 0
      vertex 9.75 -12.4 0
    endloop
  endfacet
  facet normal 0 0 -1
    outer loop
      vertex 17.92836282905962 -16.298133329356936 0
      vertex 14.25 -12.4 0
      vertex 12.1 0 0
    endloop
  endfacet
  facet normal 0 0 -1
    outer loop
      vertex 17.92836282905962 -16.298133329356936 0
      vertex 14.25 -15.6 0
      vertex 14.25 -12.4 0
    endloop
  endfacet
  facet normal 0 0 -1
    outer loop
      vertex 16 -17 0
      vertex 16.52094453300079 -16.954423259036624 0
      vertex 16.261467228242974 -16.988584094275236 0
    endloop
  endfacet
  facet normal 0 0 -1
    outer loop
      vertex 16 -17 0
      vertex 17.026060429977008 -16.819077862357727 0
      vertex 16.52094453300079 -16.954423259036624 0
    endloop
  endfacet
  facet normal 0 0 -1
    outer loop
      vertex 19 -14 0
      vertex 18.988584094275236 -14.261467228242974 0
      vertex 18.897777478867205 -14.776457135307563 0
    endloop
  endfacet
  facet normal 0 0 -1
    outer loop
      vertex 18.988584094275236 -14.261467228242974 0
      vertex 18.954423259036624 -14.52094453300079 0
      vertex 18.897777478867205 -14.776457135307563 0
    endloop
  endfacet
  facet normal 0 0 -1
    outer loop
      vertex 16.52094453300079 -16.954423259036624 0
      vertex 17.026060429977008 -16.819077862357727 0
      vertex 16.776457135307563 -16.897777478867205 0
    endloop
  endfacet
  facet normal 0 0 -1
    outer loop
      vertex 16 -17 0
      vertex 17.92836282905962 -16.298133329356936 0
      vertex 17.026060429977008 -16.819077862357727 0
    endloop
  endfacet
  facet normal 0 0 -1
    outer loop
      vertex 17.720729309053137 -16.457456132866977 0
      vertex 17.5 -16.598076211353316 0
      vertex 17.92836282905962 -16.298133329356936 0
    endloop
  endfacet
  facet normal 0 0 -1
    outer loop
      vertex 17.026060429977008 -16.819077862357727 0
      vertex 17.5 -16.598076211353316 0
      vertex 17.2678547852221 -16.71892336110995 0
    endloop
  endfacet
  facet normal 0 0 -1
    outer loop
      vertex 17.026060429977008 -16.819077862357727 0
      vertex 17.92836282905962 -16.298133329356936 0
      vertex 17.5 -16.598076211353316 0
    endloop
  endfacet
  facet normal 0 0 -1
    outer loop
      vertex 19 -14 0
      vertex 18.897777478867205 -14.776457135307563 0
      vertex 17.92836282905962 -16.298133329356936 0
    endloop
  endfacet
  facet normal 0 0 -1
    outer loop
      vertex 18.897777478867205 -14.776457135307563 0
      vertex 18.71892336110995 -15.267854785222099 0
      vertex 18.457456132866977 -15.720729309053137 0
    endloop
  endfacet
  facet normal 0 0 -1
    outer loop
      vertex 18.897777478867205 -14.776457135307563 0
      vertex 18.819077862357727 -15.026060429977006 0
      vertex 18.71892336110995 -15.267854785222099 0
    endloop
  endfacet
  facet normal 0 0 -1
    outer loop
      vertex 18.897777478867205 -14.776457135307563 0
      vertex 18.457456132866977 -15.720729309053137 0
      vertex 17.92836282905962 -16.298133329356936 0
    endloop
  endfacet
  facet normal 0 0 -1
    outer loop
      vertex 18.71892336110995 -15.267854785222099 0
      vertex 18.598076211353316 -15.5 0
      vertex 18.457456132866977 -15.720729309053137 0
    endloop
  endfacet
  facet normal 0 0 -1
    outer loop
      vertex 18.298133329356936 -15.928362829059617 0
      vertex 17.92836282905962 -16.298133329356936 0
      vertex 18.457456132866977 -15.720729309053137 0
    endloop
  endfacet
  facet normal 0 0 -1
    outer loop
      vertex 18.298133329356936 -15.928362829059617 0
      vertex 18.121320343559642 -16.121320343559642 0
      vertex 17.92836282905962 -16.298133329356936 0
    endloop
  endfacet
  facet normal 0 -1 0
    outer loop
      vertex -14.25 15.6 8
      vertex -14.25 15.6 0
      vertex -9.75 15.6 8
    endloop
  endfacet
  facet normal 1 0 0
    outer loop
      vertex -14.25 15.6 8
      vertex -14.25 12.4 8
      vertex -14.25 12.4 0
    endloop
  endfacet
  facet normal -1 0 0
    outer loop
      vertex -9.75 15.6 8
      vertex -9.75 15.6 0
      vertex -9.75 12.4 8
    endloop
  endfacet
  facet normal 0 1 0
    outer loop
      vertex -14.25 12.4 8
      vertex -9.75 12.4 8
      vertex -9.75 12.4 0
    endloop
  endfacet
  facet normal 1 0 0
    outer loop
      vertex -14.25 12.4 0
      vertex -14.25 15.6 0
      vertex -14.25 15.6 8
    endloop
  endfacet
  facet normal 0 -1 0
    outer loop
      vertex -9.75 15.6 8
      vertex -14.25 15.6 0
      vertex -9.75 15.6 0
    endloop
  endfacet
  facet normal -1 0 0
    outer loop
      vertex -9.75 12.4 8
      vertex -9.75 15.6 0
      vertex -9.75 12.4 0
    endloop
  endfacet
  facet normal 0 1 0
    outer loop
      vertex -14.25 12.4 8
      vertex -13.640316629383648 12.4 0
      vertex -14.25 12.4 0
    endloop
  endfacet
  facet normal 0 1 0
    outer loop
      vertex -13.640316629383648 12.4 0
      vertex -14.25 12.4 8
      vertex -9.75 12.4 0
    endloop
  endfacet
  facet normal 0 -1 0
    outer loop
      vertex -14.25 -12.4 8
      vertex -14.25 -12.4 0
      vertex -9.75 -12.4 8
    endloop
  endfacet
  facet normal 1 0 0
    outer loop
      vertex -14.25 -12.4 8
      vertex -14.25 -15.6 8
      vertex -14.25 -15.6 0
    endloop
  endfacet
  facet normal -1 0 0
    outer loop
      vertex -9.75 -12.4 8
      vertex -9.75 -12.4 0
      vertex -9.75 -15.6 8
    endloop
  endfacet
  facet normal 0 1 0
    outer loop
      vertex -14.25 -15.6 8
      vertex -9.75 -15.6 8
      vertex -9.75 -15.6 0
    endloop
  endfacet
  facet normal 0 -1 0
    outer loop
      vertex -9.75 -12.4 0
      vertex -9.75 -12.4 8
      vertex -14.25 -12.4 0
    endloop
  endfacet
  facet normal 1 0 0
    outer loop
      vertex -14.25 -12.4 8
      vertex -14.25 -15.6 0
      vertex -14.25 -12.4 0
    endloop
  endfacet
  facet normal 0 1 0
    outer loop
      vertex -14.25 -15.6 0
      vertex -14.25 -15.6 8
      vertex -9.75 -15.6 0
    endloop
  endfacet
  facet normal -1 0 0
    outer loop
      vertex -9.75 -12.4 0
      vertex -9.75 -15.6 0
      vertex -9.75 -15.6 8
    endloop
  endfacet
  facet normal 0 -1 0
    outer loop
      vertex 9.75 15.6 8
      vertex 9.75 15.6 0
      vertex 14.25 15.6 8
    endloop
  endfacet
  facet normal 1 0 0
    outer loop
      vertex 9.75 15.6 8
      vertex 9.75 12.4 8
      vertex 9.75 12.4 0
    endloop
  endfacet
  facet normal 0 1 0
    outer loop
      vertex 9.75 12.4 8
      vertex 14.25 12.4 8
      vertex 14.25 12.4 0
    endloop
  endfacet
  facet normal -1 0 0
    outer loop
      vertex 14.25 12.4 8
      vertex 14.25 15.6 8
      vertex 14.25 15.6 0
    endloop
  endfacet
  facet normal 1 0 0
    outer loop
      vertex 9.75 15.6 8
      vertex 9.75 12.4 0
      vertex 9.75 15.6 0
    endloop
  endfacet
  facet normal 0 -1 0
    outer loop
      vertex 14.25 15.6 8
      vertex 9.75 15.6 0
      vertex 14.25 15.6 0
    endloop
  endfacet
  facet normal 0 1 0
    outer loop
      vertex 9.75 12.4 8
      vertex 14.25 12.4 0
      vertex 9.75 12.4 0
    endloop
  endfacet
  facet normal -1 0 0
    outer loop
      vertex 14.25 12.4 8
      vertex 14.25 15.6 0
      vertex 14.25 12.4 0
    endloop
  endfacet
  facet normal 0 -1 0
    outer loop
      vertex 9.75 -12.4 0
      vertex 14.25 -12.4 8
      vertex 9.75 -12.4 8
    endloop
  endfacet
  facet normal 1 0 0
    outer loop
      vertex 9.75 -15.6 0
      vertex 9.75 -12.4 8
      vertex 9.75 -15.6 8
    endloop
  endfacet
  facet normal 0 1 0
    outer loop
      vertex 9.75 -15.6 8
      vertex 14.25 -15.6 8
      vertex 14.25 -15.6 0
    endloop
  endfacet
  facet normal -1 0 0
    outer loop
      vertex 14.25 -12.4 8
      vertex 14.25 -12.4 0
      vertex 14.25 -15.6 8
    endloop
  endfacet
  facet normal 0 -1 0
    outer loop
      vertex 14.25 -12.4 0
      vertex 14.25 -12.4 8
      vertex 9.75 -12.4 0
    endloop
  endfacet
  facet normal 1 0 0
    outer loop
      vertex 9.75 -15.6 0
      vertex 9.75 -12.4 0
      vertex 9.75 -12.4 8
    endloop
  endfacet
  facet normal 0 1 0
    outer loop
      vertex 9.75 -15.6 0
      vertex 9.75 -15.6 8
      vertex 14.25 -15.6 0
    endloop
  endfacet
  facet normal -1 0 0
    outer loop
      vertex 14.25 -12.4 0
      vertex 14.25 -15.6 0
      vertex 14.25 -15.6 8
    endloop
  endfacet
  facet normal 0 0 -1
    outer loop
      vertex -12.092008865992666 0.18302705977008216 5
      vertex -7.9 0 5
      vertex -12.1 0 5
    endloop
  endfacet
  facet normal 0 0 -1
    outer loop
      vertex -11.349853980341733 1.608693330549854 5
      vertex -11.204510516337196 1.720219293006883 5
      vertex -7.9 0 5
    endloop
  endfacet
  facet normal 0 0 -1
    outer loop
      vertex -11.05 1.818653347947321 5
      vertex -10.887498349655468 1.903246352776965 5
      vertex -7.9 0 5
    endloop
  endfacet
  facet normal 0 0 -1
    outer loop
      vertex -11.05 1.818653347947321 5
      vertex -7.9 0 5
      vertex -11.204510516337196 1.720219293006883 5
    endloop
  endfacet
  facet normal 0 0 -1
    outer loop
      vertex -10.887498349655468 1.903246352776965 5
      vertex -10.718242300983905 1.9733545036504079 5
      vertex -7.9 0 5
    endloop
  endfacet
  facet normal 0 0 -1
    outer loop
      vertex -10.543519994715293 2.0284442352070435 5
      vertex -7.9 0 5
      vertex -10.718242300983905 1.9733545036504079 5
    endloop
  endfacet
  facet normal 0 0 -1
    outer loop
      vertex -10.543519994715293 2.0284442352070435 5
      vertex -10.364661173100554 2.0680962813256367 5
      vertex -7.9 0 5
    endloop
  endfacet
  facet normal 0 0 -1
    outer loop
      vertex -11.608693330549855 1.3498539803417324 5
      vertex -7.9 0 5
      vertex -11.720219293006883 1.2045105163371967 5
    endloop
  endfacet
  facet normal 0 0 -1
    outer loop
      vertex -11.818653347947322 1.05 5
      vertex -7.9 0 5
      vertex -11.903246352776964 0.8874983496554688 5
    endloop
  endfacet
  facet normal 0 0 -1
    outer loop
      vertex -11.903246352776964 0.8874983496554688 5
      vertex -7.9 0 5
      vertex -11.973354503650407 0.7182423009839043 5
    endloop
  endfacet
  facet normal 0 0 -1
    outer loop
      vertex -11.720219293006883 1.2045105163371967 5
      vertex -7.9 0 5
      vertex -11.818653347947322 1.05 5
    endloop
  endfacet
  facet normal 0 0 -1
    outer loop
      vertex -11.608693330549855 1.3498539803417324 5
      vertex -11.48492424049175 1.48492424049175 5
      vertex -7.9 0 5
    endloop
  endfacet
  facet normal 0 0 -1
    outer loop
      vertex -11.349853980341733 1.608693330549854 5
      vertex -7.9 0 5
      vertex -11.48492424049175 1.48492424049175 5
    endloop
  endfacet
  facet normal 0 0 -1
    outer loop
      vertex -11.973354503650407 0.7182423009839043 5
      vertex -7.9 0 5
      vertex -12.028444235207044 0.5435199947152936 5
    endloop
  endfacet
  facet normal 0 0 -1
    outer loop
      vertex -12.028444235207044 0.5435199947152936 5
      vertex -7.9 0 5
      vertex -12.068096281325637 0.36466117310055374 5
    endloop
  endfacet
  facet normal 0 0 -1
    outer loop
      vertex -12.068096281325637 0.36466117310055374 5
      vertex -7.9 0 5
      vertex -12.092008865992666 0.18302705977008216 5
    endloop
  endfacet
  facet normal 0 0 -1
    outer loop
      vertex -10.364661173100554 2.0680962813256367 5
      vertex -10.183027059770081 2.092008865992666 5
      vertex -7.9 0 5
    endloop
  endfacet
  facet normal 0 0 -1
    outer loop
      vertex -10.183027059770081 2.092008865992666 5
      vertex -10 2.1 5
      vertex -7.9 0 5
    endloop
  endfacet
  facet normal 0 0 -1
    outer loop
      vertex -10 2.1 5
      vertex -9.816972940229919 2.092008865992666 5
      vertex -7.9 0 5
    endloop
  endfacet
  facet normal 0 0 -1
    outer loop
      vertex -9.816972940229919 2.092008865992666 5
      vertex -9.635338826899446 2.0680962813256367 5
      vertex -7.9 0 5
    endloop
  endfacet
  facet normal 0 0 -1
    outer loop
      vertex -9.635338826899446 2.0680962813256367 5
      vertex -9.456480005284707 2.0284442352070435 5
      vertex -7.9 0 5
    endloop
  endfacet
  facet normal 0 0 -1
    outer loop
      vertex -9.456480005284707 2.0284442352070435 5
      vertex -9.281757699016095 1.9733545036504079 5
      vertex -7.9 0 5
    endloop
  endfacet
  facet normal 0 0 -1
    outer loop
      vertex -9.281757699016095 1.9733545036504079 5
      vertex -9.112501650344532 1.903246352776965 5
      vertex -7.9 0 5
    endloop
  endfacet
  facet normal 0 0 -1
    outer loop
      vertex -9.112501650344532 1.903246352776965 5
      vertex -8.95 1.818653347947321 5
      vertex -7.9 0 5
    endloop
  endfacet
  facet normal 0 0 -1
    outer loop
      vertex -8.95 1.818653347947321 5
      vertex -8.795489483662804 1.720219293006883 5
      vertex -7.9 0 5
    endloop
  endfacet
  facet normal 0 0 -1
    outer loop
      vertex -8.795489483662804 1.720219293006883 5
      vertex -8.650146019658267 1.608693330549854 5
      vertex -7.9 0 5
    endloop
  endfacet
  facet normal 0 0 -1
    outer loop
      vertex -8.650146019658267 1.608693330549854 5
      vertex -8.51507575950825 1.48492424049175 5
      vertex -7.9 0 5
    endloop
  endfacet
  facet normal 0 0 -1
    outer loop
      vertex -8.51507575950825 1.48492424049175 5
      vertex -8.391306669450145 1.3498539803417324 5
      vertex -7.9 0 5
    endloop
  endfacet
  facet normal 0 0 -1
    outer loop
      vertex -8.391306669450145 1.3498539803417324 5
      vertex -8.279780706993117 1.2045105163371967 5
      vertex -7.9 0 5
    endloop
  endfacet
  facet normal 0 0 -1
    outer loop
      vertex -8.279780706993117 1.2045105163371967 5
      vertex -8.181346652052678 1.05 5
      vertex -7.9 0 5
    endloop
  endfacet
  facet normal 0 0 -1
    outer loop
      vertex -8.181346652052678 1.05 5
      vertex -8.096753647223036 0.8874983496554688 5
      vertex -7.9 0 5
    endloop
  endfacet
  facet normal 0 0 -1
    outer loop
      vertex -8.096753647223036 0.8874983496554688 5
      vertex -8.026645496349593 0.7182423009839043 5
      vertex -7.9 0 5
    endloop
  endfacet
  facet normal 0 0 -1
    outer loop
      vertex -8.026645496349593 0.7182423009839043 5
      vertex -7.9715557647929565 0.5435199947152936 5
      vertex -7.9 0 5
    endloop
  endfacet
  facet normal 0 0 -1
    outer loop
      vertex -7.9715557647929565 0.5435199947152936 5
      vertex -7.931903718674363 0.36466117310055374 5
      vertex -7.9 0 5
    endloop
  endfacet
  facet normal 0 0 -1
    outer loop
      vertex -7.931903718674363 0.36466117310055374 5
      vertex -7.907991134007334 0.18302705977008216 5
      vertex -7.9 0 5
    endloop
  endfacet
  facet normal 0.8870108331782248 -0.46174861323502786 0
    outer loop
      vertex -11.818653347947322 1.05 5
      vertex -11.903246352776964 0.8874983496554688 5
      vertex -11.903246352776964 0.8874983496554688 0
    endloop
  endfacet
  facet normal 0.9238795325112863 -0.3826834323650907 0
    outer loop
      vertex -11.903246352776964 0.8874983496554688 5
      vertex -11.973354503650407 0.7182423009839043 5
      vertex -11.973354503650407 0.7182423009839043 0
    endloop
  endfacet
  facet normal 0.953716950748226 -0.30070579950427573 0
    outer loop
      vertex -11.973354503650407 0.7182423009839043 5
      vertex -12.028444235207044 0.5435199947152936 5
      vertex -12.028444235207044 0.5435199947152936 0
    endloop
  endfacet
  facet normal 0.9762960071199333 -0.21643961393810354 0
    outer loop
      vertex -12.028444235207044 0.5435199947152936 5
      vertex -12.068096281325637 0.36466117310055374 5
      vertex -12.068096281325637 0.36466117310055374 0
    endloop
  endfacet
  facet normal 0.9914448613738105 -0.13052619222005177 0
    outer loop
      vertex -12.068096281325637 0.36466117310055374 5
      vertex -12.092008865992666 0.18302705977008216 5
      vertex -12.092008865992666 0.18302705977008216 0
    endloop
  endfacet
  facet normal 0.9990482215818579 -0.043619387365332586 0
    outer loop
      vertex -12.092008865992666 0.18302705977008216 5
      vertex -12.1 0 5
      vertex -12.1 0 0
    endloop
  endfacet
  facet normal 0.6087614290087184 -0.7933533402912369 0
    outer loop
      vertex -11.349853980341733 1.608693330549854 5
      vertex -11.349853980341733 1.608693330549854 0
      vertex -11.204510516337196 1.720219293006883 5
    endloop
  endfacet
  facet normal 0.843391445812884 -0.5372996083468264 0
    outer loop
      vertex -11.720219293006883 1.2045105163371967 5
      vertex -11.818653347947322 1.05 5
      vertex -11.818653347947322 1.05 0
    endloop
  endfacet
  facet normal 0.7933533402912368 -0.6087614290087184 0
    outer loop
      vertex -11.608693330549855 1.3498539803417324 5
      vertex -11.720219293006883 1.2045105163371967 5
      vertex -11.720219293006883 1.2045105163371967 0
    endloop
  endfacet
  facet normal 0.6755902076156588 -0.7372773368101253 0
    outer loop
      vertex -11.349853980341733 1.608693330549854 5
      vertex -11.48492424049175 1.48492424049175 5
      vertex -11.48492424049175 1.48492424049175 0
    endloop
  endfacet
  facet normal 0.7372773368101242 -0.6755902076156601 0
    outer loop
      vertex -11.608693330549855 1.3498539803417324 5
      vertex -11.608693330549855 1.3498539803417324 0
      vertex -11.48492424049175 1.48492424049175 5
    endloop
  endfacet
  facet normal 0.5372996083468262 -0.8433914458128842 0
    outer loop
      vertex -11.05 1.818653347947321 5
      vertex -11.204510516337196 1.720219293006883 5
      vertex -11.204510516337196 1.720219293006883 0
    endloop
  endfacet
  facet normal 0.4617486132350313 -0.887010833178223 0
    outer loop
      vertex -11.05 1.818653347947321 5
      vertex -11.05 1.818653347947321 0
      vertex -10.887498349655468 1.903246352776965 5
    endloop
  endfacet
  facet normal 0.38268343236509267 -0.9238795325112856 0
    outer loop
      vertex -10.887498349655468 1.903246352776965 5
      vertex -10.887498349655468 1.903246352776965 0
      vertex -10.718242300983905 1.9733545036504079 5
    endloop
  endfacet
  facet normal 0.3007057995042714 -0.9537169507482275 0
    outer loop
      vertex -10.543519994715293 2.0284442352070435 5
      vertex -10.718242300983905 1.9733545036504079 5
      vertex -10.718242300983905 1.9733545036504079 0
    endloop
  endfacet
  facet normal 0.2164396139381023 -0.9762960071199335 0
    outer loop
      vertex -10.543519994715293 2.0284442352070435 5
      vertex -10.543519994715293 2.0284442352070435 0
      vertex -10.364661173100554 2.0680962813256367 5
    endloop
  endfacet
  facet normal 0.13052619222005324 -0.9914448613738102 0
    outer loop
      vertex -10.364661173100554 2.0680962813256367 5
      vertex -10.364661173100554 2.0680962813256367 0
      vertex -10.183027059770081 2.092008865992666 5
    endloop
  endfacet
  facet normal 0.043619387365335195 -0.9990482215818579 0
    outer loop
      vertex -10.183027059770081 2.092008865992666 5
      vertex -10.183027059770081 2.092008865992666 0
      vertex -10 2.1 5
    endloop
  endfacet
  facet normal -0.043619387365335195 -0.9990482215818579 0
    outer loop
      vertex -10 2.1 5
      vertex -10 2.1 0
      vertex -9.816972940229919 2.092008865992666 5
    endloop
  endfacet
  facet normal -0.13052619222005324 -0.9914448613738102 0
    outer loop
      vertex -9.816972940229919 2.092008865992666 5
      vertex -9.816972940229919 2.092008865992666 0
      vertex -9.635338826899446 2.0680962813256367 5
    endloop
  endfacet
  facet normal -0.2164396139381023 -0.9762960071199335 0
    outer loop
      vertex -9.635338826899446 2.0680962813256367 5
      vertex -9.635338826899446 2.0680962813256367 0
      vertex -9.456480005284707 2.0284442352070435 5
    endloop
  endfacet
  facet normal 0.9238795325112863 -0.3826834323650907 0
    outer loop
      vertex -11.903246352776964 0.8874983496554688 5
      vertex -11.973354503650407 0.7182423009839043 0
      vertex -11.903246352776964 0.8874983496554688 0
    endloop
  endfacet
  facet normal 0.953716950748226 -0.30070579950427573 0
    outer loop
      vertex -11.973354503650407 0.7182423009839043 5
      vertex -12.028444235207044 0.5435199947152936 0
      vertex -11.973354503650407 0.7182423009839043 0
    endloop
  endfacet
  facet normal 0.9762960071199333 -0.21643961393810354 0
    outer loop
      vertex -12.028444235207044 0.5435199947152936 5
      vertex -12.068096281325637 0.36466117310055374 0
      vertex -12.028444235207044 0.5435199947152936 0
    endloop
  endfacet
  facet normal 0.9914448613738105 -0.13052619222005177 0
    outer loop
      vertex -12.068096281325637 0.36466117310055374 5
      vertex -12.092008865992666 0.18302705977008216 0
      vertex -12.068096281325637 0.36466117310055374 0
    endloop
  endfacet
  facet normal 0.9990482215818579 -0.043619387365332586 0
    outer loop
      vertex -12.092008865992666 0.18302705977008216 5
      vertex -12.1 0 0
      vertex -12.092008865992666 0.18302705977008216 0
    endloop
  endfacet
  facet normal 0.843391445812884 -0.5372996083468264 0
    outer loop
      vertex -11.720219293006883 1.2045105163371967 5
      vertex -11.818653347947322 1.05 0
      vertex -11.720219293006883 1.2045105163371967 0
    endloop
  endfacet
  facet normal 0.7933533402912368 -0.6087614290087184 0
    outer loop
      vertex -11.608693330549855 1.3498539803417324 5
      vertex -11.720219293006883 1.2045105163371967 0
      vertex -11.608693330549855 1.3498539803417324 0
    endloop
  endfacet
  facet normal 0.7372773368101242 -0.6755902076156601 0
    outer loop
      vertex -11.48492424049175 1.48492424049175 5
      vertex -11.608693330549855 1.3498539803417324 0
      vertex -11.48492424049175 1.48492424049175 0
    endloop
  endfacet
  facet normal 0.6755902076156588 -0.7372773368101253 0
    outer loop
      vertex -11.349853980341733 1.608693330549854 5
      vertex -11.48492424049175 1.48492424049175 0
      vertex -11.349853980341733 1.608693330549854 0
    endloop
  endfacet
  facet normal 0.6087614290087184 -0.7933533402912369 0
    outer loop
      vertex -11.204510516337196 1.720219293006883 5
      vertex -11.349853980341733 1.608693330549854 0
      vertex -11.204510516337196 1.720219293006883 0
    endloop
  endfacet
  facet normal 0.5372996083468262 -0.8433914458128842 0
    outer loop
      vertex -11.05 1.818653347947321 5
      vertex -11.204510516337196 1.720219293006883 0
      vertex -11.05 1.818653347947321 0
    endloop
  endfacet
  facet normal 0.4617486132350313 -0.887010833178223 0
    outer loop
      vertex -10.887498349655468 1.903246352776965 5
      vertex -11.05 1.818653347947321 0
      vertex -10.887498349655468 1.903246352776965 0
    endloop
  endfacet
  facet normal 0.38268343236509267 -0.9238795325112856 0
    outer loop
      vertex -10.718242300983905 1.9733545036504079 5
      vertex -10.887498349655468 1.903246352776965 0
      vertex -10.718242300983905 1.9733545036504079 0
    endloop
  endfacet
  facet normal 0.8870108331782248 -0.46174861323502786 0
    outer loop
      vertex -11.818653347947322 1.05 5
      vertex -11.903246352776964 0.8874983496554688 0
      vertex -11.818653347947322 1.05 0
    endloop
  endfacet
  facet normal 0.3007057995042714 -0.9537169507482275 0
    outer loop
      vertex -10.543519994715293 2.0284442352070435 5
      vertex -10.718242300983905 1.9733545036504079 0
      vertex -10.543519994715293 2.0284442352070435 0
    endloop
  endfacet
  facet normal 0.2164396139381023 -0.9762960071199335 0
    outer loop
      vertex -10.364661173100554 2.0680962813256367 5
      vertex -10.543519994715293 2.0284442352070435 0
      vertex -10.364661173100554 2.0680962813256367 0
    endloop
  endfacet
  facet normal 0.13052619222005324 -0.9914448613738102 0
    outer loop
      vertex -10.183027059770081 2.092008865992666 5
      vertex -10.364661173100554 2.0680962813256367 0
      vertex -10.183027059770081 2.092008865992666 0
    endloop
  endfacet
  facet normal 0.043619387365335195 -0.9990482215818579 0
    outer loop
      vertex -10 2.1 5
      vertex -10.183027059770081 2.092008865992666 0
      vertex -10 2.1 0
    endloop
  endfacet
  facet normal -0.043619387365335195 -0.9990482215818579 0
    outer loop
      vertex -9.816972940229919 2.092008865992666 5
      vertex -10 2.1 0
      vertex -9.816972940229919 2.092008865992666 0
    endloop
  endfacet
  facet normal -0.13052619222005324 -0.9914448613738102 0
    outer loop
      vertex -9.635338826899446 2.0680962813256367 5
      vertex -9.816972940229919 2.092008865992666 0
      vertex -9.635338826899446 2.0680962813256367 0
    endloop
  endfacet
  facet normal -0.2164396139381023 -0.9762960071199335 0
    outer loop
      vertex -9.456480005284707 2.0284442352070435 5
      vertex -9.635338826899446 2.0680962813256367 0
      vertex -9.456480005284707 2.0284442352070435 0
    endloop
  endfacet
  facet normal -0.3007057995042714 -0.9537169507482275 0
    outer loop
      vertex -9.456480005284707 2.0284442352070435 5
      vertex -9.456480005284707 2.0284442352070435 0
      vertex -9.281757699016095 1.9733545036504079 5
    endloop
  endfacet
  facet normal -0.38268343236509267 -0.9238795325112856 0
    outer loop
      vertex -9.281757699016095 1.9733545036504079 5
      vertex -9.281757699016095 1.9733545036504079 0
      vertex -9.112501650344532 1.903246352776965 5
    endloop
  endfacet
  facet normal -0.4617486132350313 -0.887010833178223 0
    outer loop
      vertex -9.112501650344532 1.903246352776965 5
      vertex -9.112501650344532 1.903246352776965 0
      vertex -8.95 1.818653347947321 5
    endloop
  endfacet
  facet normal -0.5372996083468262 -0.8433914458128842 0
    outer loop
      vertex -8.95 1.818653347947321 5
      vertex -8.95 1.818653347947321 0
      vertex -8.795489483662804 1.720219293006883 5
    endloop
  endfacet
  facet normal -0.6087614290087184 -0.7933533402912369 0
    outer loop
      vertex -8.795489483662804 1.720219293006883 5
      vertex -8.795489483662804 1.720219293006883 0
      vertex -8.650146019658267 1.608693330549854 5
    endloop
  endfacet
  facet normal -0.6755902076156588 -0.7372773368101253 0
    outer loop
      vertex -8.650146019658267 1.608693330549854 5
      vertex -8.650146019658267 1.608693330549854 0
      vertex -8.51507575950825 1.48492424049175 5
    endloop
  endfacet
  facet normal -0.7372773368101242 -0.6755902076156601 0
    outer loop
      vertex -8.51507575950825 1.48492424049175 5
      vertex -8.51507575950825 1.48492424049175 0
      vertex -8.391306669450145 1.3498539803417324 5
    endloop
  endfacet
  facet normal -0.7933533402912368 -0.6087614290087184 0
    outer loop
      vertex -8.391306669450145 1.3498539803417324 5
      vertex -8.391306669450145 1.3498539803417324 0
      vertex -8.279780706993117 1.2045105163371967 5
    endloop
  endfacet
  facet normal -0.843391445812884 -0.5372996083468264 0
    outer loop
      vertex -8.279780706993117 1.2045105163371967 5
      vertex -8.279780706993117 1.2045105163371967 0
      vertex -8.181346652052678 1.05 5
    endloop
  endfacet
  facet normal -0.8870108331782248 -0.46174861323502786 0
    outer loop
      vertex -8.181346652052678 1.05 5
      vertex -8.181346652052678 1.05 0
      vertex -8.096753647223036 0.8874983496554688 5
    endloop
  endfacet
  facet normal -0.9238795325112863 -0.3826834323650907 0
    outer loop
      vertex -8.096753647223036 0.8874983496554688 5
      vertex -8.096753647223036 0.8874983496554688 0
      vertex -8.026645496349593 0.7182423009839043 5
    endloop
  endfacet
  facet normal -0.953716950748226 -0.30070579950427573 0
    outer loop
      vertex -8.026645496349593 0.7182423009839043 5
      vertex -8.026645496349593 0.7182423009839043 0
      vertex -7.9715557647929565 0.5435199947152936 5
    endloop
  endfacet
  facet normal -0.9762960071199333 -0.21643961393810354 0
    outer loop
      vertex -7.9715557647929565 0.5435199947152936 5
      vertex -7.9715557647929565 0.5435199947152936 0
      vertex -7.931903718674363 0.36466117310055374 5
    endloop
  endfacet
  facet normal -0.9914448613738105 -0.13052619222005177 0
    outer loop
      vertex -7.931903718674363 0.36466117310055374 5
      vertex -7.931903718674363 0.36466117310055374 0
      vertex -7.907991134007334 0.18302705977008216 5
    endloop
  endfacet
  facet normal -0.9990482215818579 -0.043619387365332586 0
    outer loop
      vertex -7.907991134007334 0.18302705977008216 5
      vertex -7.907991134007334 0.18302705977008216 0
      vertex -7.9 0 5
    endloop
  endfacet
  facet normal -0.3007057995042714 -0.9537169507482275 0
    outer loop
      vertex -9.281757699016095 1.9733545036504079 5
      vertex -9.456480005284707 2.0284442352070435 0
      vertex -9.281757699016095 1.9733545036504079 0
    endloop
  endfacet
  facet normal -0.38268343236509267 -0.9238795325112856 0
    outer loop
      vertex -9.112501650344532 1.903246352776965 5
      vertex -9.281757699016095 1.9733545036504079 0
      vertex -9.112501650344532 1.903246352776965 0
    endloop
  endfacet
  facet normal -0.4617486132350313 -0.887010833178223 0
    outer loop
      vertex -8.95 1.818653347947321 5
      vertex -9.112501650344532 1.903246352776965 0
      vertex -8.95 1.818653347947321 0
    endloop
  endfacet
  facet normal -0.5372996083468262 -0.8433914458128842 0
    outer loop
      vertex -8.795489483662804 1.720219293006883 5
      vertex -8.95 1.818653347947321 0
      vertex -8.795489483662804 1.720219293006883 0
    endloop
  endfacet
  facet normal -0.6087614290087184 -0.7933533402912369 0
    outer loop
      vertex -8.650146019658267 1.608693330549854 5
      vertex -8.795489483662804 1.720219293006883 0
      vertex -8.650146019658267 1.608693330549854 0
    endloop
  endfacet
  facet normal -0.6755902076156588 -0.7372773368101253 0
    outer loop
      vertex -8.51507575950825 1.48492424049175 5
      vertex -8.650146019658267 1.608693330549854 0
      vertex -8.51507575950825 1.48492424049175 0
    endloop
  endfacet
  facet normal -0.7372773368101242 -0.6755902076156601 0
    outer loop
      vertex -8.391306669450145 1.3498539803417324 5
      vertex -8.51507575950825 1.48492424049175 0
      vertex -8.391306669450145 1.3498539803417324 0
    endloop
  endfacet
  facet normal -0.7933533402912368 -0.6087614290087184 0
    outer loop
      vertex -8.279780706993117 1.2045105163371967 5
      vertex -8.391306669450145 1.3498539803417324 0
      vertex -8.279780706993117 1.2045105163371967 0
    endloop
  endfacet
  facet normal -0.843391445812884 -0.5372996083468264 0
    outer loop
      vertex -8.181346652052678 1.05 5
      vertex -8.279780706993117 1.2045105163371967 0
      vertex -8.181346652052678 1.05 0
    endloop
  endfacet
  facet normal -0.8870108331782248 -0.46174861323502786 0
    outer loop
      vertex -8.096753647223036 0.8874983496554688 5
      vertex -8.181346652052678 1.05 0
      vertex -8.096753647223036 0.8874983496554688 0
    endloop
  endfacet
  facet normal -0.9238795325112863 -0.3826834323650907 0
    outer loop
      vertex -8.026645496349593 0.7182423009839043 5
      vertex -8.096753647223036 0.8874983496554688 0
      vertex -8.026645496349593 0.7182423009839043 0
    endloop
  endfacet
  facet normal -0.953716950748226 -0.30070579950427573 0
    outer loop
      vertex -7.9715557647929565 0.5435199947152936 5
      vertex -8.026645496349593 0.7182423009839043 0
      vertex -7.9715557647929565 0.5435199947152936 0
    endloop
  endfacet
  facet normal -0.9762960071199333 -0.21643961393810354 0
    outer loop
      vertex -7.931903718674363 0.36466117310055374 5
      vertex -7.9715557647929565 0.5435199947152936 0
      vertex -7.931903718674363 0.36466117310055374 0
    endloop
  endfacet
  facet normal -0.9914448613738105 -0.13052619222005177 0
    outer loop
      vertex -7.907991134007334 0.18302705977008216 5
      vertex -7.931903718674363 0.36466117310055374 0
      vertex -7.907991134007334 0.18302705977008216 0
    endloop
  endfacet
  facet normal -0.9990482215818579 -0.043619387365332586 0
    outer loop
      vertex -7.9 0 5
      vertex -7.907991134007334 0.18302705977008216 0
      vertex -7.9 0 0
    endloop
  endfacet
  facet normal 0 0 -1
    outer loop
      vertex -12.1 0 5
      vertex -12.068096281325637 -0.36466117310055374 5
      vertex -12.092008865992666 -0.18302705977008216 5
    endloop
  endfacet
  facet normal 0 0 -1
    outer loop
      vertex -12.1 0 5
      vertex -12.028444235207044 -0.5435199947152936 5
      vertex -12.068096281325637 -0.36466117310055374 5
    endloop
  endfacet
  facet normal 0 0 -1
    outer loop
      vertex -12.1 0 5
      vertex -11.973354503650407 -0.7182423009839043 5
      vertex -12.028444235207044 -0.5435199947152936 5
    endloop
  endfacet
  facet normal 0 0 -1
    outer loop
      vertex -12.1 0 5
      vertex -11.903246352776964 -0.8874983496554688 5
      vertex -11.973354503650407 -0.7182423009839043 5
    endloop
  endfacet
  facet normal 0 0 -1
    outer loop
      vertex -12.1 0 5
      vertex -11.818653347947322 -1.05 5
      vertex -11.903246352776964 -0.8874983496554688 5
    endloop
  endfacet
  facet normal 0 0 -1
    outer loop
      vertex -12.1 0 5
      vertex -11.720219293006883 -1.2045105163371967 5
      vertex -11.818653347947322 -1.05 5
    endloop
  endfacet
  facet normal 0 0 -1
    outer loop
      vertex -12.1 0 5
      vertex -11.608693330549855 -1.3498539803417324 5
      vertex -11.720219293006883 -1.2045105163371967 5
    endloop
  endfacet
  facet normal 0 0 -1
    outer loop
      vertex -12.1 0 5
      vertex -11.48492424049175 -1.48492424049175 5
      vertex -11.608693330549855 -1.3498539803417324 5
    endloop
  endfacet
  facet normal 0 0 -1
    outer loop
      vertex -12.1 0 5
      vertex -11.349853980341733 -1.608693330549854 5
      vertex -11.48492424049175 -1.48492424049175 5
    endloop
  endfacet
  facet normal 0 0 -1
    outer loop
      vertex -12.1 0 5
      vertex -11.204510516337196 -1.720219293006883 5
      vertex -11.349853980341733 -1.608693330549854 5
    endloop
  endfacet
  facet normal 0 0 -1
    outer loop
      vertex -12.1 0 5
      vertex -11.05 -1.818653347947321 5
      vertex -11.204510516337196 -1.720219293006883 5
    endloop
  endfacet
  facet normal 0 0 -1
    outer loop
      vertex -12.1 0 5
      vertex -10.887498349655468 -1.903246352776965 5
      vertex -11.05 -1.818653347947321 5
    endloop
  endfacet
  facet normal 0 0 -1
    outer loop
      vertex -12.1 0 5
      vertex -10.718242300983905 -1.9733545036504079 5
      vertex -10.887498349655468 -1.903246352776965 5
    endloop
  endfacet
  facet normal 0 0 -1
    outer loop
      vertex -12.1 0 5
      vertex -10.543519994715293 -2.0284442352070435 5
      vertex -10.718242300983905 -1.9733545036504079 5
    endloop
  endfacet
  facet normal 0 0 -1
    outer loop
      vertex -12.1 0 5
      vertex -10.364661173100554 -2.0680962813256367 5
      vertex -10.543519994715293 -2.0284442352070435 5
    endloop
  endfacet
  facet normal 0 0 -1
    outer loop
      vertex -12.1 0 5
      vertex -10.183027059770081 -2.092008865992666 5
      vertex -10.364661173100554 -2.0680962813256367 5
    endloop
  endfacet
  facet normal 0 0 -1
    outer loop
      vertex -12.1 0 5
      vertex -10 -2.1 5
      vertex -10.183027059770081 -2.092008865992666 5
    endloop
  endfacet
  facet normal 0 0 -1
    outer loop
      vertex -12.1 0 5
      vertex -8.181346652052678 -1.05 5
      vertex -8.279780706993117 -1.2045105163371967 5
    endloop
  endfacet
  facet normal 0 0 -1
    outer loop
      vertex -12.1 0 5
      vertex -8.51507575950825 -1.48492424049175 5
      vertex -8.650146019658267 -1.608693330549854 5
    endloop
  endfacet
  facet normal 0 0 -1
    outer loop
      vertex -12.1 0 5
      vertex -8.391306669450145 -1.3498539803417324 5
      vertex -8.51507575950825 -1.48492424049175 5
    endloop
  endfacet
  facet normal 0 0 -1
    outer loop
      vertex -12.1 0 5
      vertex -8.279780706993117 -1.2045105163371967 5
      vertex -8.391306669450145 -1.3498539803417324 5
    endloop
  endfacet
  facet normal 0 0 -1
    outer loop
      vertex -12.1 0 5
      vertex -9.816972940229919 -2.092008865992666 5
      vertex -10 -2.1 5
    endloop
  endfacet
  facet normal 0 0 -1
    outer loop
      vertex -12.1 0 5
      vertex -9.635338826899446 -2.0680962813256367 5
      vertex -9.816972940229919 -2.092008865992666 5
    endloop
  endfacet
  facet normal 0 0 -1
    outer loop
      vertex -12.1 0 5
      vertex -9.456480005284707 -2.0284442352070435 5
      vertex -9.635338826899446 -2.0680962813256367 5
    endloop
  endfacet
  facet normal 0 0 -1
    outer loop
      vertex -12.1 0 5
      vertex -9.112501650344532 -1.903246352776965 5
      vertex -9.281757699016095 -1.9733545036504079 5
    endloop
  endfacet
  facet normal 0 0 -1
    outer loop
      vertex -12.1 0 5
      vertex -9.281757699016095 -1.9733545036504079 5
      vertex -9.456480005284707 -2.0284442352070435 5
    endloop
  endfacet
  facet normal 0 0 -1
    outer loop
      vertex -12.1 0 5
      vertex -8.795489483662804 -1.720219293006883 5
      vertex -8.95 -1.818653347947321 5
    endloop
  endfacet
  facet normal 0 0 -1
    outer loop
      vertex -12.1 0 5
      vertex -8.95 -1.818653347947321 5
      vertex -9.112501650344532 -1.903246352776965 5
    endloop
  endfacet
  facet normal 0 0 -1
    outer loop
      vertex -12.1 0 5
      vertex -8.650146019658267 -1.608693330549854 5
      vertex -8.795489483662804 -1.720219293006883 5
    endloop
  endfacet
  facet normal 0 0 -1
    outer loop
      vertex -12.1 0 5
      vertex -7.9 0 5
      vertex -7.907991134007334 -0.18302705977008216 5
    endloop
  endfacet
  facet normal 0 0 -1
    outer loop
      vertex -12.1 0 5
      vertex -7.907991134007334 -0.18302705977008216 5
      vertex -7.931903718674363 -0.36466117310055374 5
    endloop
  endfacet
  facet normal 0 0 -1
    outer loop
      vertex -12.1 0 5
      vertex -7.9715557647929565 -0.5435199947152936 5
      vertex -8.026645496349593 -0.7182423009839043 5
    endloop
  endfacet
  facet normal 0 0 -1
    outer loop
      vertex -12.1 0 5
      vertex -7.931903718674363 -0.36466117310055374 5
      vertex -7.9715557647929565 -0.5435199947152936 5
    endloop
  endfacet
  facet normal 0 0 -1
    outer loop
      vertex -12.1 0 5
      vertex -8.096753647223036 -0.8874983496554688 5
      vertex -8.181346652052678 -1.05 5
    endloop
  endfacet
  facet normal 0 0 -1
    outer loop
      vertex -12.1 0 5
      vertex -8.026645496349593 -0.7182423009839043 5
      vertex -8.096753647223036 -0.8874983496554688 5
    endloop
  endfacet
  facet normal 0.9990482215818579 0.043619387365332586 0
    outer loop
      vertex -12.1 0 5
      vertex -12.092008865992666 -0.18302705977008216 5
      vertex -12.092008865992666 -0.18302705977008216 0
    endloop
  endfacet
  facet normal 0.9914448613738105 0.13052619222005177 0
    outer loop
      vertex -12.092008865992666 -0.18302705977008216 5
      vertex -12.068096281325637 -0.36466117310055374 5
      vertex -12.068096281325637 -0.36466117310055374 0
    endloop
  endfacet
  facet normal 0.9762960071199333 0.21643961393810354 0
    outer loop
      vertex -12.068096281325637 -0.36466117310055374 5
      vertex -12.028444235207044 -0.5435199947152936 5
      vertex -12.028444235207044 -0.5435199947152936 0
    endloop
  endfacet
  facet normal 0.953716950748226 0.30070579950427573 0
    outer loop
      vertex -12.028444235207044 -0.5435199947152936 5
      vertex -11.973354503650407 -0.7182423009839043 5
      vertex -11.973354503650407 -0.7182423009839043 0
    endloop
  endfacet
  facet normal 0.9238795325112863 0.3826834323650907 0
    outer loop
      vertex -11.973354503650407 -0.7182423009839043 5
      vertex -11.903246352776964 -0.8874983496554688 5
      vertex -11.903246352776964 -0.8874983496554688 0
    endloop
  endfacet
  facet normal 0.8870108331782248 0.46174861323502786 0
    outer loop
      vertex -11.903246352776964 -0.8874983496554688 5
      vertex -11.818653347947322 -1.05 5
      vertex -11.818653347947322 -1.05 0
    endloop
  endfacet
  facet normal 0.843391445812884 0.5372996083468264 0
    outer loop
      vertex -11.818653347947322 -1.05 5
      vertex -11.720219293006883 -1.2045105163371967 5
      vertex -11.720219293006883 -1.2045105163371967 0
    endloop
  endfacet
  facet normal 0.7933533402912368 0.6087614290087184 0
    outer loop
      vertex -11.720219293006883 -1.2045105163371967 5
      vertex -11.608693330549855 -1.3498539803417324 5
      vertex -11.608693330549855 -1.3498539803417324 0
    endloop
  endfacet
  facet normal 0.7372773368101242 0.6755902076156601 0
    outer loop
      vertex -11.608693330549855 -1.3498539803417324 5
      vertex -11.48492424049175 -1.48492424049175 5
      vertex -11.48492424049175 -1.48492424049175 0
    endloop
  endfacet
  facet normal 0.6755902076156588 0.7372773368101253 0
    outer loop
      vertex -11.48492424049175 -1.48492424049175 5
      vertex -11.349853980341733 -1.608693330549854 5
      vertex -11.349853980341733 -1.608693330549854 0
    endloop
  endfacet
  facet normal 0.6087614290087184 0.7933533402912369 0
    outer loop
      vertex -11.349853980341733 -1.608693330549854 5
      vertex -11.204510516337196 -1.720219293006883 5
      vertex -11.204510516337196 -1.720219293006883 0
    endloop
  endfacet
  facet normal 0.5372996083468262 0.8433914458128842 0
    outer loop
      vertex -11.204510516337196 -1.720219293006883 5
      vertex -11.05 -1.818653347947321 5
      vertex -11.05 -1.818653347947321 0
    endloop
  endfacet
  facet normal 0.4617486132350313 0.887010833178223 0
    outer loop
      vertex -11.05 -1.818653347947321 5
      vertex -10.887498349655468 -1.903246352776965 5
      vertex -10.887498349655468 -1.903246352776965 0
    endloop
  endfacet
  facet normal 0.38268343236509267 0.9238795325112856 0
    outer loop
      vertex -10.887498349655468 -1.903246352776965 5
      vertex -10.718242300983905 -1.9733545036504079 5
      vertex -10.718242300983905 -1.9733545036504079 0
    endloop
  endfacet
  facet normal 0.3007057995042714 0.9537169507482275 0
    outer loop
      vertex -10.718242300983905 -1.9733545036504079 5
      vertex -10.543519994715293 -2.0284442352070435 5
      vertex -10.543519994715293 -2.0284442352070435 0
    endloop
  endfacet
  facet normal 0.2164396139381023 0.9762960071199335 0
    outer loop
      vertex -10.543519994715293 -2.0284442352070435 5
      vertex -10.364661173100554 -2.0680962813256367 5
      vertex -10.364661173100554 -2.0680962813256367 0
    endloop
  endfacet
  facet normal 0.13052619222005324 0.9914448613738102 0
    outer loop
      vertex -10.364661173100554 -2.0680962813256367 5
      vertex -10.183027059770081 -2.092008865992666 5
      vertex -10.183027059770081 -2.092008865992666 0
    endloop
  endfacet
  facet normal 0.043619387365335195 0.9990482215818579 0
    outer loop
      vertex -10.183027059770081 -2.092008865992666 5
      vertex -10 -2.1 5
      vertex -10 -2.1 0
    endloop
  endfacet
  facet normal -0.043619387365335195 0.9990482215818579 0
    outer loop
      vertex -10 -2.1 5
      vertex -9.816972940229919 -2.092008865992666 5
      vertex -9.816972940229919 -2.092008865992666 0
    endloop
  endfacet
  facet normal -0.13052619222005324 0.9914448613738102 0
    outer loop
      vertex -9.816972940229919 -2.092008865992666 5
      vertex -9.635338826899446 -2.0680962813256367 5
      vertex -9.635338826899446 -2.0680962813256367 0
    endloop
  endfacet
  facet normal -0.2164396139381023 0.9762960071199335 0
    outer loop
      vertex -9.635338826899446 -2.0680962813256367 5
      vertex -9.456480005284707 -2.0284442352070435 5
      vertex -9.456480005284707 -2.0284442352070435 0
    endloop
  endfacet
  facet normal 0.9990482215818579 0.043619387365332586 0
    outer loop
      vertex -12.1 0 5
      vertex -12.092008865992666 -0.18302705977008216 0
      vertex -12.1 0 0
    endloop
  endfacet
  facet normal 0.9914448613738105 0.13052619222005177 0
    outer loop
      vertex -12.092008865992666 -0.18302705977008216 5
      vertex -12.068096281325637 -0.36466117310055374 0
      vertex -12.092008865992666 -0.18302705977008216 0
    endloop
  endfacet
  facet normal 0.9762960071199333 0.21643961393810354 0
    outer loop
      vertex -12.068096281325637 -0.36466117310055374 5
      vertex -12.028444235207044 -0.5435199947152936 0
      vertex -12.068096281325637 -0.36466117310055374 0
    endloop
  endfacet
  facet normal 0.953716950748226 0.30070579950427573 0
    outer loop
      vertex -12.028444235207044 -0.5435199947152936 5
      vertex -11.973354503650407 -0.7182423009839043 0
      vertex -12.028444235207044 -0.5435199947152936 0
    endloop
  endfacet
  facet normal 0.9238795325112863 0.3826834323650907 0
    outer loop
      vertex -11.973354503650407 -0.7182423009839043 5
      vertex -11.903246352776964 -0.8874983496554688 0
      vertex -11.973354503650407 -0.7182423009839043 0
    endloop
  endfacet
  facet normal 0.8870108331782248 0.46174861323502786 0
    outer loop
      vertex -11.903246352776964 -0.8874983496554688 5
      vertex -11.818653347947322 -1.05 0
      vertex -11.903246352776964 -0.8874983496554688 0
    endloop
  endfacet
  facet normal 0.843391445812884 0.5372996083468264 0
    outer loop
      vertex -11.818653347947322 -1.05 5
      vertex -11.720219293006883 -1.2045105163371967 0
      vertex -11.818653347947322 -1.05 0
    endloop
  endfacet
  facet normal 0.7933533402912368 0.6087614290087184 0
    outer loop
      vertex -11.720219293006883 -1.2045105163371967 5
      vertex -11.608693330549855 -1.3498539803417324 0
      vertex -11.720219293006883 -1.2045105163371967 0
    endloop
  endfacet
  facet normal 0.7372773368101242 0.6755902076156601 0
    outer loop
      vertex -11.608693330549855 -1.3498539803417324 5
      vertex -11.48492424049175 -1.48492424049175 0
      vertex -11.608693330549855 -1.3498539803417324 0
    endloop
  endfacet
  facet normal 0.6755902076156588 0.7372773368101253 0
    outer loop
      vertex -11.48492424049175 -1.48492424049175 5
      vertex -11.349853980341733 -1.608693330549854 0
      vertex -11.48492424049175 -1.48492424049175 0
    endloop
  endfacet
  facet normal 0.6087614290087184 0.7933533402912369 0
    outer loop
      vertex -11.349853980341733 -1.608693330549854 5
      vertex -11.204510516337196 -1.720219293006883 0
      vertex -11.349853980341733 -1.608693330549854 0
    endloop
  endfacet
  facet normal 0.5372996083468262 0.8433914458128842 0
    outer loop
      vertex -11.204510516337196 -1.720219293006883 5
      vertex -11.05 -1.818653347947321 0
      vertex -11.204510516337196 -1.720219293006883 0
    endloop
  endfacet
  facet normal 0.4617486132350313 0.887010833178223 0
    outer loop
      vertex -11.05 -1.818653347947321 5
      vertex -10.887498349655468 -1.903246352776965 0
      vertex -11.05 -1.818653347947321 0
    endloop
  endfacet
  facet normal 0.38268343236509267 0.9238795325112856 0
    outer loop
      vertex -10.887498349655468 -1.903246352776965 5
      vertex -10.718242300983905 -1.9733545036504079 0
      vertex -10.887498349655468 -1.903246352776965 0
    endloop
  endfacet
  facet normal 0.3007057995042714 0.9537169507482275 0
    outer loop
      vertex -10.718242300983905 -1.9733545036504079 5
      vertex -10.543519994715293 -2.0284442352070435 0
      vertex -10.718242300983905 -1.9733545036504079 0
    endloop
  endfacet
  facet normal 0.2164396139381023 0.9762960071199335 0
    outer loop
      vertex -10.543519994715293 -2.0284442352070435 5
      vertex -10.364661173100554 -2.0680962813256367 0
      vertex -10.543519994715293 -2.0284442352070435 0
    endloop
  endfacet
  facet normal 0.13052619222005324 0.9914448613738102 0
    outer loop
      vertex -10.364661173100554 -2.0680962813256367 5
      vertex -10.183027059770081 -2.092008865992666 0
      vertex -10.364661173100554 -2.0680962813256367 0
    endloop
  endfacet
  facet normal 0.043619387365335195 0.9990482215818579 0
    outer loop
      vertex -10.183027059770081 -2.092008865992666 5
      vertex -10 -2.1 0
      vertex -10.183027059770081 -2.092008865992666 0
    endloop
  endfacet
  facet normal -0.043619387365335195 0.9990482215818579 0
    outer loop
      vertex -10 -2.1 5
      vertex -9.816972940229919 -2.092008865992666 0
      vertex -10 -2.1 0
    endloop
  endfacet
  facet normal -0.13052619222005324 0.9914448613738102 0
    outer loop
      vertex -9.816972940229919 -2.092008865992666 5
      vertex -9.635338826899446 -2.0680962813256367 0
      vertex -9.816972940229919 -2.092008865992666 0
    endloop
  endfacet
  facet normal -0.2164396139381023 0.9762960071199335 0
    outer loop
      vertex -9.635338826899446 -2.0680962813256367 5
      vertex -9.456480005284707 -2.0284442352070435 0
      vertex -9.635338826899446 -2.0680962813256367 0
    endloop
  endfacet
  facet normal -0.3007057995042714 0.9537169507482275 0
    outer loop
      vertex -9.281757699016095 -1.9733545036504079 5
      vertex -9.281757699016095 -1.9733545036504079 0
      vertex -9.456480005284707 -2.0284442352070435 5
    endloop
  endfacet
  facet normal -0.4617486132350313 0.887010833178223 0
    outer loop
      vertex -9.112501650344532 -1.903246352776965 5
      vertex -8.95 -1.818653347947321 5
      vertex -8.95 -1.818653347947321 0
    endloop
  endfacet
  facet normal -0.38268343236509267 0.9238795325112856 0
    outer loop
      vertex -9.281757699016095 -1.9733545036504079 5
      vertex -9.112501650344532 -1.903246352776965 5
      vertex -9.112501650344532 -1.903246352776965 0
    endloop
  endfacet
  facet normal -0.7933533402912368 0.6087614290087184 0
    outer loop
      vertex -8.279780706993117 -1.2045105163371967 5
      vertex -8.279780706993117 -1.2045105163371967 0
      vertex -8.391306669450145 -1.3498539803417324 5
    endloop
  endfacet
  facet normal -0.6755902076156588 0.7372773368101253 0
    outer loop
      vertex -8.51507575950825 -1.48492424049175 5
      vertex -8.51507575950825 -1.48492424049175 0
      vertex -8.650146019658267 -1.608693330549854 5
    endloop
  endfacet
  facet normal -0.7372773368101242 0.6755902076156601 0
    outer loop
      vertex -8.51507575950825 -1.48492424049175 5
      vertex -8.391306669450145 -1.3498539803417324 5
      vertex -8.391306669450145 -1.3498539803417324 0
    endloop
  endfacet
  facet normal -0.5372996083468262 0.8433914458128842 0
    outer loop
      vertex -8.795489483662804 -1.720219293006883 5
      vertex -8.795489483662804 -1.720219293006883 0
      vertex -8.95 -1.818653347947321 5
    endloop
  endfacet
  facet normal -0.6087614290087184 0.7933533402912369 0
    outer loop
      vertex -8.795489483662804 -1.720219293006883 5
      vertex -8.650146019658267 -1.608693330549854 5
      vertex -8.650146019658267 -1.608693330549854 0
    endloop
  endfacet
  facet normal -0.9990482215818579 0.043619387365332586 0
    outer loop
      vertex -7.9 0 5
      vertex -7.9 0 0
      vertex -7.907991134007334 -0.18302705977008216 5
    endloop
  endfacet
  facet normal -0.9914448613738105 0.13052619222005177 0
    outer loop
      vertex -7.907991134007334 -0.18302705977008216 5
      vertex -7.907991134007334 -0.18302705977008216 0
      vertex -7.931903718674363 -0.36466117310055374 5
    endloop
  endfacet
  facet normal -0.9762960071199333 0.21643961393810354 0
    outer loop
      vertex -7.931903718674363 -0.36466117310055374 5
      vertex -7.931903718674363 -0.36466117310055374 0
      vertex -7.9715557647929565 -0.5435199947152936 5
    endloop
  endfacet
  facet normal -0.9238795325112863 0.3826834323650907 0
    outer loop
      vertex -8.026645496349593 -0.7182423009839043 5
      vertex -8.026645496349593 -0.7182423009839043 0
      vertex -8.096753647223036 -0.8874983496554688 5
    endloop
  endfacet
  facet normal -0.8870108331782248 0.46174861323502786 0
    outer loop
      vertex -8.096753647223036 -0.8874983496554688 5
      vertex -8.096753647223036 -0.8874983496554688 0
      vertex -8.181346652052678 -1.05 5
    endloop
  endfacet
  facet normal -0.953716950748226 0.30070579950427573 0
    outer loop
      vertex -7.9715557647929565 -0.5435199947152936 5
      vertex -7.9715557647929565 -0.5435199947152936 0
      vertex -8.026645496349593 -0.7182423009839043 5
    endloop
  endfacet
  facet normal -0.843391445812884 0.5372996083468264 0
    outer loop
      vertex -8.181346652052678 -1.05 5
      vertex -8.181346652052678 -1.05 0
      vertex -8.279780706993117 -1.2045105163371967 5
    endloop
  endfacet
  facet normal -0.3007057995042714 0.9537169507482275 0
    outer loop
      vertex -9.456480005284707 -2.0284442352070435 5
      vertex -9.281757699016095 -1.9733545036504079 0
      vertex -9.456480005284707 -2.0284442352070435 0
    endloop
  endfacet
  facet normal -0.38268343236509267 0.9238795325112856 0
    outer loop
      vertex -9.281757699016095 -1.9733545036504079 5
      vertex -9.112501650344532 -1.903246352776965 0
      vertex -9.281757699016095 -1.9733545036504079 0
    endloop
  endfacet
  facet normal -0.4617486132350313 0.887010833178223 0
    outer loop
      vertex -9.112501650344532 -1.903246352776965 5
      vertex -8.95 -1.818653347947321 0
      vertex -9.112501650344532 -1.903246352776965 0
    endloop
  endfacet
  facet normal -0.7933533402912368 0.6087614290087184 0
    outer loop
      vertex -8.391306669450145 -1.3498539803417324 5
      vertex -8.279780706993117 -1.2045105163371967 0
      vertex -8.391306669450145 -1.3498539803417324 0
    endloop
  endfacet
  facet normal -0.7372773368101242 0.6755902076156601 0
    outer loop
      vertex -8.51507575950825 -1.48492424049175 5
      vertex -8.391306669450145 -1.3498539803417324 0
      vertex -8.51507575950825 -1.48492424049175 0
    endloop
  endfacet
  facet normal -0.6755902076156588 0.7372773368101253 0
    outer loop
      vertex -8.650146019658267 -1.608693330549854 5
      vertex -8.51507575950825 -1.48492424049175 0
      vertex -8.650146019658267 -1.608693330549854 0
    endloop
  endfacet
  facet normal -0.5372996083468262 0.8433914458128842 0
    outer loop
      vertex -8.95 -1.818653347947321 5
      vertex -8.795489483662804 -1.720219293006883 0
      vertex -8.95 -1.818653347947321 0
    endloop
  endfacet
  facet normal -0.6087614290087184 0.7933533402912369 0
    outer loop
      vertex -8.795489483662804 -1.720219293006883 5
      vertex -8.650146019658267 -1.608693330549854 0
      vertex -8.795489483662804 -1.720219293006883 0
    endloop
  endfacet
  facet normal -0.9990482215818579 0.043619387365332586 0
    outer loop
      vertex -7.907991134007334 -0.18302705977008216 5
      vertex -7.9 0 0
      vertex -7.907991134007334 -0.18302705977008216 0
    endloop
  endfacet
  facet normal -0.9914448613738105 0.13052619222005177 0
    outer loop
      vertex -7.931903718674363 -0.36466117310055374 5
      vertex -7.907991134007334 -0.18302705977008216 0
      vertex -7.931903718674363 -0.36466117310055374 0
    endloop
  endfacet
  facet normal -0.9762960071199333 0.21643961393810354 0
    outer loop
      vertex -7.9715557647929565 -0.5435199947152936 5
      vertex -7.931903718674363 -0.36466117310055374 0
      vertex -7.9715557647929565 -0.5435199947152936 0
    endloop
  endfacet
  facet normal -0.9238795325112863 0.3826834323650907 0
    outer loop
      vertex -8.096753647223036 -0.8874983496554688 5
      vertex -8.026645496349593 -0.7182423009839043 0
      vertex -8.096753647223036 -0.8874983496554688 0
    endloop
  endfacet
  facet normal -0.8870108331782248 0.46174861323502786 0
    outer loop
      vertex -8.181346652052678 -1.05 5
      vertex -8.096753647223036 -0.8874983496554688 0
      vertex -8.181346652052678 -1.05 0
    endloop
  endfacet
  facet normal -0.953716950748226 0.30070579950427573 0
    outer loop
      vertex -8.026645496349593 -0.7182423009839043 5
      vertex -7.9715557647929565 -0.5435199947152936 0
      vertex -8.026645496349593 -0.7182423009839043 0
    endloop
  endfacet
  facet normal -0.843391445812884 0.5372996083468264 0
    outer loop
      vertex -8.279780706993117 -1.2045105163371967 5
      vertex -8.181346652052678 -1.05 0
      vertex -8.279780706993117 -1.2045105163371967 0
    endloop
  endfacet
  facet normal 0 0 -1
    outer loop
      vertex 8.096753647223036 0.8874983496554688 5
      vertex 12.1 0 5
      vertex 8.026645496349593 0.7182423009839043 5
    endloop
  endfacet
  facet normal 0 0 -1
    outer loop
      vertex 8.181346652052678 1.05 5
      vertex 12.1 0 5
      vertex 8.096753647223036 0.8874983496554688 5
    endloop
  endfacet
  facet normal 0 0 -1
    outer loop
      vertex 7.9715557647929565 0.5435199947152936 5
      vertex 12.1 0 5
      vertex 7.931903718674363 0.36466117310055374 5
    endloop
  endfacet
  facet normal 0 0 -1
    outer loop
      vertex 8.026645496349593 0.7182423009839043 5
      vertex 12.1 0 5
      vertex 7.9715557647929565 0.5435199947152936 5
    endloop
  endfacet
  facet normal 0 0 -1
    outer loop
      vertex 7.931903718674363 0.36466117310055374 5
      vertex 12.1 0 5
      vertex 7.907991134007334 0.18302705977008216 5
    endloop
  endfacet
  facet normal 0 0 -1
    outer loop
      vertex 7.907991134007334 0.18302705977008216 5
      vertex 12.1 0 5
      vertex 7.9 0 5
    endloop
  endfacet
  facet normal 0 0 -1
    outer loop
      vertex 8.650146019658267 1.608693330549854 5
      vertex 8.795489483662804 1.720219293006883 5
      vertex 12.1 0 5
    endloop
  endfacet
  facet normal 0 0 -1
    outer loop
      vertex 8.95 1.818653347947321 5
      vertex 9.112501650344532 1.903246352776965 5
      vertex 12.1 0 5
    endloop
  endfacet
  facet normal 0 0 -1
    outer loop
      vertex 8.95 1.818653347947321 5
      vertex 12.1 0 5
      vertex 8.795489483662804 1.720219293006883 5
    endloop
  endfacet
  facet normal 0 0 -1
    outer loop
      vertex 9.456480005284707 2.0284442352070435 5
      vertex 12.1 0 5
      vertex 9.281757699016095 1.9733545036504079 5
    endloop
  endfacet
  facet normal 0 0 -1
    outer loop
      vertex 9.112501650344532 1.903246352776965 5
      vertex 9.281757699016095 1.9733545036504079 5
      vertex 12.1 0 5
    endloop
  endfacet
  facet normal 0 0 -1
    outer loop
      vertex 9.456480005284707 2.0284442352070435 5
      vertex 9.635338826899446 2.0680962813256367 5
      vertex 12.1 0 5
    endloop
  endfacet
  facet normal 0 0 -1
    outer loop
      vertex 9.635338826899446 2.0680962813256367 5
      vertex 9.816972940229919 2.092008865992666 5
      vertex 12.1 0 5
    endloop
  endfacet
  facet normal 0 0 -1
    outer loop
      vertex 9.816972940229919 2.092008865992666 5
      vertex 10 2.1 5
      vertex 12.1 0 5
    endloop
  endfacet
  facet normal 0 0 -1
    outer loop
      vertex 8.391306669450145 1.3498539803417324 5
      vertex 12.1 0 5
      vertex 8.279780706993117 1.2045105163371967 5
    endloop
  endfacet
  facet normal 0 0 -1
    outer loop
      vertex 8.391306669450145 1.3498539803417324 5
      vertex 8.51507575950825 1.48492424049175 5
      vertex 12.1 0 5
    endloop
  endfacet
  facet normal 0 0 -1
    outer loop
      vertex 8.650146019658267 1.608693330549854 5
      vertex 12.1 0 5
      vertex 8.51507575950825 1.48492424049175 5
    endloop
  endfacet
  facet normal 0 0 -1
    outer loop
      vertex 8.279780706993117 1.2045105163371967 5
      vertex 12.1 0 5
      vertex 8.181346652052678 1.05 5
    endloop
  endfacet
  facet normal 0 0 -1
    outer loop
      vertex 10 2.1 5
      vertex 10.183027059770081 2.092008865992666 5
      vertex 12.1 0 5
    endloop
  endfacet
  facet normal 0 0 -1
    outer loop
      vertex 10.183027059770081 2.092008865992666 5
      vertex 10.364661173100554 2.0680962813256367 5
      vertex 12.1 0 5
    endloop
  endfacet
  facet normal 0 0 -1
    outer loop
      vertex 10.364661173100554 2.0680962813256367 5
      vertex 10.543519994715293 2.0284442352070435 5
      vertex 12.1 0 5
    endloop
  endfacet
  facet normal 0 0 -1
    outer loop
      vertex 10.543519994715293 2.0284442352070435 5
      vertex 10.718242300983905 1.9733545036504079 5
      vertex 12.1 0 5
    endloop
  endfacet
  facet normal 0 0 -1
    outer loop
      vertex 10.718242300983905 1.9733545036504079 5
      vertex 10.887498349655468 1.903246352776965 5
      vertex 12.1 0 5
    endloop
  endfacet
  facet normal 0 0 -1
    outer loop
      vertex 10.887498349655468 1.903246352776965 5
      vertex 11.05 1.818653347947321 5
      vertex 12.1 0 5
    endloop
  endfacet
  facet normal 0 0 -1
    outer loop
      vertex 11.05 1.818653347947321 5
      vertex 11.204510516337196 1.720219293006883 5
      vertex 12.1 0 5
    endloop
  endfacet
  facet normal 0 0 -1
    outer loop
      vertex 11.204510516337196 1.720219293006883 5
      vertex 11.349853980341733 1.608693330549854 5
      vertex 12.1 0 5
    endloop
  endfacet
  facet normal 0 0 -1
    outer loop
      vertex 11.349853980341733 1.608693330549854 5
      vertex 11.48492424049175 1.48492424049175 5
      vertex 12.1 0 5
    endloop
  endfacet
  facet normal 0 0 -1
    outer loop
      vertex 11.48492424049175 1.48492424049175 5
      vertex 11.608693330549855 1.3498539803417324 5
      vertex 12.1 0 5
    endloop
  endfacet
  facet normal 0 0 -1
    outer loop
      vertex 11.608693330549855 1.3498539803417324 5
      vertex 11.720219293006883 1.2045105163371967 5
      vertex 12.1 0 5
    endloop
  endfacet
  facet normal 0 0 -1
    outer loop
      vertex 11.720219293006883 1.2045105163371967 5
      vertex 11.818653347947322 1.05 5
      vertex 12.1 0 5
    endloop
  endfacet
  facet normal 0 0 -1
    outer loop
      vertex 11.818653347947322 1.05 5
      vertex 11.903246352776964 0.8874983496554688 5
      vertex 12.1 0 5
    endloop
  endfacet
  facet normal 0 0 -1
    outer loop
      vertex 11.903246352776964 0.8874983496554688 5
      vertex 11.973354503650407 0.7182423009839043 5
      vertex 12.1 0 5
    endloop
  endfacet
  facet normal 0 0 -1
    outer loop
      vertex 11.973354503650407 0.7182423009839043 5
      vertex 12.028444235207044 0.5435199947152936 5
      vertex 12.1 0 5
    endloop
  endfacet
  facet normal 0 0 -1
    outer loop
      vertex 12.028444235207044 0.5435199947152936 5
      vertex 12.068096281325637 0.36466117310055374 5
      vertex 12.1 0 5
    endloop
  endfacet
  facet normal 0 0 -1
    outer loop
      vertex 12.068096281325637 0.36466117310055374 5
      vertex 12.092008865992666 0.18302705977008216 5
      vertex 12.1 0 5
    endloop
  endfacet
  facet normal 0.843391445812884 -0.5372996083468264 0
    outer loop
      vertex 8.279780706993117 1.2045105163371967 5
      vertex 8.181346652052678 1.05 5
      vertex 8.181346652052678 1.05 0
    endloop
  endfacet
  facet normal 0.953716950748226 -0.30070579950427573 0
    outer loop
      vertex 8.026645496349593 0.7182423009839043 5
      vertex 7.9715557647929565 0.5435199947152936 5
      vertex 7.9715557647929565 0.5435199947152936 0
    endloop
  endfacet
  facet normal 0.8870108331782248 -0.46174861323502786 0
    outer loop
      vertex 8.181346652052678 1.05 5
      vertex 8.096753647223036 0.8874983496554688 5
      vertex 8.096753647223036 0.8874983496554688 0
    endloop
  endfacet
  facet normal 0.9238795325112863 -0.3826834323650907 0
    outer loop
      vertex 8.096753647223036 0.8874983496554688 5
      vertex 8.026645496349593 0.7182423009839043 5
      vertex 8.026645496349593 0.7182423009839043 0
    endloop
  endfacet
  facet normal 0.9762960071199333 -0.21643961393810354 0
    outer loop
      vertex 7.9715557647929565 0.5435199947152936 5
      vertex 7.931903718674363 0.36466117310055374 5
      vertex 7.931903718674363 0.36466117310055374 0
    endloop
  endfacet
  facet normal 0.9914448613738105 -0.13052619222005177 0
    outer loop
      vertex 7.931903718674363 0.36466117310055374 5
      vertex 7.907991134007334 0.18302705977008216 5
      vertex 7.907991134007334 0.18302705977008216 0
    endloop
  endfacet
  facet normal 0.9990482215818579 -0.043619387365332586 0
    outer loop
      vertex 7.907991134007334 0.18302705977008216 5
      vertex 7.9 0 5
      vertex 7.9 0 0
    endloop
  endfacet
  facet normal 0.6087614290087184 -0.7933533402912369 0
    outer loop
      vertex 8.650146019658267 1.608693330549854 5
      vertex 8.650146019658267 1.608693330549854 0
      vertex 8.795489483662804 1.720219293006883 5
    endloop
  endfacet
  facet normal 0.5372996083468262 -0.8433914458128842 0
    outer loop
      vertex 8.95 1.818653347947321 5
      vertex 8.795489483662804 1.720219293006883 5
      vertex 8.795489483662804 1.720219293006883 0
    endloop
  endfacet
  facet normal 0.7372773368101242 -0.6755902076156601 0
    outer loop
      vertex 8.391306669450145 1.3498539803417324 5
      vertex 8.391306669450145 1.3498539803417324 0
      vertex 8.51507575950825 1.48492424049175 5
    endloop
  endfacet
  facet normal 0.6755902076156588 -0.7372773368101253 0
    outer loop
      vertex 8.650146019658267 1.608693330549854 5
      vertex 8.51507575950825 1.48492424049175 5
      vertex 8.51507575950825 1.48492424049175 0
    endloop
  endfacet
  facet normal 0.7933533402912368 -0.6087614290087184 0
    outer loop
      vertex 8.391306669450145 1.3498539803417324 5
      vertex 8.279780706993117 1.2045105163371967 5
      vertex 8.279780706993117 1.2045105163371967 0
    endloop
  endfacet
  facet normal 0.38268343236509267 -0.9238795325112856 0
    outer loop
      vertex 9.112501650344532 1.903246352776965 5
      vertex 9.112501650344532 1.903246352776965 0
      vertex 9.281757699016095 1.9733545036504079 5
    endloop
  endfacet
  facet normal 0.4617486132350313 -0.887010833178223 0
    outer loop
      vertex 8.95 1.818653347947321 5
      vertex 8.95 1.818653347947321 0
      vertex 9.112501650344532 1.903246352776965 5
    endloop
  endfacet
  facet normal 0.3007057995042714 -0.9537169507482275 0
    outer loop
      vertex 9.456480005284707 2.0284442352070435 5
      vertex 9.281757699016095 1.9733545036504079 5
      vertex 9.281757699016095 1.9733545036504079 0
    endloop
  endfacet
  facet normal 0.843391445812884 -0.5372996083468264 0
    outer loop
      vertex 8.279780706993117 1.2045105163371967 5
      vertex 8.181346652052678 1.05 0
      vertex 8.279780706993117 1.2045105163371967 0
    endloop
  endfacet
  facet normal 0.953716950748226 -0.30070579950427573 0
    outer loop
      vertex 8.026645496349593 0.7182423009839043 5
      vertex 7.9715557647929565 0.5435199947152936 0
      vertex 8.026645496349593 0.7182423009839043 0
    endloop
  endfacet
  facet normal 0.8870108331782248 -0.46174861323502786 0
    outer loop
      vertex 8.181346652052678 1.05 5
      vertex 8.096753647223036 0.8874983496554688 0
      vertex 8.181346652052678 1.05 0
    endloop
  endfacet
  facet normal 0.9238795325112863 -0.3826834323650907 0
    outer loop
      vertex 8.096753647223036 0.8874983496554688 5
      vertex 8.026645496349593 0.7182423009839043 0
      vertex 8.096753647223036 0.8874983496554688 0
    endloop
  endfacet
  facet normal 0.9762960071199333 -0.21643961393810354 0
    outer loop
      vertex 7.9715557647929565 0.5435199947152936 5
      vertex 7.931903718674363 0.36466117310055374 0
      vertex 7.9715557647929565 0.5435199947152936 0
    endloop
  endfacet
  facet normal 0.9914448613738105 -0.13052619222005177 0
    outer loop
      vertex 7.931903718674363 0.36466117310055374 5
      vertex 7.907991134007334 0.18302705977008216 0
      vertex 7.931903718674363 0.36466117310055374 0
    endloop
  endfacet
  facet normal 0.9990482215818579 -0.043619387365332586 0
    outer loop
      vertex 7.907991134007334 0.18302705977008216 5
      vertex 7.9 0 0
      vertex 7.907991134007334 0.18302705977008216 0
    endloop
  endfacet
  facet normal 0.6087614290087184 -0.7933533402912369 0
    outer loop
      vertex 8.795489483662804 1.720219293006883 5
      vertex 8.650146019658267 1.608693330549854 0
      vertex 8.795489483662804 1.720219293006883 0
    endloop
  endfacet
  facet normal 0.5372996083468262 -0.8433914458128842 0
    outer loop
      vertex 8.95 1.818653347947321 5
      vertex 8.795489483662804 1.720219293006883 0
      vertex 8.95 1.818653347947321 0
    endloop
  endfacet
  facet normal 0.6755902076156588 -0.7372773368101253 0
    outer loop
      vertex 8.650146019658267 1.608693330549854 5
      vertex 8.51507575950825 1.48492424049175 0
      vertex 8.650146019658267 1.608693330549854 0
    endloop
  endfacet
  facet normal 0.7372773368101242 -0.6755902076156601 0
    outer loop
      vertex 8.51507575950825 1.48492424049175 5
      vertex 8.391306669450145 1.3498539803417324 0
      vertex 8.51507575950825 1.48492424049175 0
    endloop
  endfacet
  facet normal 0.7933533402912368 -0.6087614290087184 0
    outer loop
      vertex 8.391306669450145 1.3498539803417324 5
      vertex 8.279780706993117 1.2045105163371967 0
      vertex 8.391306669450145 1.3498539803417324 0
    endloop
  endfacet
  facet normal 0.4617486132350313 -0.887010833178223 0
    outer loop
      vertex 9.112501650344532 1.903246352776965 5
      vertex 8.95 1.818653347947321 0
      vertex 9.112501650344532 1.903246352776965 0
    endloop
  endfacet
  facet normal 0.38268343236509267 -0.9238795325112856 0
    outer loop
      vertex 9.281757699016095 1.9733545036504079 5
      vertex 9.112501650344532 1.903246352776965 0
      vertex 9.281757699016095 1.9733545036504079 0
    endloop
  endfacet
  facet normal 0.3007057995042714 -0.9537169507482275 0
    outer loop
      vertex 9.456480005284707 2.0284442352070435 5
      vertex 9.281757699016095 1.9733545036504079 0
      vertex 9.456480005284707 2.0284442352070435 0
    endloop
  endfacet
  facet normal 0.2164396139381023 -0.9762960071199335 0
    outer loop
      vertex 9.456480005284707 2.0284442352070435 5
      vertex 9.456480005284707 2.0284442352070435 0
      vertex 9.635338826899446 2.0680962813256367 5
    endloop
  endfacet
  facet normal 0.13052619222005324 -0.9914448613738102 0
    outer loop
      vertex 9.635338826899446 2.0680962813256367 5
      vertex 9.635338826899446 2.0680962813256367 0
      vertex 9.816972940229919 2.092008865992666 5
    endloop
  endfacet
  facet normal 0.043619387365335195 -0.9990482215818579 0
    outer loop
      vertex 9.816972940229919 2.092008865992666 5
      vertex 9.816972940229919 2.092008865992666 0
      vertex 10 2.1 5
    endloop
  endfacet
  facet normal -0.043619387365335195 -0.9990482215818579 0
    outer loop
      vertex 10 2.1 5
      vertex 10 2.1 0
      vertex 10.183027059770081 2.092008865992666 5
    endloop
  endfacet
  facet normal -0.13052619222005324 -0.9914448613738102 0
    outer loop
      vertex 10.183027059770081 2.092008865992666 5
      vertex 10.183027059770081 2.092008865992666 0
      vertex 10.364661173100554 2.0680962813256367 5
    endloop
  endfacet
  facet normal -0.2164396139381023 -0.9762960071199335 0
    outer loop
      vertex 10.364661173100554 2.0680962813256367 5
      vertex 10.364661173100554 2.0680962813256367 0
      vertex 10.543519994715293 2.0284442352070435 5
    endloop
  endfacet
  facet normal -0.3007057995042714 -0.9537169507482275 0
    outer loop
      vertex 10.543519994715293 2.0284442352070435 5
      vertex 10.543519994715293 2.0284442352070435 0
      vertex 10.718242300983905 1.9733545036504079 5
    endloop
  endfacet
  facet normal -0.38268343236509267 -0.9238795325112856 0
    outer loop
      vertex 10.718242300983905 1.9733545036504079 5
      vertex 10.718242300983905 1.9733545036504079 0
      vertex 10.887498349655468 1.903246352776965 5
    endloop
  endfacet
  facet normal -0.4617486132350313 -0.887010833178223 0
    outer loop
      vertex 10.887498349655468 1.903246352776965 5
      vertex 10.887498349655468 1.903246352776965 0
      vertex 11.05 1.818653347947321 5
    endloop
  endfacet
  facet normal -0.5372996083468262 -0.8433914458128842 0
    outer loop
      vertex 11.05 1.818653347947321 5
      vertex 11.05 1.818653347947321 0
      vertex 11.204510516337196 1.720219293006883 5
    endloop
  endfacet
  facet normal -0.6087614290087184 -0.7933533402912369 0
    outer loop
      vertex 11.204510516337196 1.720219293006883 5
      vertex 11.204510516337196 1.720219293006883 0
      vertex 11.349853980341733 1.608693330549854 5
    endloop
  endfacet
  facet normal -0.6755902076156588 -0.7372773368101253 0
    outer loop
      vertex 11.349853980341733 1.608693330549854 5
      vertex 11.349853980341733 1.608693330549854 0
      vertex 11.48492424049175 1.48492424049175 5
    endloop
  endfacet
  facet normal -0.7372773368101242 -0.6755902076156601 0
    outer loop
      vertex 11.48492424049175 1.48492424049175 5
      vertex 11.48492424049175 1.48492424049175 0
      vertex 11.608693330549855 1.3498539803417324 5
    endloop
  endfacet
  facet normal -0.7933533402912368 -0.6087614290087184 0
    outer loop
      vertex 11.608693330549855 1.3498539803417324 5
      vertex 11.608693330549855 1.3498539803417324 0
      vertex 11.720219293006883 1.2045105163371967 5
    endloop
  endfacet
  facet normal -0.843391445812884 -0.5372996083468264 0
    outer loop
      vertex 11.720219293006883 1.2045105163371967 5
      vertex 11.720219293006883 1.2045105163371967 0
      vertex 11.818653347947322 1.05 5
    endloop
  endfacet
  facet normal -0.8870108331782248 -0.46174861323502786 0
    outer loop
      vertex 11.818653347947322 1.05 5
      vertex 11.818653347947322 1.05 0
      vertex 11.903246352776964 0.8874983496554688 5
    endloop
  endfacet
  facet normal -0.9238795325112863 -0.3826834323650907 0
    outer loop
      vertex 11.903246352776964 0.8874983496554688 5
      vertex 11.903246352776964 0.8874983496554688 0
      vertex 11.973354503650407 0.7182423009839043 5
    endloop
  endfacet
  facet normal -0.953716950748226 -0.30070579950427573 0
    outer loop
      vertex 11.973354503650407 0.7182423009839043 5
      vertex 11.973354503650407 0.7182423009839043 0
      vertex 12.028444235207044 0.5435199947152936 5
    endloop
  endfacet
  facet normal -0.9762960071199333 -0.21643961393810354 0
    outer loop
      vertex 12.028444235207044 0.5435199947152936 5
      vertex 12.028444235207044 0.5435199947152936 0
      vertex 12.068096281325637 0.36466117310055374 5
    endloop
  endfacet
  facet normal -0.9914448613738105 -0.13052619222005177 0
    outer loop
      vertex 12.068096281325637 0.36466117310055374 5
      vertex 12.068096281325637 0.36466117310055374 0
      vertex 12.092008865992666 0.18302705977008216 5
    endloop
  endfacet
  facet normal -0.9990482215818579 -0.043619387365332586 0
    outer loop
      vertex 12.092008865992666 0.18302705977008216 5
      vertex 12.092008865992666 0.18302705977008216 0
      vertex 12.1 0 5
    endloop
  endfacet
  facet normal 0.2164396139381023 -0.9762960071199335 0
    outer loop
      vertex 9.635338826899446 2.0680962813256367 5
      vertex 9.456480005284707 2.0284442352070435 0
      vertex 9.635338826899446 2.0680962813256367 0
    endloop
  endfacet
  facet normal 0.13052619222005324 -0.9914448613738102 0
    outer loop
      vertex 9.816972940229919 2.092008865992666 5
      vertex 9.635338826899446 2.0680962813256367 0
      vertex 9.816972940229919 2.092008865992666 0
    endloop
  endfacet
  facet normal 0.043619387365335195 -0.9990482215818579 0
    outer loop
      vertex 10 2.1 5
      vertex 9.816972940229919 2.092008865992666 0
      vertex 10 2.1 0
    endloop
  endfacet
  facet normal -0.043619387365335195 -0.9990482215818579 0
    outer loop
      vertex 10.183027059770081 2.092008865992666 5
      vertex 10 2.1 0
      vertex 10.183027059770081 2.092008865992666 0
    endloop
  endfacet
  facet normal -0.13052619222005324 -0.9914448613738102 0
    outer loop
      vertex 10.364661173100554 2.0680962813256367 5
      vertex 10.183027059770081 2.092008865992666 0
      vertex 10.364661173100554 2.0680962813256367 0
    endloop
  endfacet
  facet normal -0.2164396139381023 -0.9762960071199335 0
    outer loop
      vertex 10.543519994715293 2.0284442352070435 5
      vertex 10.364661173100554 2.0680962813256367 0
      vertex 10.543519994715293 2.0284442352070435 0
    endloop
  endfacet
  facet normal -0.3007057995042714 -0.9537169507482275 0
    outer loop
      vertex 10.718242300983905 1.9733545036504079 5
      vertex 10.543519994715293 2.0284442352070435 0
      vertex 10.718242300983905 1.9733545036504079 0
    endloop
  endfacet
  facet normal -0.38268343236509267 -0.9238795325112856 0
    outer loop
      vertex 10.887498349655468 1.903246352776965 5
      vertex 10.718242300983905 1.9733545036504079 0
      vertex 10.887498349655468 1.903246352776965 0
    endloop
  endfacet
  facet normal -0.4617486132350313 -0.887010833178223 0
    outer loop
      vertex 11.05 1.818653347947321 5
      vertex 10.887498349655468 1.903246352776965 0
      vertex 11.05 1.818653347947321 0
    endloop
  endfacet
  facet normal -0.5372996083468262 -0.8433914458128842 0
    outer loop
      vertex 11.204510516337196 1.720219293006883 5
      vertex 11.05 1.818653347947321 0
      vertex 11.204510516337196 1.720219293006883 0
    endloop
  endfacet
  facet normal -0.6087614290087184 -0.7933533402912369 0
    outer loop
      vertex 11.349853980341733 1.608693330549854 5
      vertex 11.204510516337196 1.720219293006883 0
      vertex 11.349853980341733 1.608693330549854 0
    endloop
  endfacet
  facet normal -0.6755902076156588 -0.7372773368101253 0
    outer loop
      vertex 11.48492424049175 1.48492424049175 5
      vertex 11.349853980341733 1.608693330549854 0
      vertex 11.48492424049175 1.48492424049175 0
    endloop
  endfacet
  facet normal -0.7372773368101242 -0.6755902076156601 0
    outer loop
      vertex 11.608693330549855 1.3498539803417324 5
      vertex 11.48492424049175 1.48492424049175 0
      vertex 11.608693330549855 1.3498539803417324 0
    endloop
  endfacet
  facet normal -0.7933533402912368 -0.6087614290087184 0
    outer loop
      vertex 11.720219293006883 1.2045105163371967 5
      vertex 11.608693330549855 1.3498539803417324 0
      vertex 11.720219293006883 1.2045105163371967 0
    endloop
  endfacet
  facet normal -0.843391445812884 -0.5372996083468264 0
    outer loop
      vertex 11.818653347947322 1.05 5
      vertex 11.720219293006883 1.2045105163371967 0
      vertex 11.818653347947322 1.05 0
    endloop
  endfacet
  facet normal -0.8870108331782248 -0.46174861323502786 0
    outer loop
      vertex 11.903246352776964 0.8874983496554688 5
      vertex 11.818653347947322 1.05 0
      vertex 11.903246352776964 0.8874983496554688 0
    endloop
  endfacet
  facet normal -0.9238795325112863 -0.3826834323650907 0
    outer loop
      vertex 11.973354503650407 0.7182423009839043 5
      vertex 11.903246352776964 0.8874983496554688 0
      vertex 11.973354503650407 0.7182423009839043 0
    endloop
  endfacet
  facet normal -0.953716950748226 -0.30070579950427573 0
    outer loop
      vertex 12.028444235207044 0.5435199947152936 5
      vertex 11.973354503650407 0.7182423009839043 0
      vertex 12.028444235207044 0.5435199947152936 0
    endloop
  endfacet
  facet normal -0.9762960071199333 -0.21643961393810354 0
    outer loop
      vertex 12.068096281325637 0.36466117310055374 5
      vertex 12.028444235207044 0.5435199947152936 0
      vertex 12.068096281325637 0.36466117310055374 0
    endloop
  endfacet
  facet normal -0.9914448613738105 -0.13052619222005177 0
    outer loop
      vertex 12.092008865992666 0.18302705977008216 5
      vertex 12.068096281325637 0.36466117310055374 0
      vertex 12.092008865992666 0.18302705977008216 0
    endloop
  endfacet
  facet normal -0.9990482215818579 -0.043619387365332586 0
    outer loop
      vertex 12.1 0 5
      vertex 12.092008865992666 0.18302705977008216 0
      vertex 12.1 0 0
    endloop
  endfacet
  facet normal 0 0 -1
    outer loop
      vertex 7.9 0 5
      vertex 7.931903718674363 -0.36466117310055374 5
      vertex 7.907991134007334 -0.18302705977008216 5
    endloop
  endfacet
  facet normal 0 0 -1
    outer loop
      vertex 7.9 0 5
      vertex 7.9715557647929565 -0.5435199947152936 5
      vertex 7.931903718674363 -0.36466117310055374 5
    endloop
  endfacet
  facet normal 0 0 -1
    outer loop
      vertex 7.9 0 5
      vertex 8.026645496349593 -0.7182423009839043 5
      vertex 7.9715557647929565 -0.5435199947152936 5
    endloop
  endfacet
  facet normal 0 0 -1
    outer loop
      vertex 7.9 0 5
      vertex 8.096753647223036 -0.8874983496554688 5
      vertex 8.026645496349593 -0.7182423009839043 5
    endloop
  endfacet
  facet normal 0 0 -1
    outer loop
      vertex 7.9 0 5
      vertex 8.181346652052678 -1.05 5
      vertex 8.096753647223036 -0.8874983496554688 5
    endloop
  endfacet
  facet normal 0 0 -1
    outer loop
      vertex 7.9 0 5
      vertex 8.279780706993117 -1.2045105163371967 5
      vertex 8.181346652052678 -1.05 5
    endloop
  endfacet
  facet normal 0 0 -1
    outer loop
      vertex 7.9 0 5
      vertex 8.391306669450145 -1.3498539803417324 5
      vertex 8.279780706993117 -1.2045105163371967 5
    endloop
  endfacet
  facet normal 0 0 -1
    outer loop
      vertex 7.9 0 5
      vertex 8.51507575950825 -1.48492424049175 5
      vertex 8.391306669450145 -1.3498539803417324 5
    endloop
  endfacet
  facet normal 0 0 -1
    outer loop
      vertex 7.9 0 5
      vertex 8.650146019658267 -1.608693330549854 5
      vertex 8.51507575950825 -1.48492424049175 5
    endloop
  endfacet
  facet normal 0 0 -1
    outer loop
      vertex 7.9 0 5
      vertex 8.795489483662804 -1.720219293006883 5
      vertex 8.650146019658267 -1.608693330549854 5
    endloop
  endfacet
  facet normal 0 0 -1
    outer loop
      vertex 7.9 0 5
      vertex 8.95 -1.818653347947321 5
      vertex 8.795489483662804 -1.720219293006883 5
    endloop
  endfacet
  facet normal 0 0 -1
    outer loop
      vertex 7.9 0 5
      vertex 9.112501650344532 -1.903246352776965 5
      vertex 8.95 -1.818653347947321 5
    endloop
  endfacet
  facet normal 0 0 -1
    outer loop
      vertex 7.9 0 5
      vertex 9.281757699016095 -1.9733545036504079 5
      vertex 9.112501650344532 -1.903246352776965 5
    endloop
  endfacet
  facet normal 0 0 -1
    outer loop
      vertex 7.9 0 5
      vertex 9.456480005284707 -2.0284442352070435 5
      vertex 9.281757699016095 -1.9733545036504079 5
    endloop
  endfacet
  facet normal 0 0 -1
    outer loop
      vertex 7.9 0 5
      vertex 9.635338826899446 -2.0680962813256367 5
      vertex 9.456480005284707 -2.0284442352070435 5
    endloop
  endfacet
  facet normal 0 0 -1
    outer loop
      vertex 7.9 0 5
      vertex 9.816972940229919 -2.092008865992666 5
      vertex 9.635338826899446 -2.0680962813256367 5
    endloop
  endfacet
  facet normal 0 0 -1
    outer loop
      vertex 7.9 0 5
      vertex 10 -2.1 5
      vertex 9.816972940229919 -2.092008865992666 5
    endloop
  endfacet
  facet normal 0 0 -1
    outer loop
      vertex 7.9 0 5
      vertex 10.183027059770081 -2.092008865992666 5
      vertex 10 -2.1 5
    endloop
  endfacet
  facet normal 0 0 -1
    outer loop
      vertex 7.9 0 5
      vertex 10.364661173100554 -2.0680962813256367 5
      vertex 10.183027059770081 -2.092008865992666 5
    endloop
  endfacet
  facet normal 0 0 -1
    outer loop
      vertex 7.9 0 5
      vertex 12.092008865992666 -0.18302705977008216 5
      vertex 12.068096281325637 -0.36466117310055374 5
    endloop
  endfacet
  facet normal 0 0 -1
    outer loop
      vertex 7.9 0 5
      vertex 12.068096281325637 -0.36466117310055374 5
      vertex 12.028444235207044 -0.5435199947152936 5
    endloop
  endfacet
  facet normal 0 0 -1
    outer loop
      vertex 7.9 0 5
      vertex 12.028444235207044 -0.5435199947152936 5
      vertex 11.973354503650407 -0.7182423009839043 5
    endloop
  endfacet
  facet normal 0 0 -1
    outer loop
      vertex 7.9 0 5
      vertex 11.48492424049175 -1.48492424049175 5
      vertex 11.349853980341733 -1.608693330549854 5
    endloop
  endfacet
  facet normal 0 0 -1
    outer loop
      vertex 7.9 0 5
      vertex 11.608693330549855 -1.3498539803417324 5
      vertex 11.48492424049175 -1.48492424049175 5
    endloop
  endfacet
  facet normal 0 0 -1
    outer loop
      vertex 7.9 0 5
      vertex 11.818653347947322 -1.05 5
      vertex 11.720219293006883 -1.2045105163371967 5
    endloop
  endfacet
  facet normal 0 0 -1
    outer loop
      vertex 7.9 0 5
      vertex 11.973354503650407 -0.7182423009839043 5
      vertex 11.903246352776964 -0.8874983496554688 5
    endloop
  endfacet
  facet normal 0 0 -1
    outer loop
      vertex 7.9 0 5
      vertex 11.903246352776964 -0.8874983496554688 5
      vertex 11.818653347947322 -1.05 5
    endloop
  endfacet
  facet normal 0 0 -1
    outer loop
      vertex 7.9 0 5
      vertex 11.720219293006883 -1.2045105163371967 5
      vertex 11.608693330549855 -1.3498539803417324 5
    endloop
  endfacet
  facet normal 0 0 -1
    outer loop
      vertex 7.9 0 5
      vertex 10.543519994715293 -2.0284442352070435 5
      vertex 10.364661173100554 -2.0680962813256367 5
    endloop
  endfacet
  facet normal 0 0 -1
    outer loop
      vertex 7.9 0 5
      vertex 10.718242300983905 -1.9733545036504079 5
      vertex 10.543519994715293 -2.0284442352070435 5
    endloop
  endfacet
  facet normal 0 0 -1
    outer loop
      vertex 7.9 0 5
      vertex 10.887498349655468 -1.903246352776965 5
      vertex 10.718242300983905 -1.9733545036504079 5
    endloop
  endfacet
  facet normal 0 0 -1
    outer loop
      vertex 7.9 0 5
      vertex 11.204510516337196 -1.720219293006883 5
      vertex 11.05 -1.818653347947321 5
    endloop
  endfacet
  facet normal 0 0 -1
    outer loop
      vertex 7.9 0 5
      vertex 11.05 -1.818653347947321 5
      vertex 10.887498349655468 -1.903246352776965 5
    endloop
  endfacet
  facet normal 0 0 -1
    outer loop
      vertex 7.9 0 5
      vertex 11.349853980341733 -1.608693330549854 5
      vertex 11.204510516337196 -1.720219293006883 5
    endloop
  endfacet
  facet normal 0 0 -1
    outer loop
      vertex 7.9 0 5
      vertex 12.1 0 5
      vertex 12.092008865992666 -0.18302705977008216 5
    endloop
  endfacet
  facet normal 0.9990482215818579 0.043619387365332586 0
    outer loop
      vertex 7.9 0 5
      vertex 7.907991134007334 -0.18302705977008216 5
      vertex 7.907991134007334 -0.18302705977008216 0
    endloop
  endfacet
  facet normal 0.9914448613738105 0.13052619222005177 0
    outer loop
      vertex 7.907991134007334 -0.18302705977008216 5
      vertex 7.931903718674363 -0.36466117310055374 5
      vertex 7.931903718674363 -0.36466117310055374 0
    endloop
  endfacet
  facet normal 0.9762960071199333 0.21643961393810354 0
    outer loop
      vertex 7.931903718674363 -0.36466117310055374 5
      vertex 7.9715557647929565 -0.5435199947152936 5
      vertex 7.9715557647929565 -0.5435199947152936 0
    endloop
  endfacet
  facet normal 0.953716950748226 0.30070579950427573 0
    outer loop
      vertex 7.9715557647929565 -0.5435199947152936 5
      vertex 8.026645496349593 -0.7182423009839043 5
      vertex 8.026645496349593 -0.7182423009839043 0
    endloop
  endfacet
  facet normal 0.9238795325112863 0.3826834323650907 0
    outer loop
      vertex 8.026645496349593 -0.7182423009839043 5
      vertex 8.096753647223036 -0.8874983496554688 5
      vertex 8.096753647223036 -0.8874983496554688 0
    endloop
  endfacet
  facet normal 0.8870108331782248 0.46174861323502786 0
    outer loop
      vertex 8.096753647223036 -0.8874983496554688 5
      vertex 8.181346652052678 -1.05 5
      vertex 8.181346652052678 -1.05 0
    endloop
  endfacet
  facet normal 0.843391445812884 0.5372996083468264 0
    outer loop
      vertex 8.181346652052678 -1.05 5
      vertex 8.279780706993117 -1.2045105163371967 5
      vertex 8.279780706993117 -1.2045105163371967 0
    endloop
  endfacet
  facet normal 0.7933533402912368 0.6087614290087184 0
    outer loop
      vertex 8.279780706993117 -1.2045105163371967 5
      vertex 8.391306669450145 -1.3498539803417324 5
      vertex 8.391306669450145 -1.3498539803417324 0
    endloop
  endfacet
  facet normal 0.7372773368101242 0.6755902076156601 0
    outer loop
      vertex 8.391306669450145 -1.3498539803417324 5
      vertex 8.51507575950825 -1.48492424049175 5
      vertex 8.51507575950825 -1.48492424049175 0
    endloop
  endfacet
  facet normal 0.6755902076156588 0.7372773368101253 0
    outer loop
      vertex 8.51507575950825 -1.48492424049175 5
      vertex 8.650146019658267 -1.608693330549854 5
      vertex 8.650146019658267 -1.608693330549854 0
    endloop
  endfacet
  facet normal 0.6087614290087184 0.7933533402912369 0
    outer loop
      vertex 8.650146019658267 -1.608693330549854 5
      vertex 8.795489483662804 -1.720219293006883 5
      vertex 8.795489483662804 -1.720219293006883 0
    endloop
  endfacet
  facet normal 0.5372996083468262 0.8433914458128842 0
    outer loop
      vertex 8.795489483662804 -1.720219293006883 5
      vertex 8.95 -1.818653347947321 5
      vertex 8.95 -1.818653347947321 0
    endloop
  endfacet
  facet normal 0.4617486132350313 0.887010833178223 0
    outer loop
      vertex 8.95 -1.818653347947321 5
      vertex 9.112501650344532 -1.903246352776965 5
      vertex 9.112501650344532 -1.903246352776965 0
    endloop
  endfacet
  facet normal 0.38268343236509267 0.9238795325112856 0
    outer loop
      vertex 9.112501650344532 -1.903246352776965 5
      vertex 9.281757699016095 -1.9733545036504079 5
      vertex 9.281757699016095 -1.9733545036504079 0
    endloop
  endfacet
  facet normal 0.3007057995042714 0.9537169507482275 0
    outer loop
      vertex 9.281757699016095 -1.9733545036504079 5
      vertex 9.456480005284707 -2.0284442352070435 5
      vertex 9.456480005284707 -2.0284442352070435 0
    endloop
  endfacet
  facet normal 0.9990482215818579 0.043619387365332586 0
    outer loop
      vertex 7.9 0 5
      vertex 7.907991134007334 -0.18302705977008216 0
      vertex 7.9 0 0
    endloop
  endfacet
  facet normal 0.9914448613738105 0.13052619222005177 0
    outer loop
      vertex 7.907991134007334 -0.18302705977008216 5
      vertex 7.931903718674363 -0.36466117310055374 0
      vertex 7.907991134007334 -0.18302705977008216 0
    endloop
  endfacet
  facet normal 0.9762960071199333 0.21643961393810354 0
    outer loop
      vertex 7.931903718674363 -0.36466117310055374 5
      vertex 7.9715557647929565 -0.5435199947152936 0
      vertex 7.931903718674363 -0.36466117310055374 0
    endloop
  endfacet
  facet normal 0.953716950748226 0.30070579950427573 0
    outer loop
      vertex 7.9715557647929565 -0.5435199947152936 5
      vertex 8.026645496349593 -0.7182423009839043 0
      vertex 7.9715557647929565 -0.5435199947152936 0
    endloop
  endfacet
  facet normal 0.9238795325112863 0.3826834323650907 0
    outer loop
      vertex 8.026645496349593 -0.7182423009839043 5
      vertex 8.096753647223036 -0.8874983496554688 0
      vertex 8.026645496349593 -0.7182423009839043 0
    endloop
  endfacet
  facet normal 0.8870108331782248 0.46174861323502786 0
    outer loop
      vertex 8.096753647223036 -0.8874983496554688 5
      vertex 8.181346652052678 -1.05 0
      vertex 8.096753647223036 -0.8874983496554688 0
    endloop
  endfacet
  facet normal 0.843391445812884 0.5372996083468264 0
    outer loop
      vertex 8.181346652052678 -1.05 5
      vertex 8.279780706993117 -1.2045105163371967 0
      vertex 8.181346652052678 -1.05 0
    endloop
  endfacet
  facet normal 0.7933533402912368 0.6087614290087184 0
    outer loop
      vertex 8.279780706993117 -1.2045105163371967 5
      vertex 8.391306669450145 -1.3498539803417324 0
      vertex 8.279780706993117 -1.2045105163371967 0
    endloop
  endfacet
  facet normal 0.7372773368101242 0.6755902076156601 0
    outer loop
      vertex 8.391306669450145 -1.3498539803417324 5
      vertex 8.51507575950825 -1.48492424049175 0
      vertex 8.391306669450145 -1.3498539803417324 0
    endloop
  endfacet
  facet normal 0.6755902076156588 0.7372773368101253 0
    outer loop
      vertex 8.51507575950825 -1.48492424049175 5
      vertex 8.650146019658267 -1.608693330549854 0
      vertex 8.51507575950825 -1.48492424049175 0
    endloop
  endfacet
  facet normal 0.6087614290087184 0.7933533402912369 0
    outer loop
      vertex 8.650146019658267 -1.608693330549854 5
      vertex 8.795489483662804 -1.720219293006883 0
      vertex 8.650146019658267 -1.608693330549854 0
    endloop
  endfacet
  facet normal 0.5372996083468262 0.8433914458128842 0
    outer loop
      vertex 8.795489483662804 -1.720219293006883 5
      vertex 8.95 -1.818653347947321 0
      vertex 8.795489483662804 -1.720219293006883 0
    endloop
  endfacet
  facet normal 0.4617486132350313 0.887010833178223 0
    outer loop
      vertex 8.95 -1.818653347947321 5
      vertex 9.112501650344532 -1.903246352776965 0
      vertex 8.95 -1.818653347947321 0
    endloop
  endfacet
  facet normal 0.38268343236509267 0.9238795325112856 0
    outer loop
      vertex 9.112501650344532 -1.903246352776965 5
      vertex 9.281757699016095 -1.9733545036504079 0
      vertex 9.112501650344532 -1.903246352776965 0
    endloop
  endfacet
  facet normal 0.3007057995042714 0.9537169507482275 0
    outer loop
      vertex 9.281757699016095 -1.9733545036504079 5
      vertex 9.456480005284707 -2.0284442352070435 0
      vertex 9.281757699016095 -1.9733545036504079 0
    endloop
  endfacet
  facet normal 0.2164396139381023 0.9762960071199335 0
    outer loop
      vertex 9.456480005284707 -2.0284442352070435 5
      vertex 9.635338826899446 -2.0680962813256367 5
      vertex 9.635338826899446 -2.0680962813256367 0
    endloop
  endfacet
  facet normal 0.13052619222005324 0.9914448613738102 0
    outer loop
      vertex 9.635338826899446 -2.0680962813256367 5
      vertex 9.816972940229919 -2.092008865992666 5
      vertex 9.816972940229919 -2.092008865992666 0
    endloop
  endfacet
  facet normal 0.043619387365335195 0.9990482215818579 0
    outer loop
      vertex 9.816972940229919 -2.092008865992666 5
      vertex 10 -2.1 5
      vertex 10 -2.1 0
    endloop
  endfacet
  facet normal -0.043619387365335195 0.9990482215818579 0
    outer loop
      vertex 10 -2.1 5
      vertex 10.183027059770081 -2.092008865992666 5
      vertex 10.183027059770081 -2.092008865992666 0
    endloop
  endfacet
  facet normal -0.13052619222005324 0.9914448613738102 0
    outer loop
      vertex 10.183027059770081 -2.092008865992666 5
      vertex 10.364661173100554 -2.0680962813256367 5
      vertex 10.364661173100554 -2.0680962813256367 0
    endloop
  endfacet
  facet normal -0.2164396139381023 0.9762960071199335 0
    outer loop
      vertex 10.364661173100554 -2.0680962813256367 5
      vertex 10.543519994715293 -2.0284442352070435 5
      vertex 10.543519994715293 -2.0284442352070435 0
    endloop
  endfacet
  facet normal -0.3007057995042714 0.9537169507482275 0
    outer loop
      vertex 10.718242300983905 -1.9733545036504079 5
      vertex 10.718242300983905 -1.9733545036504079 0
      vertex 10.543519994715293 -2.0284442352070435 5
    endloop
  endfacet
  facet normal -0.38268343236509267 0.9238795325112856 0
    outer loop
      vertex 10.718242300983905 -1.9733545036504079 5
      vertex 10.887498349655468 -1.903246352776965 5
      vertex 10.887498349655468 -1.903246352776965 0
    endloop
  endfacet
  facet normal -0.4617486132350313 0.887010833178223 0
    outer loop
      vertex 10.887498349655468 -1.903246352776965 5
      vertex 11.05 -1.818653347947321 5
      vertex 11.05 -1.818653347947321 0
    endloop
  endfacet
  facet normal -0.5372996083468262 0.8433914458128842 0
    outer loop
      vertex 11.204510516337196 -1.720219293006883 5
      vertex 11.204510516337196 -1.720219293006883 0
      vertex 11.05 -1.818653347947321 5
    endloop
  endfacet
  facet normal -0.7372773368101242 0.6755902076156601 0
    outer loop
      vertex 11.48492424049175 -1.48492424049175 5
      vertex 11.608693330549855 -1.3498539803417324 5
      vertex 11.608693330549855 -1.3498539803417324 0
    endloop
  endfacet
  facet normal -0.6755902076156588 0.7372773368101253 0
    outer loop
      vertex 11.48492424049175 -1.48492424049175 5
      vertex 11.48492424049175 -1.48492424049175 0
      vertex 11.349853980341733 -1.608693330549854 5
    endloop
  endfacet
  facet normal -0.7933533402912368 0.6087614290087184 0
    outer loop
      vertex 11.720219293006883 -1.2045105163371967 5
      vertex 11.720219293006883 -1.2045105163371967 0
      vertex 11.608693330549855 -1.3498539803417324 5
    endloop
  endfacet
  facet normal -0.843391445812884 0.5372996083468264 0
    outer loop
      vertex 11.818653347947322 -1.05 5
      vertex 11.818653347947322 -1.05 0
      vertex 11.720219293006883 -1.2045105163371967 5
    endloop
  endfacet
  facet normal -0.6087614290087184 0.7933533402912369 0
    outer loop
      vertex 11.204510516337196 -1.720219293006883 5
      vertex 11.349853980341733 -1.608693330549854 5
      vertex 11.349853980341733 -1.608693330549854 0
    endloop
  endfacet
  facet normal -0.9990482215818579 0.043619387365332586 0
    outer loop
      vertex 12.1 0 5
      vertex 12.1 0 0
      vertex 12.092008865992666 -0.18302705977008216 5
    endloop
  endfacet
  facet normal -0.9914448613738105 0.13052619222005177 0
    outer loop
      vertex 12.092008865992666 -0.18302705977008216 5
      vertex 12.092008865992666 -0.18302705977008216 0
      vertex 12.068096281325637 -0.36466117310055374 5
    endloop
  endfacet
  facet normal -0.9762960071199333 0.21643961393810354 0
    outer loop
      vertex 12.068096281325637 -0.36466117310055374 5
      vertex 12.068096281325637 -0.36466117310055374 0
      vertex 12.028444235207044 -0.5435199947152936 5
    endloop
  endfacet
  facet normal -0.953716950748226 0.30070579950427573 0
    outer loop
      vertex 12.028444235207044 -0.5435199947152936 5
      vertex 12.028444235207044 -0.5435199947152936 0
      vertex 11.973354503650407 -0.7182423009839043 5
    endloop
  endfacet
  facet normal -0.9238795325112863 0.3826834323650907 0
    outer loop
      vertex 11.973354503650407 -0.7182423009839043 5
      vertex 11.973354503650407 -0.7182423009839043 0
      vertex 11.903246352776964 -0.8874983496554688 5
    endloop
  endfacet
  facet normal -0.8870108331782248 0.46174861323502786 0
    outer loop
      vertex 11.903246352776964 -0.8874983496554688 5
      vertex 11.903246352776964 -0.8874983496554688 0
      vertex 11.818653347947322 -1.05 5
    endloop
  endfacet
  facet normal 0.2164396139381023 0.9762960071199335 0
    outer loop
      vertex 9.456480005284707 -2.0284442352070435 5
      vertex 9.635338826899446 -2.0680962813256367 0
      vertex 9.456480005284707 -2.0284442352070435 0
    endloop
  endfacet
  facet normal 0.13052619222005324 0.9914448613738102 0
    outer loop
      vertex 9.635338826899446 -2.0680962813256367 5
      vertex 9.816972940229919 -2.092008865992666 0
      vertex 9.635338826899446 -2.0680962813256367 0
    endloop
  endfacet
  facet normal 0.043619387365335195 0.9990482215818579 0
    outer loop
      vertex 9.816972940229919 -2.092008865992666 5
      vertex 10 -2.1 0
      vertex 9.816972940229919 -2.092008865992666 0
    endloop
  endfacet
  facet normal -0.043619387365335195 0.9990482215818579 0
    outer loop
      vertex 10 -2.1 5
      vertex 10.183027059770081 -2.092008865992666 0
      vertex 10 -2.1 0
    endloop
  endfacet
  facet normal -0.13052619222005324 0.9914448613738102 0
    outer loop
      vertex 10.183027059770081 -2.092008865992666 5
      vertex 10.364661173100554 -2.0680962813256367 0
      vertex 10.183027059770081 -2.092008865992666 0
    endloop
  endfacet
  facet normal -0.2164396139381023 0.9762960071199335 0
    outer loop
      vertex 10.364661173100554 -2.0680962813256367 5
      vertex 10.543519994715293 -2.0284442352070435 0
      vertex 10.364661173100554 -2.0680962813256367 0
    endloop
  endfacet
  facet normal -0.3007057995042714 0.9537169507482275 0
    outer loop
      vertex 10.543519994715293 -2.0284442352070435 5
      vertex 10.718242300983905 -1.9733545036504079 0
      vertex 10.543519994715293 -2.0284442352070435 0
    endloop
  endfacet
  facet normal -0.8870108331782248 0.46174861323502786 0
    outer loop
      vertex 11.818653347947322 -1.05 5
      vertex 11.903246352776964 -0.8874983496554688 0
      vertex 11.818653347947322 -1.05 0
    endloop
  endfacet
  facet normal -0.38268343236509267 0.9238795325112856 0
    outer loop
      vertex 10.718242300983905 -1.9733545036504079 5
      vertex 10.887498349655468 -1.903246352776965 0
      vertex 10.718242300983905 -1.9733545036504079 0
    endloop
  endfacet
  facet normal -0.4617486132350313 0.887010833178223 0
    outer loop
      vertex 10.887498349655468 -1.903246352776965 5
      vertex 11.05 -1.818653347947321 0
      vertex 10.887498349655468 -1.903246352776965 0
    endloop
  endfacet
  facet normal -0.5372996083468262 0.8433914458128842 0
    outer loop
      vertex 11.05 -1.818653347947321 5
      vertex 11.204510516337196 -1.720219293006883 0
      vertex 11.05 -1.818653347947321 0
    endloop
  endfacet
  facet normal -0.6087614290087184 0.7933533402912369 0
    outer loop
      vertex 11.204510516337196 -1.720219293006883 5
      vertex 11.349853980341733 -1.608693330549854 0
      vertex 11.204510516337196 -1.720219293006883 0
    endloop
  endfacet
  facet normal -0.6755902076156588 0.7372773368101253 0
    outer loop
      vertex 11.349853980341733 -1.608693330549854 5
      vertex 11.48492424049175 -1.48492424049175 0
      vertex 11.349853980341733 -1.608693330549854 0
    endloop
  endfacet
  facet normal -0.7372773368101242 0.6755902076156601 0
    outer loop
      vertex 11.48492424049175 -1.48492424049175 5
      vertex 11.608693330549855 -1.3498539803417324 0
      vertex 11.48492424049175 -1.48492424049175 0
    endloop
  endfacet
  facet normal -0.7933533402912368 0.6087614290087184 0
    outer loop
      vertex 11.608693330549855 -1.3498539803417324 5
      vertex 11.720219293006883 -1.2045105163371967 0
      vertex 11.608693330549855 -1.3498539803417324 0
    endloop
  endfacet
  facet normal -0.843391445812884 0.5372996083468264 0
    outer loop
      vertex 11.720219293006883 -1.2045105163371967 5
      vertex 11.818653347947322 -1.05 0
      vertex 11.720219293006883 -1.2045105163371967 0
    endloop
  endfacet
  facet normal -0.9990482215818579 0.043619387365332586 0
    outer loop
      vertex 12.092008865992666 -0.18302705977008216 5
      vertex 12.1 0 0
      vertex 12.092008865992666 -0.18302705977008216 0
    endloop
  endfacet
  facet normal -0.9914448613738105 0.13052619222005177 0
    outer loop
      vertex 12.068096281325637 -0.36466117310055374 5
      vertex 12.092008865992666 -0.18302705977008216 0
      vertex 12.068096281325637 -0.36466117310055374 0
    endloop
  endfacet
  facet normal -0.9762960071199333 0.21643961393810354 0
    outer loop
      vertex 12.028444235207044 -0.5435199947152936 5
      vertex 12.068096281325637 -0.36466117310055374 0
      vertex 12.028444235207044 -0.5435199947152936 0
    endloop
  endfacet
  facet normal -0.953716950748226 0.30070579950427573 0
    outer loop
      vertex 11.973354503650407 -0.7182423009839043 5
      vertex 12.028444235207044 -0.5435199947152936 0
      vertex 11.973354503650407 -0.7182423009839043 0
    endloop
  endfacet
  facet normal -0.9238795325112863 0.3826834323650907 0
    outer loop
      vertex 11.903246352776964 -0.8874983496554688 5
      vertex 11.973354503650407 -0.7182423009839043 0
      vertex 11.903246352776964 -0.8874983496554688 0
    endloop
  endfacet
  facet normal 0 -0.6087614290087204 0.7933533402912354
    outer loop
      vertex 19 9.315928787995578 8
      vertex -19 9.315928787995578 8
      vertex -19 9.177222981616737 7.893567291376131
    endloop
  endfacet
  facet normal 0 -0.5372996083468236 0.8433914458128858
    outer loop
      vertex -19 8 7.1435935394489825
      vertex 19 8 7.1435935394489825
      vertex -19 9.177222981616737 7.893567291376131
    endloop
  endfacet
  facet normal 0 -0.46174861323503413 0.8870108331782216
    outer loop
      vertex -19 6.761892187851191 6.499075407413601
      vertex 19 6.761892187851191 6.499075407413601
      vertex -19 8 7.1435935394489825
    endloop
  endfacet
  facet normal 0 -0.3826834323650904 0.9238795325112865
    outer loop
      vertex -19 5.472322293210699 5.964918067425465
      vertex 19 5.472322293210699 5.964918067425465
      vertex -19 6.761892187851191 6.499075407413601
    endloop
  endfacet
  facet normal 0 -0.3007057995042729 0.953716950748227
    outer loop
      vertex -19 4.141104721640332 5.545186779374907
      vertex 19 4.141104721640332 5.545186779374907
      vertex -19 5.472322293210699 5.964918067425465
    endloop
  endfacet
  facet normal 0 -0.21643961393810218 0.9762960071199335
    outer loop
      vertex -19 2.7783708426708853 5.243075951804672
      vertex 19 2.7783708426708853 5.243075951804672
      vertex -19 4.141104721640332 5.545186779374907
    endloop
  endfacet
  facet normal 0 -0.13052619222005218 0.9914448613738103
    outer loop
      vertex -19 1.3944918839625307 5.060884830532071
      vertex 19 1.3944918839625307 5.060884830532071
      vertex -19 2.7783708426708853 5.243075951804672
    endloop
  endfacet
  facet normal 0 -0.043619387365335854 0.9990482215818577
    outer loop
      vertex -19 0 5
      vertex 19 0 5
      vertex -19 1.3944918839625307 5.060884830532071
    endloop
  endfacet
  facet normal 0 0.3826834323650904 0.9238795325112865
    outer loop
      vertex -19 -6.761892187851191 6.499075407413601
      vertex 19 -6.761892187851191 6.499075407413601
      vertex -19 -5.472322293210699 5.964918067425465
    endloop
  endfacet
  facet normal 0 0.46174861323503413 0.8870108331782216
    outer loop
      vertex -19 -8 7.1435935394489825
      vertex 19 -8 7.1435935394489825
      vertex -19 -6.761892187851191 6.499075407413601
    endloop
  endfacet
  facet normal 0 0.043619387365335854 0.9990482215818577
    outer loop
      vertex -19 -1.3944918839625307 5.060884830532071
      vertex 19 -1.3944918839625307 5.060884830532071
      vertex -19 0 5
    endloop
  endfacet
  facet normal 0 0.13052619222005218 0.9914448613738103
    outer loop
      vertex -19 -2.7783708426708853 5.243075951804672
      vertex 19 -2.7783708426708853 5.243075951804672
      vertex -19 -1.3944918839625307 5.060884830532071
    endloop
  endfacet
  facet normal 0 0.21643961393810218 0.9762960071199335
    outer loop
      vertex -19 -4.141104721640332 5.545186779374907
      vertex 19 -4.141104721640332 5.545186779374907
      vertex -19 -2.7783708426708853 5.243075951804672
    endloop
  endfacet
  facet normal 0 0.3007057995042729 0.953716950748227
    outer loop
      vertex -19 -5.472322293210699 5.964918067425465
      vertex 19 -5.472322293210699 5.964918067425465
      vertex -19 -4.141104721640332 5.545186779374907
    endloop
  endfacet
  facet normal 0 0.6087614290087204 0.7933533402912354
    outer loop
      vertex -19 -9.315928787995578 8
      vertex 19 -9.177222981616737 7.893567291376131
      vertex -19 -9.177222981616737 7.893567291376131
    endloop
  endfacet
  facet normal 0 0.5372996083468236 0.8433914458128858
    outer loop
      vertex -19 -9.177222981616737 7.893567291376131
      vertex 19 -9.177222981616737 7.893567291376131
      vertex -19 -8 7.1435935394489825
    endloop
  endfacet
  facet normal 0 -0.6087614290087204 0.7933533402912354
    outer loop
      vertex 19 9.315928787995578 8
      vertex -19 9.177222981616737 7.893567291376131
      vertex 19 9.177222981616737 7.893567291376131
    endloop
  endfacet
  facet normal 0 -0.5372996083468236 0.8433914458128858
    outer loop
      vertex -19 9.177222981616737 7.893567291376131
      vertex 19 8 7.1435935394489825
      vertex 19 9.177222981616737 7.893567291376131
    endloop
  endfacet
  facet normal 0 -0.46174861323503413 0.8870108331782216
    outer loop
      vertex -19 8 7.1435935394489825
      vertex 19 6.761892187851191 6.499075407413601
      vertex 19 8 7.1435935394489825
    endloop
  endfacet
  facet normal 0 -0.3826834323650904 0.9238795325112865
    outer loop
      vertex -19 6.761892187851191 6.499075407413601
      vertex 19 5.472322293210699 5.964918067425465
      vertex 19 6.761892187851191 6.499075407413601
    endloop
  endfacet
  facet normal 0 -0.3007057995042729 0.953716950748227
    outer loop
      vertex -19 5.472322293210699 5.964918067425465
      vertex 19 4.141104721640332 5.545186779374907
      vertex 19 5.472322293210699 5.964918067425465
    endloop
  endfacet
  facet normal 0 -0.21643961393810218 0.9762960071199335
    outer loop
      vertex -19 4.141104721640332 5.545186779374907
      vertex 19 2.7783708426708853 5.243075951804672
      vertex 19 4.141104721640332 5.545186779374907
    endloop
  endfacet
  facet normal 0 -0.13052619222005218 0.9914448613738103
    outer loop
      vertex -19 2.7783708426708853 5.243075951804672
      vertex 19 1.3944918839625307 5.060884830532071
      vertex 19 2.7783708426708853 5.243075951804672
    endloop
  endfacet
  facet normal 0 -0.043619387365335854 0.9990482215818577
    outer loop
      vertex -19 1.3944918839625307 5.060884830532071
      vertex 19 0 5
      vertex 19 1.3944918839625307 5.060884830532071
    endloop
  endfacet
  facet normal 0 0.5372996083468236 0.8433914458128858
    outer loop
      vertex -19 -8 7.1435935394489825
      vertex 19 -9.177222981616737 7.893567291376131
      vertex 19 -8 7.1435935394489825
    endloop
  endfacet
  facet normal 0 0.3826834323650904 0.9238795325112865
    outer loop
      vertex -19 -5.472322293210699 5.964918067425465
      vertex 19 -6.761892187851191 6.499075407413601
      vertex 19 -5.472322293210699 5.964918067425465
    endloop
  endfacet
  facet normal 0 0.46174861323503413 0.8870108331782216
    outer loop
      vertex -19 -6.761892187851191 6.499075407413601
      vertex 19 -8 7.1435935394489825
      vertex 19 -6.761892187851191 6.499075407413601
    endloop
  endfacet
  facet normal 0 0.043619387365335854 0.9990482215818577
    outer loop
      vertex -19 0 5
      vertex 19 -1.3944918839625307 5.060884830532071
      vertex 19 0 5
    endloop
  endfacet
  facet normal 0 0.13052619222005218 0.9914448613738103
    outer loop
      vertex -19 -1.3944918839625307 5.060884830532071
      vertex 19 -2.7783708426708853 5.243075951804672
      vertex 19 -1.3944918839625307 5.060884830532071
    endloop
  endfacet
  facet normal 0 0.21643961393810218 0.9762960071199335
    outer loop
      vertex -19 -2.7783708426708853 5.243075951804672
      vertex 19 -4.141104721640332 5.545186779374907
      vertex 19 -2.7783708426708853 5.243075951804672
    endloop
  endfacet
  facet normal 0 0.3007057995042729 0.953716950748227
    outer loop
      vertex -19 -4.141104721640332 5.545186779374907
      vertex 19 -5.472322293210699 5.964918067425465
      vertex 19 -4.141104721640332 5.545186779374907
    endloop
  endfacet
  facet normal 0 0.6087614290087204 0.7933533402912354
    outer loop
      vertex 19 -9.177222981616737 7.893567291376131
      vertex -19 -9.315928787995578 8
      vertex 19 -9.315928787995578 8
    endloop
  endfacet
endsolid OpenSCAD_Model
