solid OpenSCAD_Model
  facet normal 0 0 -1
    outer loop
      vertex -29.794305745404184 -12.676608177155968 0
      vertex -30.07115043874616 -12.464177772475914 0
      vertex -29.5 -12.864101615137756 0
    endloop
  endfacet
  facet normal 0 0 -1
    outer loop
      vertex -30.56417777247591 -11.971150438746157 0
      vertex -30.07115043874616 -12.464177772475914 0
      vertex -30.32842712474619 -12.22842712474619 0
    endloop
  endfacet
  facet normal 0 0 -1
    outer loop
      vertex -30.07115043874616 -12.464177772475914 0
      vertex -30.776608177155968 -11.694305745404185 0
      vertex -28.868080573302674 -13.158770483143634 0
    endloop
  endfacet
  facet normal 0 0 -1
    outer loop
      vertex -30.56417777247591 -11.971150438746157 0
      vertex -30.776608177155968 -11.694305745404185 0
      vertex -30.07115043874616 -12.464177772475914 0
    endloop
  endfacet
  facet normal 0 0 -1
    outer loop
      vertex -29.190473046962797 -13.0252311481466 0
      vertex -29.5 -12.864101615137756 0
      vertex -28.868080573302674 -13.158770483143634 0
    endloop
  endfacet
  facet normal 0 0 -1
    outer loop
      vertex -30.07115043874616 -12.464177772475914 0
      vertex -28.868080573302674 -13.158770483143634 0
      vertex -29.5 -12.864101615137756 0
    endloop
  endfacet
  facet normal 0 0 -1
    outer loop
      vertex -28.868080573302674 -13.158770483143634 0
      vertex -28.19459271066772 -13.339231012048833 0
      vertex -28.535276180410083 -13.263703305156273 0
    endloop
  endfacet
  facet normal 0 0 -1
    outer loop
      vertex -28.868080573302674 -13.158770483143634 0
      vertex -27.5 -13.4 0
      vertex -28.19459271066772 -13.339231012048833 0
    endloop
  endfacet
  facet normal 0 0 -1
    outer loop
      vertex -28.19459271066772 -13.339231012048833 0
      vertex -27.5 -13.4 0
      vertex -27.848622970990633 -13.384778792366983 0
    endloop
  endfacet
  facet normal 0 0 -1
    outer loop
      vertex -30.964101615137753 -11.4 0
      vertex -31.1252311481466 -11.090473046962797 0
      vertex -31.258770483143635 -10.768080573302676 0
    endloop
  endfacet
  facet normal 0 0 -1
    outer loop
      vertex -30.776608177155968 -11.694305745404185 0
      vertex -30.964101615137753 -11.4 0
      vertex -31.258770483143635 -10.768080573302676 0
    endloop
  endfacet
  facet normal 0 0 -1
    outer loop
      vertex -28.868080573302674 -13.158770483143634 0
      vertex -30.776608177155968 -11.694305745404185 0
      vertex -31.5 -9.4 0
    endloop
  endfacet
  facet normal 0 0 -1
    outer loop
      vertex -30.776608177155968 -11.694305745404185 0
      vertex -31.258770483143635 -10.768080573302676 0
      vertex -31.5 -9.4 0
    endloop
  endfacet
  facet normal 0 0 -1
    outer loop
      vertex -31.258770483143635 -10.768080573302676 0
      vertex -31.363703305156275 -10.435276180410083 0
      vertex -31.439231012048833 -10.094592710667722 0
    endloop
  endfacet
  facet normal 0 0 -1
    outer loop
      vertex -31.258770483143635 -10.768080573302676 0
      vertex -31.439231012048833 -10.094592710667722 0
      vertex -31.5 -9.4 0
    endloop
  endfacet
  facet normal 0 0 -1
    outer loop
      vertex -31.439231012048833 -10.094592710667722 0
      vertex -31.48477879236698 -9.748622970990633 0
      vertex -31.5 -9.4 0
    endloop
  endfacet
  facet normal -0.6087614290087169 -0.7933533402912379 0
    outer loop
      vertex -29.794305745404184 -12.676608177155968 0
      vertex -29.794305745404184 -12.676608177155968 23.8
      vertex -30.07115043874616 -12.464177772475914 0
    endloop
  endfacet
  facet normal -0.5372996083468246 -0.8433914458128853 0
    outer loop
      vertex -29.794305745404184 -12.676608177155968 0
      vertex -29.5 -12.864101615137756 0
      vertex -29.794305745404184 -12.676608177155968 23.8
    endloop
  endfacet
  facet normal -0.7933533402912336 -0.6087614290087225 0
    outer loop
      vertex -30.56417777247591 -11.971150438746157 0
      vertex -30.56417777247591 -11.971150438746157 23.8
      vertex -30.776608177155968 -11.694305745404185 0
    endloop
  endfacet
  facet normal -0.6755902076156626 -0.7372773368101221 0
    outer loop
      vertex -30.07115043874616 -12.464177772475914 0
      vertex -30.32842712474619 -12.22842712474619 23.8
      vertex -30.32842712474619 -12.22842712474619 0
    endloop
  endfacet
  facet normal -0.7372773368101271 -0.675590207615657 0
    outer loop
      vertex -30.56417777247591 -11.971150438746157 0
      vertex -30.32842712474619 -12.22842712474619 0
      vertex -30.32842712474619 -12.22842712474619 23.8
    endloop
  endfacet
  facet normal -0.3826834323650889 -0.9238795325112872 0
    outer loop
      vertex -29.190473046962797 -13.0252311481466 0
      vertex -28.868080573302674 -13.158770483143634 0
      vertex -29.190473046962797 -13.0252311481466 23.8
    endloop
  endfacet
  facet normal -0.30070579950427273 -0.953716950748227 0
    outer loop
      vertex -28.868080573302674 -13.158770483143634 0
      vertex -28.535276180410083 -13.263703305156273 0
      vertex -28.535276180410083 -13.263703305156273 23.8
    endloop
  endfacet
  facet normal -0.4617486132350324 -0.8870108331782226 0
    outer loop
      vertex -29.190473046962797 -13.0252311481466 0
      vertex -29.190473046962797 -13.0252311481466 23.8
      vertex -29.5 -12.864101615137756 0
    endloop
  endfacet
  facet normal -0.21643961393810401 -0.976296007119933 0
    outer loop
      vertex -28.535276180410083 -13.263703305156273 0
      vertex -28.19459271066772 -13.339231012048833 0
      vertex -28.535276180410083 -13.263703305156273 23.8
    endloop
  endfacet
  facet normal -0.1305261922200538 -0.9914448613738102 0
    outer loop
      vertex -28.19459271066772 -13.339231012048833 0
      vertex -27.848622970990633 -13.384778792366983 0
      vertex -27.848622970990633 -13.384778792366983 23.8
    endloop
  endfacet
  facet normal -0.04361938736533333 -0.9990482215818579 0
    outer loop
      vertex -27.848622970990633 -13.384778792366983 0
      vertex -27.5 -13.4 0
      vertex -27.848622970990633 -13.384778792366983 23.8
    endloop
  endfacet
  facet normal -0.8433914458128876 -0.5372996083468209 0
    outer loop
      vertex -30.776608177155968 -11.694305745404185 0
      vertex -30.964101615137753 -11.4 23.8
      vertex -30.964101615137753 -11.4 0
    endloop
  endfacet
  facet normal -0.8870108331782205 -0.4617486132350364 0
    outer loop
      vertex -30.964101615137753 -11.4 0
      vertex -30.964101615137753 -11.4 23.8
      vertex -31.1252311481466 -11.090473046962797 0
    endloop
  endfacet
  facet normal -0.9238795325112846 -0.382683432365095 0
    outer loop
      vertex -31.1252311481466 -11.090473046962797 0
      vertex -31.1252311481466 -11.090473046962797 23.8
      vertex -31.258770483143635 -10.768080573302676 0
    endloop
  endfacet
  facet normal -0.9537169507482275 -0.30070579950427123 0
    outer loop
      vertex -31.258770483143635 -10.768080573302676 0
      vertex -31.363703305156275 -10.435276180410083 23.8
      vertex -31.363703305156275 -10.435276180410083 0
    endloop
  endfacet
  facet normal -0.976296007119934 -0.21643961393810024 0
    outer loop
      vertex -31.363703305156275 -10.435276180410083 0
      vertex -31.363703305156275 -10.435276180410083 23.8
      vertex -31.439231012048833 -10.094592710667722 0
    endloop
  endfacet
  facet normal -0.9914448613738108 -0.1305261922200481 0
    outer loop
      vertex -31.439231012048833 -10.094592710667722 0
      vertex -31.48477879236698 -9.748622970990633 23.8
      vertex -31.48477879236698 -9.748622970990633 0
    endloop
  endfacet
  facet normal -0.9990482215818577 -0.043619387365338415 0
    outer loop
      vertex -31.48477879236698 -9.748622970990633 0
      vertex -31.48477879236698 -9.748622970990633 23.8
      vertex -31.5 -9.4 0
    endloop
  endfacet
  facet normal 0 0 -1
    outer loop
      vertex -28.868080573302674 -13.158770483143634 0
      vertex -31.5 -9.4 0
      vertex -28.868080573302674 13.158770483143634 0
    endloop
  endfacet
  facet normal 0 0 -1
    outer loop
      vertex -28.868080573302674 -13.158770483143634 0
      vertex -10.975079941796778 -1.392558475291286 0
      vertex -10.85 -1.4722431864335457 0
    endloop
  endfacet
  facet normal 0 0 -1
    outer loop
      vertex -28.868080573302674 -13.158770483143634 0
      vertex -10.85 -1.4722431864335457 0
      vertex -10.718451044959188 -1.5407232379623048 0
    endloop
  endfacet
  facet normal 0 0 -1
    outer loop
      vertex -28.868080573302674 -13.158770483143634 0
      vertex -11.092738936467116 -1.3022755533022627 0
      vertex -10.975079941796778 -1.392558475291286 0
    endloop
  endfacet
  facet normal 0 0 -1
    outer loop
      vertex -28.868080573302674 -13.158770483143634 0
      vertex -11.302275553302263 -1.0927389364671167 0
      vertex -11.20208152801713 -1.2020815280171309 0
    endloop
  endfacet
  facet normal 0 0 -1
    outer loop
      vertex -28.868080573302674 -13.158770483143634 0
      vertex -11.20208152801713 -1.2020815280171309 0
      vertex -11.092738936467116 -1.3022755533022627 0
    endloop
  endfacet
  facet normal 0 0 -1
    outer loop
      vertex -28.868080573302674 -13.158770483143634 0
      vertex -11.392558475291287 -0.9750799417967783 0
      vertex -11.302275553302263 -1.0927389364671167 0
    endloop
  endfacet
  facet normal 0 0 -1
    outer loop
      vertex -28.868080573302674 -13.158770483143634 0
      vertex -10.581434243653637 -1.5974774553360442 0
      vertex -10.439992376674285 -1.6420739046914161 0
    endloop
  endfacet
  facet normal 0 0 -1
    outer loop
      vertex -28.868080573302674 -13.158770483143634 0
      vertex -10.439992376674285 -1.6420739046914161 0
      vertex -10.295201902033781 -1.6741731801207536 0
    endloop
  endfacet
  facet normal 0 0 -1
    outer loop
      vertex -28.868080573302674 -13.158770483143634 0
      vertex -10.295201902033781 -1.6741731801207536 0
      vertex -10.14816476267102 -1.6935309867559674 0
    endloop
  endfacet
  facet normal 0 0 -1
    outer loop
      vertex -28.868080573302674 -13.158770483143634 0
      vertex -10.14816476267102 -1.6935309867559674 0
      vertex -10 -1.7 0
    endloop
  endfacet
  facet normal 0 0 -1
    outer loop
      vertex -28.868080573302674 -13.158770483143634 0
      vertex -10 -1.7 0
      vertex -9.85183523732898 -1.6935309867559674 0
    endloop
  endfacet
  facet normal 0 0 -1
    outer loop
      vertex -28.868080573302674 -13.158770483143634 0
      vertex -9.85183523732898 -1.6935309867559674 0
      vertex -9.704798097966219 -1.6741731801207536 0
    endloop
  endfacet
  facet normal 0 0 -1
    outer loop
      vertex -28.868080573302674 -13.158770483143634 0
      vertex -10.718451044959188 -1.5407232379623048 0
      vertex -10.581434243653637 -1.5974774553360442 0
    endloop
  endfacet
  facet normal 0 0 -1
    outer loop
      vertex -28.868080573302674 -13.158770483143634 0
      vertex -11.472243186433545 -0.85 0
      vertex -11.392558475291287 -0.9750799417967783 0
    endloop
  endfacet
  facet normal 0 0 -1
    outer loop
      vertex -28.868080573302674 -13.158770483143634 0
      vertex -11.540723237962304 -0.718451044959189 0
      vertex -11.472243186433545 -0.85 0
    endloop
  endfacet
  facet normal 0 0 -1
    outer loop
      vertex -28.868080573302674 -13.158770483143634 0
      vertex -11.597477455336044 -0.5814342436536368 0
      vertex -11.540723237962304 -0.718451044959189 0
    endloop
  endfacet
  facet normal 0 0 -1
    outer loop
      vertex -28.868080573302674 -13.158770483143634 0
      vertex -11.642073904691417 -0.43999237667428526 0
      vertex -11.597477455336044 -0.5814342436536368 0
    endloop
  endfacet
  facet normal 0 0 -1
    outer loop
      vertex -28.868080573302674 -13.158770483143634 0
      vertex -11.674173180120754 -0.29520190203378155 0
      vertex -11.642073904691417 -0.43999237667428526 0
    endloop
  endfacet
  facet normal 0 0 -1
    outer loop
      vertex -28.868080573302674 -13.158770483143634 0
      vertex -11.693530986755967 -0.14816476267101888 0
      vertex -11.674173180120754 -0.29520190203378155 0
    endloop
  endfacet
  facet normal 0 0 -1
    outer loop
      vertex -28.868080573302674 -13.158770483143634 0
      vertex -11.7 0 0
      vertex -11.693530986755967 -0.14816476267101888 0
    endloop
  endfacet
  facet normal 0 0 -1
    outer loop
      vertex -28.868080573302674 -13.158770483143634 0
      vertex 27.848622970990633 -13.384778792366983 0
      vertex -27.5 -13.4 0
    endloop
  endfacet
  facet normal 0 0 -1
    outer loop
      vertex -28.868080573302674 -13.158770483143634 0
      vertex -9.704798097966219 -1.6741731801207536 0
      vertex 10 -1.7 0
    endloop
  endfacet
  facet normal 0 0 -1
    outer loop
      vertex -28.868080573302674 -13.158770483143634 0
      vertex 10 -1.7 0
      vertex 10.14816476267102 -1.6935309867559674 0
    endloop
  endfacet
  facet normal 0 0 -1
    outer loop
      vertex -9.704798097966219 -1.6741731801207536 0
      vertex -9.560007623325715 -1.6420739046914161 0
      vertex 9.704798097966219 -1.6741731801207536 0
    endloop
  endfacet
  facet normal 0 0 -1
    outer loop
      vertex -9.560007623325715 -1.6420739046914161 0
      vertex -9.418565756346363 -1.5974774553360442 0
      vertex 9.560007623325715 -1.6420739046914161 0
    endloop
  endfacet
  facet normal 0 0 -1
    outer loop
      vertex -9.418565756346363 -1.5974774553360442 0
      vertex -9.281548955040812 -1.5407232379623048 0
      vertex 9.418565756346363 -1.5974774553360442 0
    endloop
  endfacet
  facet normal 0 0 -1
    outer loop
      vertex -9.281548955040812 -1.5407232379623048 0
      vertex -9.15 -1.4722431864335457 0
      vertex 9.281548955040812 -1.5407232379623048 0
    endloop
  endfacet
  facet normal 0 0 -1
    outer loop
      vertex -9.15 -1.4722431864335457 0
      vertex -9.024920058203222 -1.392558475291286 0
      vertex 9.15 -1.4722431864335457 0
    endloop
  endfacet
  facet normal 0 0 -1
    outer loop
      vertex -9.024920058203222 -1.392558475291286 0
      vertex -8.907261063532884 -1.3022755533022627 0
      vertex 9.024920058203222 -1.392558475291286 0
    endloop
  endfacet
  facet normal 0 0 -1
    outer loop
      vertex -8.907261063532884 -1.3022755533022627 0
      vertex -8.79791847198287 -1.2020815280171309 0
      vertex 8.907261063532884 -1.3022755533022627 0
    endloop
  endfacet
  facet normal 0 0 -1
    outer loop
      vertex -8.79791847198287 -1.2020815280171309 0
      vertex -8.697724446697737 -1.0927389364671167 0
      vertex 8.79791847198287 -1.2020815280171309 0
    endloop
  endfacet
  facet normal 0 0 -1
    outer loop
      vertex -8.697724446697737 -1.0927389364671167 0
      vertex -8.607441524708713 -0.9750799417967783 0
      vertex 8.697724446697737 -1.0927389364671167 0
    endloop
  endfacet
  facet normal 0 0 -1
    outer loop
      vertex -8.607441524708713 -0.9750799417967783 0
      vertex -8.527756813566455 -0.85 0
      vertex 8.607441524708713 -0.9750799417967783 0
    endloop
  endfacet
  facet normal 0 0 -1
    outer loop
      vertex -8.527756813566455 -0.85 0
      vertex -8.459276762037696 -0.718451044959189 0
      vertex 8.527756813566455 -0.85 0
    endloop
  endfacet
  facet normal 0 0 -1
    outer loop
      vertex -8.459276762037696 -0.718451044959189 0
      vertex -8.402522544663956 -0.5814342436536368 0
      vertex 8.527756813566455 -0.85 0
    endloop
  endfacet
  facet normal 0 0 -1
    outer loop
      vertex -8.402522544663956 -0.5814342436536368 0
      vertex -8.357926095308583 -0.43999237667428526 0
      vertex 8.527756813566455 -0.85 0
    endloop
  endfacet
  facet normal 0 0 -1
    outer loop
      vertex -8.357926095308583 -0.43999237667428526 0
      vertex -8.325826819879246 -0.29520190203378155 0
      vertex 8.527756813566455 -0.85 0
    endloop
  endfacet
  facet normal 0 0 -1
    outer loop
      vertex -8.325826819879246 -0.29520190203378155 0
      vertex -8.306469013244033 -0.14816476267101888 0
      vertex 8.527756813566455 -0.85 0
    endloop
  endfacet
  facet normal 0 0 -1
    outer loop
      vertex -8.306469013244033 -0.14816476267101888 0
      vertex -8.3 0 0
      vertex 8.527756813566455 -0.85 0
    endloop
  endfacet
  facet normal 0 0 -1
    outer loop
      vertex -8.3 0 0
      vertex -8.306469013244033 0.14816476267101888 0
      vertex 8.527756813566455 -0.85 0
    endloop
  endfacet
  facet normal 0 0 -1
    outer loop
      vertex -8.325826819879246 0.29520190203378155 0
      vertex -8.357926095308583 0.43999237667428526 0
      vertex 8.527756813566455 -0.85 0
    endloop
  endfacet
  facet normal 0 0 -1
    outer loop
      vertex -8.306469013244033 0.14816476267101888 0
      vertex -8.325826819879246 0.29520190203378155 0
      vertex 8.527756813566455 -0.85 0
    endloop
  endfacet
  facet normal -0.5372996083468246 -0.8433914458128853 0
    outer loop
      vertex -29.5 -12.864101615137756 0
      vertex -29.5 -12.864101615137756 23.8
      vertex -29.794305745404184 -12.676608177155968 23.8
    endloop
  endfacet
  facet normal -0.7933533402912336 -0.6087614290087225 0
    outer loop
      vertex -30.776608177155968 -11.694305745404185 0
      vertex -30.56417777247591 -11.971150438746157 23.8
      vertex -30.776608177155968 -11.694305745404185 23.8
    endloop
  endfacet
  facet normal -0.6755902076156626 -0.7372773368101221 0
    outer loop
      vertex -30.07115043874616 -12.464177772475914 0
      vertex -30.07115043874616 -12.464177772475914 23.8
      vertex -30.32842712474619 -12.22842712474619 23.8
    endloop
  endfacet
  facet normal -0.6087614290087169 -0.7933533402912379 0
    outer loop
      vertex -30.07115043874616 -12.464177772475914 0
      vertex -29.794305745404184 -12.676608177155968 23.8
      vertex -30.07115043874616 -12.464177772475914 23.8
    endloop
  endfacet
  facet normal -0.7372773368101271 -0.675590207615657 0
    outer loop
      vertex -30.56417777247591 -11.971150438746157 0
      vertex -30.32842712474619 -12.22842712474619 23.8
      vertex -30.56417777247591 -11.971150438746157 23.8
    endloop
  endfacet
  facet normal -0.30070579950427273 -0.953716950748227 0
    outer loop
      vertex -28.868080573302674 -13.158770483143634 0
      vertex -28.535276180410083 -13.263703305156273 23.8
      vertex -28.868080573302674 -13.158770483143634 23.8
    endloop
  endfacet
  facet normal -0.3826834323650889 -0.9238795325112872 0
    outer loop
      vertex -28.868080573302674 -13.158770483143634 0
      vertex -28.868080573302674 -13.158770483143634 23.8
      vertex -29.190473046962797 -13.0252311481466 23.8
    endloop
  endfacet
  facet normal -0.4617486132350324 -0.8870108331782226 0
    outer loop
      vertex -29.5 -12.864101615137756 0
      vertex -29.190473046962797 -13.0252311481466 23.8
      vertex -29.5 -12.864101615137756 23.8
    endloop
  endfacet
  facet normal -0.21643961393810401 -0.976296007119933 0
    outer loop
      vertex -28.19459271066772 -13.339231012048833 0
      vertex -28.19459271066772 -13.339231012048833 23.8
      vertex -28.535276180410083 -13.263703305156273 23.8
    endloop
  endfacet
  facet normal -0.1305261922200538 -0.9914448613738102 0
    outer loop
      vertex -28.19459271066772 -13.339231012048833 0
      vertex -27.848622970990633 -13.384778792366983 23.8
      vertex -28.19459271066772 -13.339231012048833 23.8
    endloop
  endfacet
  facet normal -0.04361938736533333 -0.9990482215818579 0
    outer loop
      vertex -27.5 -13.4 0
      vertex -27.5 -13.4 23.8
      vertex -27.848622970990633 -13.384778792366983 23.8
    endloop
  endfacet
  facet normal -0.8433914458128876 -0.5372996083468209 0
    outer loop
      vertex -30.776608177155968 -11.694305745404185 0
      vertex -30.776608177155968 -11.694305745404185 23.8
      vertex -30.964101615137753 -11.4 23.8
    endloop
  endfacet
  facet normal -0.8870108331782205 -0.4617486132350364 0
    outer loop
      vertex -31.1252311481466 -11.090473046962797 0
      vertex -30.964101615137753 -11.4 23.8
      vertex -31.1252311481466 -11.090473046962797 23.8
    endloop
  endfacet
  facet normal -0.9238795325112846 -0.382683432365095 0
    outer loop
      vertex -31.258770483143635 -10.768080573302676 0
      vertex -31.1252311481466 -11.090473046962797 23.8
      vertex -31.258770483143635 -10.768080573302676 23.8
    endloop
  endfacet
  facet normal -0.9537169507482275 -0.30070579950427123 0
    outer loop
      vertex -31.258770483143635 -10.768080573302676 0
      vertex -31.258770483143635 -10.768080573302676 23.8
      vertex -31.363703305156275 -10.435276180410083 23.8
    endloop
  endfacet
  facet normal -0.976296007119934 -0.21643961393810024 0
    outer loop
      vertex -31.439231012048833 -10.094592710667722 0
      vertex -31.363703305156275 -10.435276180410083 23.8
      vertex -31.439231012048833 -10.094592710667722 23.8
    endloop
  endfacet
  facet normal -0.9914448613738108 -0.1305261922200481 0
    outer loop
      vertex -31.439231012048833 -10.094592710667722 0
      vertex -31.439231012048833 -10.094592710667722 23.8
      vertex -31.48477879236698 -9.748622970990633 23.8
    endloop
  endfacet
  facet normal -0.9990482215818577 -0.043619387365338415 0
    outer loop
      vertex -31.5 -9.4 0
      vertex -31.48477879236698 -9.748622970990633 23.8
      vertex -31.5 -9.4 23.8
    endloop
  endfacet
  facet normal 0 0 1
    outer loop
      vertex -30.56417777247591 -11.971150438746157 23.8
      vertex -30.32842712474619 -12.22842712474619 23.8
      vertex -30.964101615137753 -11.4 23.8
    endloop
  endfacet
  facet normal 0 0 1
    outer loop
      vertex -29.794305745404184 -12.676608177155968 23.8
      vertex -30.32842712474619 -12.22842712474619 23.8
      vertex -30.07115043874616 -12.464177772475914 23.8
    endloop
  endfacet
  facet normal 0 0 1
    outer loop
      vertex -29.794305745404184 -12.676608177155968 23.8
      vertex -30.964101615137753 -11.4 23.8
      vertex -30.32842712474619 -12.22842712474619 23.8
    endloop
  endfacet
  facet normal 0 0 1
    outer loop
      vertex -29.794305745404184 -12.676608177155968 23.8
      vertex -28.868080573302674 -13.158770483143634 23.8
      vertex -27.5 -13.4 23.8
    endloop
  endfacet
  facet normal 0 0 1
    outer loop
      vertex -29.794305745404184 -12.676608177155968 23.8
      vertex -29.5 -12.864101615137756 23.8
      vertex -29.190473046962797 -13.0252311481466 23.8
    endloop
  endfacet
  facet normal 0 0 1
    outer loop
      vertex -29.794305745404184 -12.676608177155968 23.8
      vertex -29.190473046962797 -13.0252311481466 23.8
      vertex -28.868080573302674 -13.158770483143634 23.8
    endloop
  endfacet
  facet normal 0 0 1
    outer loop
      vertex -28.868080573302674 -13.158770483143634 23.8
      vertex -28.535276180410083 -13.263703305156273 23.8
      vertex -28.19459271066772 -13.339231012048833 23.8
    endloop
  endfacet
  facet normal 0 0 1
    outer loop
      vertex -28.868080573302674 -13.158770483143634 23.8
      vertex -28.19459271066772 -13.339231012048833 23.8
      vertex -27.5 -13.4 23.8
    endloop
  endfacet
  facet normal 0 0 1
    outer loop
      vertex -28.19459271066772 -13.339231012048833 23.8
      vertex -27.848622970990633 -13.384778792366983 23.8
      vertex -27.5 -13.4 23.8
    endloop
  endfacet
  facet normal 0 0 1
    outer loop
      vertex -30.56417777247591 -11.971150438746157 23.8
      vertex -30.964101615137753 -11.4 23.8
      vertex -30.776608177155968 -11.694305745404185 23.8
    endloop
  endfacet
  facet normal 0 0 1
    outer loop
      vertex -30.964101615137753 -11.4 23.8
      vertex -31.363703305156275 -10.435276180410083 23.8
      vertex -31.1252311481466 -11.090473046962797 23.8
    endloop
  endfacet
  facet normal 0 0 1
    outer loop
      vertex -29.794305745404184 -12.676608177155968 23.8
      vertex -31.48477879236698 -9.748622970990633 23.8
      vertex -30.964101615137753 -11.4 23.8
    endloop
  endfacet
  facet normal 0 0 1
    outer loop
      vertex -31.1252311481466 -11.090473046962797 23.8
      vertex -31.363703305156275 -10.435276180410083 23.8
      vertex -31.258770483143635 -10.768080573302676 23.8
    endloop
  endfacet
  facet normal 0 0 1
    outer loop
      vertex -30.964101615137753 -11.4 23.8
      vertex -31.48477879236698 -9.748622970990633 23.8
      vertex -31.363703305156275 -10.435276180410083 23.8
    endloop
  endfacet
  facet normal 0 0 1
    outer loop
      vertex -31.363703305156275 -10.435276180410083 23.8
      vertex -31.48477879236698 -9.748622970990633 23.8
      vertex -31.439231012048833 -10.094592710667722 23.8
    endloop
  endfacet
  facet normal 0 0 1
    outer loop
      vertex -29.794305745404184 -12.676608177155968 23.8
      vertex -25 -10.732050807568877 23.8
      vertex -25.147152872702094 -10.638304088577984 23.8
    endloop
  endfacet
  facet normal 0 0 1
    outer loop
      vertex -29.794305745404184 -12.676608177155968 23.8
      vertex -25.28557521937308 -10.532088886237956 23.8
      vertex -25.414213562373096 -10.414213562373096 23.8
    endloop
  endfacet
  facet normal 0 0 1
    outer loop
      vertex -29.794305745404184 -12.676608177155968 23.8
      vertex -25.414213562373096 -10.414213562373096 23.8
      vertex -25.532088886237958 -10.28557521937308 23.8
    endloop
  endfacet
  facet normal 0 0 1
    outer loop
      vertex -29.794305745404184 -12.676608177155968 23.8
      vertex -25.147152872702094 -10.638304088577984 23.8
      vertex -25.28557521937308 -10.532088886237956 23.8
    endloop
  endfacet
  facet normal 0 0 1
    outer loop
      vertex -29.794305745404184 -12.676608177155968 23.8
      vertex -25.532088886237958 -10.28557521937308 23.8
      vertex -25.638304088577982 -10.147152872702092 23.8
    endloop
  endfacet
  facet normal 0 0 1
    outer loop
      vertex -29.794305745404184 -12.676608177155968 23.8
      vertex -25.638304088577982 -10.147152872702092 23.8
      vertex -25.73205080756888 -10 23.8
    endloop
  endfacet
  facet normal 0 0 1
    outer loop
      vertex -29.794305745404184 -12.676608177155968 23.8
      vertex -24.34729635533386 -10.969615506024416 23.8
      vertex -24.51763809020504 -10.931851652578137 23.8
    endloop
  endfacet
  facet normal 0 0 1
    outer loop
      vertex -29.794305745404184 -12.676608177155968 23.8
      vertex -24.174311485495316 -10.99238939618349 23.8
      vertex -24.34729635533386 -10.969615506024416 23.8
    endloop
  endfacet
  facet normal 0 0 1
    outer loop
      vertex -29.794305745404184 -12.676608177155968 23.8
      vertex -24.68404028665134 -10.879385241571818 23.8
      vertex -24.8452365234814 -10.8126155740733 23.8
    endloop
  endfacet
  facet normal 0 0 1
    outer loop
      vertex -29.794305745404184 -12.676608177155968 23.8
      vertex -24.8452365234814 -10.8126155740733 23.8
      vertex -25 -10.732050807568877 23.8
    endloop
  endfacet
  facet normal 0 0 1
    outer loop
      vertex -29.794305745404184 -12.676608177155968 23.8
      vertex -24.51763809020504 -10.931851652578137 23.8
      vertex -24.68404028665134 -10.879385241571818 23.8
    endloop
  endfacet
  facet normal 0 0 1
    outer loop
      vertex -29.794305745404184 -12.676608177155968 23.8
      vertex -24 -11 23.8
      vertex -24.174311485495316 -10.99238939618349 23.8
    endloop
  endfacet
  facet normal 0 0 1
    outer loop
      vertex -29.794305745404184 -12.676608177155968 23.8
      vertex -25.73205080756888 -10 23.8
      vertex -25.8126155740733 -9.845236523481399 23.8
    endloop
  endfacet
  facet normal 0 0 1
    outer loop
      vertex -29.794305745404184 -12.676608177155968 23.8
      vertex -25.8126155740733 -9.845236523481399 23.8
      vertex -25.879385241571818 -9.684040286651337 23.8
    endloop
  endfacet
  facet normal 0 0 1
    outer loop
      vertex -29.794305745404184 -12.676608177155968 23.8
      vertex -25.879385241571818 -9.684040286651337 23.8
      vertex -29.553007010891463 -1.1468128620045885 23.8
    endloop
  endfacet
  facet normal 0 0 1
    outer loop
      vertex -25.879385241571818 -9.684040286651337 23.8
      vertex -25.931851652578136 -9.517638090205041 23.8
      vertex -29.553007010891463 -1.1468128620045885 23.8
    endloop
  endfacet
  facet normal -1 0 0
    outer loop
      vertex -31.5 -9.4 0
      vertex -31.5 -9.4 23.8
      vertex -31.5 9.4 23.8
    endloop
  endfacet
  facet normal 0 0 1
    outer loop
      vertex -29.794305745404184 -12.676608177155968 23.8
      vertex -31.5 9.4 23.8
      vertex -31.48477879236698 -9.748622970990633 23.8
    endloop
  endfacet
  facet normal 0 0 1
    outer loop
      vertex -29.794305745404184 -12.676608177155968 23.8
      vertex -29.739949493661168 -0.9899494936611666 23.8
      vertex -29.822462220366567 -0.8999026535611548 23.8
    endloop
  endfacet
  facet normal 0 0 1
    outer loop
      vertex -29.794305745404184 -12.676608177155968 23.8
      vertex -29.553007010891463 -1.1468128620045885 23.8
      vertex -29.649902653561156 -1.0724622203665692 23.8
    endloop
  endfacet
  facet normal 0 0 1
    outer loop
      vertex -29.794305745404184 -12.676608177155968 23.8
      vertex -29.649902653561156 -1.0724622203665692 23.8
      vertex -29.739949493661168 -0.9899494936611666 23.8
    endloop
  endfacet
  facet normal 0 0 1
    outer loop
      vertex -29.794305745404184 -12.676608177155968 23.8
      vertex -29.822462220366567 -0.8999026535611548 23.8
      vertex -29.896812862004587 -0.8030070108914644 23.8
    endloop
  endfacet
  facet normal 0 0 1
    outer loop
      vertex -29.794305745404184 -12.676608177155968 23.8
      vertex -29.896812862004587 -0.8030070108914644 23.8
      vertex -29.962435565298215 -0.7 23.8
    endloop
  endfacet
  facet normal 0 0 1
    outer loop
      vertex -29.794305745404184 -12.676608177155968 23.8
      vertex -29.962435565298215 -0.7 23.8
      vertex -30.01883090185131 -0.5916655664369792 23.8
    endloop
  endfacet
  facet normal 0 0 1
    outer loop
      vertex -29.794305745404184 -12.676608177155968 23.8
      vertex -30.01883090185131 -0.5916655664369792 23.8
      vertex -30.06556966910027 -0.4788282006559362 23.8
    endloop
  endfacet
  facet normal 0 0 1
    outer loop
      vertex -29.794305745404184 -12.676608177155968 23.8
      vertex -30.06556966910027 -0.4788282006559362 23.8
      vertex -30.102296156804695 -0.36234666314352904 23.8
    endloop
  endfacet
  facet normal 0 0 1
    outer loop
      vertex -29.794305745404184 -12.676608177155968 23.8
      vertex -30.102296156804695 -0.36234666314352904 23.8
      vertex -30.128730854217093 -0.24310744873370244 23.8
    endloop
  endfacet
  facet normal 0 0 1
    outer loop
      vertex -25.969615506024414 -9.34729635533386 23.8
      vertex -29.45 -1.212435565298214 23.8
      vertex -29.553007010891463 -1.1468128620045885 23.8
    endloop
  endfacet
  facet normal 0 0 1
    outer loop
      vertex -25.969615506024414 -9.34729635533386 23.8
      vertex -29.34166556643698 -1.2688309018513098 23.8
      vertex -29.45 -1.212435565298214 23.8
    endloop
  endfacet
  facet normal 0 0 1
    outer loop
      vertex -25.99238939618349 -9.174311485495316 23.8
      vertex -29.228828200655936 -1.3155696691002716 23.8
      vertex -29.34166556643698 -1.2688309018513098 23.8
    endloop
  endfacet
  facet normal 0 0 1
    outer loop
      vertex -25.99238939618349 -9.174311485495316 23.8
      vertex -29.11234666314353 -1.3522961568046956 23.8
      vertex -29.228828200655936 -1.3155696691002716 23.8
    endloop
  endfacet
  facet normal 0 0 1
    outer loop
      vertex -26 -9 23.8
      vertex -28.993107448733703 -1.378730854217091 23.8
      vertex -29.11234666314353 -1.3522961568046956 23.8
    endloop
  endfacet
  facet normal 0 0 1
    outer loop
      vertex -26 -9 23.8
      vertex -28.872018039846722 -1.3946725773284436 23.8
      vertex -28.993107448733703 -1.378730854217091 23.8
    endloop
  endfacet
  facet normal 0 0 1
    outer loop
      vertex -26 -9 23.8
      vertex -28.75 -1.4 23.8
      vertex -28.872018039846722 -1.3946725773284436 23.8
    endloop
  endfacet
  facet normal 0 0 1
    outer loop
      vertex -26 -9 23.8
      vertex -28.627981960153278 -1.3946725773284436 23.8
      vertex -28.75 -1.4 23.8
    endloop
  endfacet
  facet normal 0 0 1
    outer loop
      vertex -26 -9 23.8
      vertex -28.506892551266297 -1.378730854217091 23.8
      vertex -28.627981960153278 -1.3946725773284436 23.8
    endloop
  endfacet
  facet normal 0 0 1
    outer loop
      vertex -26 -9 23.8
      vertex -28.38765333685647 -1.3522961568046956 23.8
      vertex -28.506892551266297 -1.378730854217091 23.8
    endloop
  endfacet
  facet normal 0 0 1
    outer loop
      vertex -25.931851652578136 -9.517638090205041 23.8
      vertex -25.969615506024414 -9.34729635533386 23.8
      vertex -29.553007010891463 -1.1468128620045885 23.8
    endloop
  endfacet
  facet normal 0 0 1
    outer loop
      vertex -25.969615506024414 -9.34729635533386 23.8
      vertex -25.99238939618349 -9.174311485495316 23.8
      vertex -29.34166556643698 -1.2688309018513098 23.8
    endloop
  endfacet
  facet normal 0 0 1
    outer loop
      vertex -25.99238939618349 -9.174311485495316 23.8
      vertex -26 -9 23.8
      vertex -29.11234666314353 -1.3522961568046956 23.8
    endloop
  endfacet
  facet normal 0 0 1
    outer loop
      vertex -26 -9 23.8
      vertex -28.271171799344064 -1.3155696691002716 23.8
      vertex -28.38765333685647 -1.3522961568046956 23.8
    endloop
  endfacet
  facet normal 0 0 1
    outer loop
      vertex -26 -9 23.8
      vertex -28.15833443356302 -1.2688309018513098 23.8
      vertex -28.271171799344064 -1.3155696691002716 23.8
    endloop
  endfacet
  facet normal 0 0 1
    outer loop
      vertex -26 -9 23.8
      vertex -28.05 -1.212435565298214 23.8
      vertex -28.15833443356302 -1.2688309018513098 23.8
    endloop
  endfacet
  facet normal 0 0 1
    outer loop
      vertex -26 -9 23.8
      vertex -27.946992989108537 -1.1468128620045885 23.8
      vertex -28.05 -1.212435565298214 23.8
    endloop
  endfacet
  facet normal 0 0 1
    outer loop
      vertex -26 -9 23.8
      vertex -27.850097346438844 -1.0724622203665692 23.8
      vertex -27.946992989108537 -1.1468128620045885 23.8
    endloop
  endfacet
  facet normal 0 0 1
    outer loop
      vertex -26 -9 23.8
      vertex -27.760050506338832 -0.9899494936611666 23.8
      vertex -27.850097346438844 -1.0724622203665692 23.8
    endloop
  endfacet
  facet normal 0 0 1
    outer loop
      vertex -26 -9 23.8
      vertex -27.677537779633433 -0.8999026535611548 23.8
      vertex -27.760050506338832 -0.9899494936611666 23.8
    endloop
  endfacet
  facet normal 0 0 1
    outer loop
      vertex -26 -9 23.8
      vertex -27.603187137995413 -0.8030070108914644 23.8
      vertex -27.677537779633433 -0.8999026535611548 23.8
    endloop
  endfacet
  facet normal 0 0 1
    outer loop
      vertex -26 -9 23.8
      vertex -27.537564434701785 -0.7 23.8
      vertex -27.603187137995413 -0.8030070108914644 23.8
    endloop
  endfacet
  facet normal 0 0 1
    outer loop
      vertex -26 -9 23.8
      vertex -27.48116909814869 -0.5916655664369792 23.8
      vertex -27.537564434701785 -0.7 23.8
    endloop
  endfacet
  facet normal 0 0 1
    outer loop
      vertex -26 -9 23.8
      vertex -27.43443033089973 -0.4788282006559362 23.8
      vertex -27.48116909814869 -0.5916655664369792 23.8
    endloop
  endfacet
  facet normal 0 0 1
    outer loop
      vertex -31.48477879236698 -9.748622970990633 23.8
      vertex -31.5 9.4 23.8
      vertex -31.5 -9.4 23.8
    endloop
  endfacet
  facet normal 0 0 1
    outer loop
      vertex -29.794305745404184 -12.676608177155968 23.8
      vertex -30.128730854217093 -0.24310744873370244 23.8
      vertex -31.5 9.4 23.8
    endloop
  endfacet
  facet normal 0 0 1
    outer loop
      vertex -26 -9 23.8
      vertex -27.397703843195305 -0.36234666314352904 23.8
      vertex -27.43443033089973 -0.4788282006559362 23.8
    endloop
  endfacet
  facet normal 0 0 1
    outer loop
      vertex -26 -9 23.8
      vertex -27.371269145782907 -0.24310744873370244 23.8
      vertex -27.397703843195305 -0.36234666314352904 23.8
    endloop
  endfacet
  facet normal 0 0 1
    outer loop
      vertex -26 -9 23.8
      vertex -26 9 23.8
      vertex -27.371269145782907 -0.24310744873370244 23.8
    endloop
  endfacet
  facet normal 0 -1 0
    outer loop
      vertex -27.5 -13.4 0
      vertex 27.5 -13.4 23.8
      vertex -27.5 -13.4 23.8
    endloop
  endfacet
  facet normal 0 0 1
    outer loop
      vertex -29.794305745404184 -12.676608177155968 23.8
      vertex -27.5 -13.4 23.8
      vertex 29.190473046962797 -13.0252311481466 23.8
    endloop
  endfacet
  facet normal 0 0 1
    outer loop
      vertex -29.794305745404184 -12.676608177155968 23.8
      vertex 24 -11 23.8
      vertex -24 -11 23.8
    endloop
  endfacet
  facet normal 0 0 -1
    outer loop
      vertex -31.5 -9.4 0
      vertex -31.5 9.4 0
      vertex -30.964101615137753 11.4 0
    endloop
  endfacet
  facet normal 0 0 -1
    outer loop
      vertex -31.5 -9.4 0
      vertex -30.964101615137753 11.4 0
      vertex -28.868080573302674 13.158770483143634 0
    endloop
  endfacet
  facet normal 0 0 -1
    outer loop
      vertex -28.868080573302674 -13.158770483143634 0
      vertex -28.868080573302674 13.158770483143634 0
      vertex -11.7 0 0
    endloop
  endfacet
  facet normal 0 0 -1
    outer loop
      vertex -28.868080573302674 13.158770483143634 0
      vertex -11.693530986755967 0.14816476267101888 0
      vertex -11.7 0 0
    endloop
  endfacet
  facet normal 0 0 -1
    outer loop
      vertex -28.868080573302674 13.158770483143634 0
      vertex -11.674173180120754 0.29520190203378155 0
      vertex -11.693530986755967 0.14816476267101888 0
    endloop
  endfacet
  facet normal 0 0 -1
    outer loop
      vertex -28.868080573302674 13.158770483143634 0
      vertex -11.642073904691417 0.43999237667428526 0
      vertex -11.674173180120754 0.29520190203378155 0
    endloop
  endfacet
  facet normal 0 0 -1
    outer loop
      vertex -28.868080573302674 13.158770483143634 0
      vertex -11.597477455336044 0.5814342436536368 0
      vertex -11.642073904691417 0.43999237667428526 0
    endloop
  endfacet
  facet normal 0 0 -1
    outer loop
      vertex -28.868080573302674 13.158770483143634 0
      vertex -11.540723237962304 0.718451044959189 0
      vertex -11.597477455336044 0.5814342436536368 0
    endloop
  endfacet
  facet normal 0 0 -1
    outer loop
      vertex -28.868080573302674 13.158770483143634 0
      vertex -11.472243186433545 0.85 0
      vertex -11.540723237962304 0.718451044959189 0
    endloop
  endfacet
  facet normal 0 0 -1
    outer loop
      vertex -28.868080573302674 13.158770483143634 0
      vertex -11.392558475291287 0.9750799417967783 0
      vertex -11.472243186433545 0.85 0
    endloop
  endfacet
  facet normal 0 0 -1
    outer loop
      vertex -28.868080573302674 13.158770483143634 0
      vertex -11.302275553302263 1.0927389364671167 0
      vertex -11.392558475291287 0.9750799417967783 0
    endloop
  endfacet
  facet normal 0 0 -1
    outer loop
      vertex -28.868080573302674 13.158770483143634 0
      vertex -11.20208152801713 1.2020815280171309 0
      vertex -11.302275553302263 1.0927389364671167 0
    endloop
  endfacet
  facet normal 0 0 -1
    outer loop
      vertex -28.868080573302674 13.158770483143634 0
      vertex -11.092738936467116 1.3022755533022627 0
      vertex -11.20208152801713 1.2020815280171309 0
    endloop
  endfacet
  facet normal 0 0 -1
    outer loop
      vertex -28.868080573302674 13.158770483143634 0
      vertex -10.975079941796778 1.392558475291286 0
      vertex -11.092738936467116 1.3022755533022627 0
    endloop
  endfacet
  facet normal 0 0 -1
    outer loop
      vertex -28.868080573302674 13.158770483143634 0
      vertex -10.85 1.4722431864335457 0
      vertex -10.975079941796778 1.392558475291286 0
    endloop
  endfacet
  facet normal 0 0 -1
    outer loop
      vertex -28.868080573302674 13.158770483143634 0
      vertex -10.718451044959188 1.5407232379623048 0
      vertex -10.85 1.4722431864335457 0
    endloop
  endfacet
  facet normal 0 0 -1
    outer loop
      vertex -28.868080573302674 13.158770483143634 0
      vertex -10.581434243653637 1.5974774553360442 0
      vertex -10.718451044959188 1.5407232379623048 0
    endloop
  endfacet
  facet normal 0 0 -1
    outer loop
      vertex -28.868080573302674 13.158770483143634 0
      vertex -10.439992376674285 1.6420739046914161 0
      vertex -10.581434243653637 1.5974774553360442 0
    endloop
  endfacet
  facet normal 0 0 -1
    outer loop
      vertex -28.868080573302674 13.158770483143634 0
      vertex -10.295201902033781 1.6741731801207536 0
      vertex -10.439992376674285 1.6420739046914161 0
    endloop
  endfacet
  facet normal 0 0 -1
    outer loop
      vertex -28.868080573302674 13.158770483143634 0
      vertex -10.14816476267102 1.6935309867559674 0
      vertex -10.295201902033781 1.6741731801207536 0
    endloop
  endfacet
  facet normal 0 0 -1
    outer loop
      vertex -28.868080573302674 13.158770483143634 0
      vertex -10 1.7 0
      vertex -10.14816476267102 1.6935309867559674 0
    endloop
  endfacet
  facet normal 0 0 -1
    outer loop
      vertex -28.868080573302674 13.158770483143634 0
      vertex -9.85183523732898 1.6935309867559674 0
      vertex -10 1.7 0
    endloop
  endfacet
  facet normal 0 0 -1
    outer loop
      vertex -28.868080573302674 13.158770483143634 0
      vertex -9.704798097966219 1.6741731801207536 0
      vertex -9.85183523732898 1.6935309867559674 0
    endloop
  endfacet
  facet normal -1 0 0
    outer loop
      vertex -31.5 -9.4 0
      vertex -31.5 9.4 23.8
      vertex -31.5 9.4 0
    endloop
  endfacet
  facet normal 0 0 -1
    outer loop
      vertex -31.5 9.4 0
      vertex -31.48477879236698 9.748622970990633 0
      vertex -31.363703305156275 10.435276180410083 0
    endloop
  endfacet
  facet normal 0 0 -1
    outer loop
      vertex -31.48477879236698 9.748622970990633 0
      vertex -31.439231012048833 10.094592710667722 0
      vertex -31.363703305156275 10.435276180410083 0
    endloop
  endfacet
  facet normal 0 0 -1
    outer loop
      vertex -31.5 9.4 0
      vertex -31.363703305156275 10.435276180410083 0
      vertex -30.964101615137753 11.4 0
    endloop
  endfacet
  facet normal 0 0 -1
    outer loop
      vertex -31.363703305156275 10.435276180410083 0
      vertex -31.258770483143635 10.768080573302676 0
      vertex -30.964101615137753 11.4 0
    endloop
  endfacet
  facet normal 0 0 -1
    outer loop
      vertex -31.258770483143635 10.768080573302676 0
      vertex -31.1252311481466 11.090473046962797 0
      vertex -30.964101615137753 11.4 0
    endloop
  endfacet
  facet normal 0 0 -1
    outer loop
      vertex -30.964101615137753 11.4 0
      vertex -30.776608177155968 11.694305745404185 0
      vertex -30.56417777247591 11.971150438746157 0
    endloop
  endfacet
  facet normal 0 0 -1
    outer loop
      vertex -30.964101615137753 11.4 0
      vertex -30.56417777247591 11.971150438746157 0
      vertex -30.07115043874616 12.464177772475914 0
    endloop
  endfacet
  facet normal 0 0 -1
    outer loop
      vertex -30.56417777247591 11.971150438746157 0
      vertex -30.32842712474619 12.22842712474619 0
      vertex -30.07115043874616 12.464177772475914 0
    endloop
  endfacet
  facet normal 0 0 -1
    outer loop
      vertex -30.964101615137753 11.4 0
      vertex -30.07115043874616 12.464177772475914 0
      vertex -28.868080573302674 13.158770483143634 0
    endloop
  endfacet
  facet normal 0 0 -1
    outer loop
      vertex -30.07115043874616 12.464177772475914 0
      vertex -29.794305745404184 12.676608177155968 0
      vertex -29.5 12.864101615137756 0
    endloop
  endfacet
  facet normal 0 0 -1
    outer loop
      vertex -30.07115043874616 12.464177772475914 0
      vertex -29.5 12.864101615137756 0
      vertex -28.868080573302674 13.158770483143634 0
    endloop
  endfacet
  facet normal 0 0 -1
    outer loop
      vertex -29.5 12.864101615137756 0
      vertex -29.190473046962797 13.0252311481466 0
      vertex -28.868080573302674 13.158770483143634 0
    endloop
  endfacet
  facet normal 0 0 -1
    outer loop
      vertex -28.868080573302674 13.158770483143634 0
      vertex -28.535276180410083 13.263703305156273 0
      vertex -28.19459271066772 13.339231012048833 0
    endloop
  endfacet
  facet normal 0 0 -1
    outer loop
      vertex -28.868080573302674 13.158770483143634 0
      vertex -28.19459271066772 13.339231012048833 0
      vertex -27.5 13.4 0
    endloop
  endfacet
  facet normal 0 0 -1
    outer loop
      vertex -28.19459271066772 13.339231012048833 0
      vertex -27.848622970990633 13.384778792366983 0
      vertex -27.5 13.4 0
    endloop
  endfacet
  facet normal -0.9990482215818577 0.043619387365338415 0
    outer loop
      vertex -31.5 9.4 0
      vertex -31.5 9.4 23.8
      vertex -31.48477879236698 9.748622970990633 0
    endloop
  endfacet
  facet normal -0.9914448613738108 0.1305261922200481 0
    outer loop
      vertex -31.48477879236698 9.748622970990633 0
      vertex -31.48477879236698 9.748622970990633 23.8
      vertex -31.439231012048833 10.094592710667722 0
    endloop
  endfacet
  facet normal -0.976296007119934 0.21643961393810024 0
    outer loop
      vertex -31.439231012048833 10.094592710667722 0
      vertex -31.363703305156275 10.435276180410083 23.8
      vertex -31.363703305156275 10.435276180410083 0
    endloop
  endfacet
  facet normal -0.9537169507482275 0.30070579950427123 0
    outer loop
      vertex -31.363703305156275 10.435276180410083 0
      vertex -31.363703305156275 10.435276180410083 23.8
      vertex -31.258770483143635 10.768080573302676 0
    endloop
  endfacet
  facet normal -0.9238795325112846 0.382683432365095 0
    outer loop
      vertex -31.258770483143635 10.768080573302676 0
      vertex -31.258770483143635 10.768080573302676 23.8
      vertex -31.1252311481466 11.090473046962797 0
    endloop
  endfacet
  facet normal -0.8870108331782205 0.4617486132350364 0
    outer loop
      vertex -31.1252311481466 11.090473046962797 0
      vertex -30.964101615137753 11.4 23.8
      vertex -30.964101615137753 11.4 0
    endloop
  endfacet
  facet normal -0.8433914458128876 0.5372996083468209 0
    outer loop
      vertex -30.964101615137753 11.4 0
      vertex -30.964101615137753 11.4 23.8
      vertex -30.776608177155968 11.694305745404185 0
    endloop
  endfacet
  facet normal -0.7933533402912336 0.6087614290087225 0
    outer loop
      vertex -30.776608177155968 11.694305745404185 0
      vertex -30.56417777247591 11.971150438746157 23.8
      vertex -30.56417777247591 11.971150438746157 0
    endloop
  endfacet
  facet normal -0.7372773368101271 0.675590207615657 0
    outer loop
      vertex -30.56417777247591 11.971150438746157 0
      vertex -30.32842712474619 12.22842712474619 23.8
      vertex -30.32842712474619 12.22842712474619 0
    endloop
  endfacet
  facet normal -0.6755902076156626 0.7372773368101221 0
    outer loop
      vertex -30.32842712474619 12.22842712474619 0
      vertex -30.07115043874616 12.464177772475914 23.8
      vertex -30.07115043874616 12.464177772475914 0
    endloop
  endfacet
  facet normal -0.6087614290087169 0.7933533402912379 0
    outer loop
      vertex -30.07115043874616 12.464177772475914 0
      vertex -29.794305745404184 12.676608177155968 23.8
      vertex -29.794305745404184 12.676608177155968 0
    endloop
  endfacet
  facet normal -0.5372996083468246 0.8433914458128853 0
    outer loop
      vertex -29.794305745404184 12.676608177155968 0
      vertex -29.794305745404184 12.676608177155968 23.8
      vertex -29.5 12.864101615137756 0
    endloop
  endfacet
  facet normal -0.4617486132350324 0.8870108331782226 0
    outer loop
      vertex -29.5 12.864101615137756 0
      vertex -29.190473046962797 13.0252311481466 23.8
      vertex -29.190473046962797 13.0252311481466 0
    endloop
  endfacet
  facet normal -0.3826834323650889 0.9238795325112872 0
    outer loop
      vertex -29.190473046962797 13.0252311481466 0
      vertex -29.190473046962797 13.0252311481466 23.8
      vertex -28.868080573302674 13.158770483143634 0
    endloop
  endfacet
  facet normal -0.30070579950427273 0.953716950748227 0
    outer loop
      vertex -28.868080573302674 13.158770483143634 0
      vertex -28.868080573302674 13.158770483143634 23.8
      vertex -28.535276180410083 13.263703305156273 0
    endloop
  endfacet
  facet normal -0.21643961393810401 0.976296007119933 0
    outer loop
      vertex -28.535276180410083 13.263703305156273 0
      vertex -28.19459271066772 13.339231012048833 23.8
      vertex -28.19459271066772 13.339231012048833 0
    endloop
  endfacet
  facet normal -0.1305261922200538 0.9914448613738102 0
    outer loop
      vertex -28.19459271066772 13.339231012048833 0
      vertex -28.19459271066772 13.339231012048833 23.8
      vertex -27.848622970990633 13.384778792366983 0
    endloop
  endfacet
  facet normal -0.04361938736533333 0.9990482215818579 0
    outer loop
      vertex -27.848622970990633 13.384778792366983 0
      vertex -27.5 13.4 23.8
      vertex -27.5 13.4 0
    endloop
  endfacet
  facet normal 0 0 -1
    outer loop
      vertex -28.868080573302674 13.158770483143634 0
      vertex 8.527756813566455 -0.85 0
      vertex -9.704798097966219 1.6741731801207536 0
    endloop
  endfacet
  facet normal 0 0 -1
    outer loop
      vertex -9.704798097966219 1.6741731801207536 0
      vertex 8.527756813566455 -0.85 0
      vertex -9.560007623325715 1.6420739046914161 0
    endloop
  endfacet
  facet normal 0 0 -1
    outer loop
      vertex -9.560007623325715 1.6420739046914161 0
      vertex 8.527756813566455 -0.85 0
      vertex -9.418565756346363 1.5974774553360442 0
    endloop
  endfacet
  facet normal 0 0 -1
    outer loop
      vertex -8.697724446697737 1.0927389364671167 0
      vertex -8.79791847198287 1.2020815280171309 0
      vertex 8.527756813566455 -0.85 0
    endloop
  endfacet
  facet normal 0 0 -1
    outer loop
      vertex -8.907261063532884 1.3022755533022627 0
      vertex -9.024920058203222 1.392558475291286 0
      vertex 8.527756813566455 -0.85 0
    endloop
  endfacet
  facet normal 0 0 -1
    outer loop
      vertex -8.907261063532884 1.3022755533022627 0
      vertex 8.527756813566455 -0.85 0
      vertex -8.79791847198287 1.2020815280171309 0
    endloop
  endfacet
  facet normal 0 0 -1
    outer loop
      vertex -9.024920058203222 1.392558475291286 0
      vertex -9.15 1.4722431864335457 0
      vertex 8.527756813566455 -0.85 0
    endloop
  endfacet
  facet normal 0 0 -1
    outer loop
      vertex -9.281548955040812 1.5407232379623048 0
      vertex 8.527756813566455 -0.85 0
      vertex -9.15 1.4722431864335457 0
    endloop
  endfacet
  facet normal 0 0 -1
    outer loop
      vertex -9.418565756346363 1.5974774553360442 0
      vertex 8.527756813566455 -0.85 0
      vertex -9.281548955040812 1.5407232379623048 0
    endloop
  endfacet
  facet normal 0 0 -1
    outer loop
      vertex -8.402522544663956 0.5814342436536368 0
      vertex 8.527756813566455 -0.85 0
      vertex -8.357926095308583 0.43999237667428526 0
    endloop
  endfacet
  facet normal 0 0 -1
    outer loop
      vertex -8.402522544663956 0.5814342436536368 0
      vertex -8.459276762037696 0.718451044959189 0
      vertex 8.527756813566455 -0.85 0
    endloop
  endfacet
  facet normal 0 0 -1
    outer loop
      vertex -8.459276762037696 0.718451044959189 0
      vertex -8.527756813566455 0.85 0
      vertex 8.527756813566455 -0.85 0
    endloop
  endfacet
  facet normal 0 0 -1
    outer loop
      vertex -8.527756813566455 0.85 0
      vertex -8.607441524708713 0.9750799417967783 0
      vertex 8.527756813566455 -0.85 0
    endloop
  endfacet
  facet normal 0 0 -1
    outer loop
      vertex -8.607441524708713 0.9750799417967783 0
      vertex -8.697724446697737 1.0927389364671167 0
      vertex 8.527756813566455 -0.85 0
    endloop
  endfacet
  facet normal 0 0 -1
    outer loop
      vertex -28.868080573302674 13.158770483143634 0
      vertex 8.459276762037696 -0.718451044959189 0
      vertex 8.527756813566455 -0.85 0
    endloop
  endfacet
  facet normal 0 0 -1
    outer loop
      vertex -28.868080573302674 13.158770483143634 0
      vertex 8.402522544663956 -0.5814342436536368 0
      vertex 8.459276762037696 -0.718451044959189 0
    endloop
  endfacet
  facet normal 0 0 -1
    outer loop
      vertex -28.868080573302674 13.158770483143634 0
      vertex 8.357926095308583 -0.43999237667428526 0
      vertex 8.402522544663956 -0.5814342436536368 0
    endloop
  endfacet
  facet normal 0 0 -1
    outer loop
      vertex -28.868080573302674 13.158770483143634 0
      vertex 8.325826819879246 -0.29520190203378155 0
      vertex 8.357926095308583 -0.43999237667428526 0
    endloop
  endfacet
  facet normal 0 0 -1
    outer loop
      vertex -28.868080573302674 13.158770483143634 0
      vertex 8.306469013244033 -0.14816476267101888 0
      vertex 8.325826819879246 -0.29520190203378155 0
    endloop
  endfacet
  facet normal 0 0 -1
    outer loop
      vertex -28.868080573302674 13.158770483143634 0
      vertex 8.3 0 0
      vertex 8.306469013244033 -0.14816476267101888 0
    endloop
  endfacet
  facet normal 0 0 -1
    outer loop
      vertex -28.868080573302674 13.158770483143634 0
      vertex 8.306469013244033 0.14816476267101888 0
      vertex 8.3 0 0
    endloop
  endfacet
  facet normal 0 0 -1
    outer loop
      vertex -28.868080573302674 13.158770483143634 0
      vertex 8.325826819879246 0.29520190203378155 0
      vertex 8.306469013244033 0.14816476267101888 0
    endloop
  endfacet
  facet normal 0 0 -1
    outer loop
      vertex -28.868080573302674 13.158770483143634 0
      vertex 8.357926095308583 0.43999237667428526 0
      vertex 8.325826819879246 0.29520190203378155 0
    endloop
  endfacet
  facet normal 0 0 -1
    outer loop
      vertex -28.868080573302674 13.158770483143634 0
      vertex 8.402522544663956 0.5814342436536368 0
      vertex 8.357926095308583 0.43999237667428526 0
    endloop
  endfacet
  facet normal 0 0 -1
    outer loop
      vertex -28.868080573302674 13.158770483143634 0
      vertex 8.459276762037696 0.718451044959189 0
      vertex 8.402522544663956 0.5814342436536368 0
    endloop
  endfacet
  facet normal 0 0 -1
    outer loop
      vertex -28.868080573302674 13.158770483143634 0
      vertex 8.527756813566455 0.85 0
      vertex 8.459276762037696 0.718451044959189 0
    endloop
  endfacet
  facet normal 0 0 -1
    outer loop
      vertex -28.868080573302674 13.158770483143634 0
      vertex 8.607441524708713 0.9750799417967783 0
      vertex 8.527756813566455 0.85 0
    endloop
  endfacet
  facet normal 0 0 -1
    outer loop
      vertex -28.868080573302674 13.158770483143634 0
      vertex 8.697724446697737 1.0927389364671167 0
      vertex 8.607441524708713 0.9750799417967783 0
    endloop
  endfacet
  facet normal 0 0 -1
    outer loop
      vertex -28.868080573302674 13.158770483143634 0
      vertex 8.79791847198287 1.2020815280171309 0
      vertex 8.697724446697737 1.0927389364671167 0
    endloop
  endfacet
  facet normal 0 0 -1
    outer loop
      vertex -28.868080573302674 13.158770483143634 0
      vertex 8.907261063532884 1.3022755533022627 0
      vertex 8.79791847198287 1.2020815280171309 0
    endloop
  endfacet
  facet normal 0 0 -1
    outer loop
      vertex -28.868080573302674 13.158770483143634 0
      vertex 9.024920058203222 1.392558475291286 0
      vertex 8.907261063532884 1.3022755533022627 0
    endloop
  endfacet
  facet normal 0 0 -1
    outer loop
      vertex -28.868080573302674 13.158770483143634 0
      vertex 9.15 1.4722431864335457 0
      vertex 9.024920058203222 1.392558475291286 0
    endloop
  endfacet
  facet normal 0 0 -1
    outer loop
      vertex -28.868080573302674 13.158770483143634 0
      vertex -27.5 13.4 0
      vertex 28.868080573302674 13.158770483143634 0
    endloop
  endfacet
  facet normal 0 0 1
    outer loop
      vertex -30.128730854217093 -0.24310744873370244 23.8
      vertex -30.144672577328443 -0.12201803984672142 23.8
      vertex -31.5 9.4 23.8
    endloop
  endfacet
  facet normal 0 0 1
    outer loop
      vertex -30.144672577328443 -0.12201803984672142 23.8
      vertex -30.15 0 23.8
      vertex -31.5 9.4 23.8
    endloop
  endfacet
  facet normal 0 0 1
    outer loop
      vertex -30.15 0 23.8
      vertex -30.144672577328443 0.12201803984672142 23.8
      vertex -31.5 9.4 23.8
    endloop
  endfacet
  facet normal 0 0 1
    outer loop
      vertex -30.144672577328443 0.12201803984672142 23.8
      vertex -30.128730854217093 0.24310744873370244 23.8
      vertex -31.5 9.4 23.8
    endloop
  endfacet
  facet normal 0 0 1
    outer loop
      vertex -30.128730854217093 0.24310744873370244 23.8
      vertex -30.102296156804695 0.36234666314352904 23.8
      vertex -31.5 9.4 23.8
    endloop
  endfacet
  facet normal 0 0 1
    outer loop
      vertex -27.371269145782907 -0.24310744873370244 23.8
      vertex -26 9 23.8
      vertex -27.355327422671557 -0.12201803984672142 23.8
    endloop
  endfacet
  facet normal 0 0 1
    outer loop
      vertex -27.355327422671557 -0.12201803984672142 23.8
      vertex -26 9 23.8
      vertex -27.35 0 23.8
    endloop
  endfacet
  facet normal 0 0 1
    outer loop
      vertex -27.35 0 23.8
      vertex -26 9 23.8
      vertex -27.355327422671557 0.12201803984672142 23.8
    endloop
  endfacet
  facet normal 0 0 1
    outer loop
      vertex -27.355327422671557 0.12201803984672142 23.8
      vertex -26 9 23.8
      vertex -27.371269145782907 0.24310744873370244 23.8
    endloop
  endfacet
  facet normal 0 0 1
    outer loop
      vertex -27.371269145782907 0.24310744873370244 23.8
      vertex -26 9 23.8
      vertex -27.397703843195305 0.36234666314352904 23.8
    endloop
  endfacet
  facet normal 0 0 1
    outer loop
      vertex -27.397703843195305 0.36234666314352904 23.8
      vertex -26 9 23.8
      vertex -27.43443033089973 0.4788282006559362 23.8
    endloop
  endfacet
  facet normal 0 0 1
    outer loop
      vertex -30.102296156804695 0.36234666314352904 23.8
      vertex -30.06556966910027 0.4788282006559362 23.8
      vertex -31.5 9.4 23.8
    endloop
  endfacet
  facet normal 0 0 1
    outer loop
      vertex -30.06556966910027 0.4788282006559362 23.8
      vertex -30.01883090185131 0.5916655664369792 23.8
      vertex -31.5 9.4 23.8
    endloop
  endfacet
  facet normal 0 0 1
    outer loop
      vertex -30.01883090185131 0.5916655664369792 23.8
      vertex -29.962435565298215 0.7 23.8
      vertex -31.5 9.4 23.8
    endloop
  endfacet
  facet normal 0 0 1
    outer loop
      vertex -29.962435565298215 0.7 23.8
      vertex -29.896812862004587 0.8030070108914644 23.8
      vertex -31.5 9.4 23.8
    endloop
  endfacet
  facet normal 0 0 1
    outer loop
      vertex -29.896812862004587 0.8030070108914644 23.8
      vertex -29.822462220366567 0.8999026535611548 23.8
      vertex -31.5 9.4 23.8
    endloop
  endfacet
  facet normal 0 0 1
    outer loop
      vertex -29.822462220366567 0.8999026535611548 23.8
      vertex -29.739949493661168 0.9899494936611666 23.8
      vertex -31.5 9.4 23.8
    endloop
  endfacet
  facet normal 0 0 1
    outer loop
      vertex -29.739949493661168 0.9899494936611666 23.8
      vertex -29.649902653561156 1.0724622203665692 23.8
      vertex -31.5 9.4 23.8
    endloop
  endfacet
  facet normal 0 0 1
    outer loop
      vertex -29.649902653561156 1.0724622203665692 23.8
      vertex -29.553007010891463 1.1468128620045885 23.8
      vertex -31.5 9.4 23.8
    endloop
  endfacet
  facet normal 0 0 1
    outer loop
      vertex -29.553007010891463 1.1468128620045885 23.8
      vertex -29.45 1.212435565298214 23.8
      vertex -31.5 9.4 23.8
    endloop
  endfacet
  facet normal 0 0 1
    outer loop
      vertex -29.45 1.212435565298214 23.8
      vertex -29.34166556643698 1.2688309018513098 23.8
      vertex -25.99238939618349 9.174311485495316 23.8
    endloop
  endfacet
  facet normal 0 0 1
    outer loop
      vertex -29.34166556643698 1.2688309018513098 23.8
      vertex -29.228828200655936 1.3155696691002716 23.8
      vertex -25.99238939618349 9.174311485495316 23.8
    endloop
  endfacet
  facet normal 0 0 1
    outer loop
      vertex -29.228828200655936 1.3155696691002716 23.8
      vertex -29.11234666314353 1.3522961568046956 23.8
      vertex -26 9 23.8
    endloop
  endfacet
  facet normal 0 0 1
    outer loop
      vertex -29.11234666314353 1.3522961568046956 23.8
      vertex -28.993107448733703 1.378730854217091 23.8
      vertex -26 9 23.8
    endloop
  endfacet
  facet normal 0 0 1
    outer loop
      vertex -28.993107448733703 1.378730854217091 23.8
      vertex -28.872018039846722 1.3946725773284436 23.8
      vertex -26 9 23.8
    endloop
  endfacet
  facet normal 0 0 1
    outer loop
      vertex -28.872018039846722 1.3946725773284436 23.8
      vertex -28.75 1.4 23.8
      vertex -26 9 23.8
    endloop
  endfacet
  facet normal 0 0 1
    outer loop
      vertex -28.627981960153278 1.3946725773284436 23.8
      vertex -28.506892551266297 1.378730854217091 23.8
      vertex -26 9 23.8
    endloop
  endfacet
  facet normal 0 0 1
    outer loop
      vertex -28.75 1.4 23.8
      vertex -28.627981960153278 1.3946725773284436 23.8
      vertex -26 9 23.8
    endloop
  endfacet
  facet normal 0 0 1
    outer loop
      vertex -28.38765333685647 1.3522961568046956 23.8
      vertex -26 9 23.8
      vertex -28.506892551266297 1.378730854217091 23.8
    endloop
  endfacet
  facet normal 0 0 1
    outer loop
      vertex -27.603187137995413 0.8030070108914644 23.8
      vertex -26 9 23.8
      vertex -27.677537779633433 0.8999026535611548 23.8
    endloop
  endfacet
  facet normal 0 0 1
    outer loop
      vertex -27.677537779633433 0.8999026535611548 23.8
      vertex -26 9 23.8
      vertex -27.760050506338832 0.9899494936611666 23.8
    endloop
  endfacet
  facet normal 0 0 1
    outer loop
      vertex -27.760050506338832 0.9899494936611666 23.8
      vertex -26 9 23.8
      vertex -27.850097346438844 1.0724622203665692 23.8
    endloop
  endfacet
  facet normal 0 0 1
    outer loop
      vertex -27.946992989108537 1.1468128620045885 23.8
      vertex -27.850097346438844 1.0724622203665692 23.8
      vertex -26 9 23.8
    endloop
  endfacet
  facet normal 0 0 1
    outer loop
      vertex -27.43443033089973 0.4788282006559362 23.8
      vertex -26 9 23.8
      vertex -27.48116909814869 0.5916655664369792 23.8
    endloop
  endfacet
  facet normal 0 0 1
    outer loop
      vertex -27.48116909814869 0.5916655664369792 23.8
      vertex -26 9 23.8
      vertex -27.537564434701785 0.7 23.8
    endloop
  endfacet
  facet normal 0 0 1
    outer loop
      vertex -27.603187137995413 0.8030070108914644 23.8
      vertex -27.537564434701785 0.7 23.8
      vertex -26 9 23.8
    endloop
  endfacet
  facet normal 0 0 1
    outer loop
      vertex -28.271171799344064 1.3155696691002716 23.8
      vertex -28.15833443356302 1.2688309018513098 23.8
      vertex -26 9 23.8
    endloop
  endfacet
  facet normal 0 0 1
    outer loop
      vertex -27.946992989108537 1.1468128620045885 23.8
      vertex -26 9 23.8
      vertex -28.05 1.212435565298214 23.8
    endloop
  endfacet
  facet normal 0 0 1
    outer loop
      vertex -28.05 1.212435565298214 23.8
      vertex -26 9 23.8
      vertex -28.15833443356302 1.2688309018513098 23.8
    endloop
  endfacet
  facet normal 0 0 1
    outer loop
      vertex -28.38765333685647 1.3522961568046956 23.8
      vertex -28.271171799344064 1.3155696691002716 23.8
      vertex -26 9 23.8
    endloop
  endfacet
  facet normal 0 0 1
    outer loop
      vertex -29.228828200655936 1.3155696691002716 23.8
      vertex -26 9 23.8
      vertex -25.99238939618349 9.174311485495316 23.8
    endloop
  endfacet
  facet normal 0 0 1
    outer loop
      vertex -29.45 1.212435565298214 23.8
      vertex -25.99238939618349 9.174311485495316 23.8
      vertex -25.969615506024414 9.34729635533386 23.8
    endloop
  endfacet
  facet normal 0 0 1
    outer loop
      vertex -29.45 1.212435565298214 23.8
      vertex -25.969615506024414 9.34729635533386 23.8
      vertex -25.931851652578136 9.517638090205041 23.8
    endloop
  endfacet
  facet normal -0.9990482215818577 0.043619387365338415 0
    outer loop
      vertex -31.48477879236698 9.748622970990633 0
      vertex -31.5 9.4 23.8
      vertex -31.48477879236698 9.748622970990633 23.8
    endloop
  endfacet
  facet normal -0.9914448613738108 0.1305261922200481 0
    outer loop
      vertex -31.439231012048833 10.094592710667722 0
      vertex -31.48477879236698 9.748622970990633 23.8
      vertex -31.439231012048833 10.094592710667722 23.8
    endloop
  endfacet
  facet normal -0.976296007119934 0.21643961393810024 0
    outer loop
      vertex -31.439231012048833 10.094592710667722 0
      vertex -31.439231012048833 10.094592710667722 23.8
      vertex -31.363703305156275 10.435276180410083 23.8
    endloop
  endfacet
  facet normal -0.9537169507482275 0.30070579950427123 0
    outer loop
      vertex -31.258770483143635 10.768080573302676 0
      vertex -31.363703305156275 10.435276180410083 23.8
      vertex -31.258770483143635 10.768080573302676 23.8
    endloop
  endfacet
  facet normal -0.9238795325112846 0.382683432365095 0
    outer loop
      vertex -31.1252311481466 11.090473046962797 0
      vertex -31.258770483143635 10.768080573302676 23.8
      vertex -31.1252311481466 11.090473046962797 23.8
    endloop
  endfacet
  facet normal -0.8870108331782205 0.4617486132350364 0
    outer loop
      vertex -31.1252311481466 11.090473046962797 0
      vertex -31.1252311481466 11.090473046962797 23.8
      vertex -30.964101615137753 11.4 23.8
    endloop
  endfacet
  facet normal -0.8433914458128876 0.5372996083468209 0
    outer loop
      vertex -30.776608177155968 11.694305745404185 0
      vertex -30.964101615137753 11.4 23.8
      vertex -30.776608177155968 11.694305745404185 23.8
    endloop
  endfacet
  facet normal -0.7933533402912336 0.6087614290087225 0
    outer loop
      vertex -30.776608177155968 11.694305745404185 0
      vertex -30.776608177155968 11.694305745404185 23.8
      vertex -30.56417777247591 11.971150438746157 23.8
    endloop
  endfacet
  facet normal -0.7372773368101271 0.675590207615657 0
    outer loop
      vertex -30.56417777247591 11.971150438746157 0
      vertex -30.56417777247591 11.971150438746157 23.8
      vertex -30.32842712474619 12.22842712474619 23.8
    endloop
  endfacet
  facet normal -0.6755902076156626 0.7372773368101221 0
    outer loop
      vertex -30.32842712474619 12.22842712474619 0
      vertex -30.32842712474619 12.22842712474619 23.8
      vertex -30.07115043874616 12.464177772475914 23.8
    endloop
  endfacet
  facet normal -0.6087614290087169 0.7933533402912379 0
    outer loop
      vertex -30.07115043874616 12.464177772475914 0
      vertex -30.07115043874616 12.464177772475914 23.8
      vertex -29.794305745404184 12.676608177155968 23.8
    endloop
  endfacet
  facet normal -0.5372996083468246 0.8433914458128853 0
    outer loop
      vertex -29.5 12.864101615137756 0
      vertex -29.794305745404184 12.676608177155968 23.8
      vertex -29.5 12.864101615137756 23.8
    endloop
  endfacet
  facet normal -0.4617486132350324 0.8870108331782226 0
    outer loop
      vertex -29.5 12.864101615137756 0
      vertex -29.5 12.864101615137756 23.8
      vertex -29.190473046962797 13.0252311481466 23.8
    endloop
  endfacet
  facet normal -0.3826834323650889 0.9238795325112872 0
    outer loop
      vertex -28.868080573302674 13.158770483143634 0
      vertex -29.190473046962797 13.0252311481466 23.8
      vertex -28.868080573302674 13.158770483143634 23.8
    endloop
  endfacet
  facet normal -0.30070579950427273 0.953716950748227 0
    outer loop
      vertex -28.535276180410083 13.263703305156273 0
      vertex -28.868080573302674 13.158770483143634 23.8
      vertex -28.535276180410083 13.263703305156273 23.8
    endloop
  endfacet
  facet normal -0.21643961393810401 0.976296007119933 0
    outer loop
      vertex -28.535276180410083 13.263703305156273 0
      vertex -28.535276180410083 13.263703305156273 23.8
      vertex -28.19459271066772 13.339231012048833 23.8
    endloop
  endfacet
  facet normal -0.1305261922200538 0.9914448613738102 0
    outer loop
      vertex -27.848622970990633 13.384778792366983 0
      vertex -28.19459271066772 13.339231012048833 23.8
      vertex -27.848622970990633 13.384778792366983 23.8
    endloop
  endfacet
  facet normal -0.04361938736533333 0.9990482215818579 0
    outer loop
      vertex -27.848622970990633 13.384778792366983 0
      vertex -27.848622970990633 13.384778792366983 23.8
      vertex -27.5 13.4 23.8
    endloop
  endfacet
  facet normal 0 0 1
    outer loop
      vertex -29.45 1.212435565298214 23.8
      vertex -29.190473046962797 13.0252311481466 23.8
      vertex -31.5 9.4 23.8
    endloop
  endfacet
  facet normal 0 0 1
    outer loop
      vertex -29.45 1.212435565298214 23.8
      vertex -25.8126155740733 9.845236523481399 23.8
      vertex -29.190473046962797 13.0252311481466 23.8
    endloop
  endfacet
  facet normal 0 0 1
    outer loop
      vertex -31.5 9.4 23.8
      vertex -31.363703305156275 10.435276180410083 23.8
      vertex -31.48477879236698 9.748622970990633 23.8
    endloop
  endfacet
  facet normal 0 0 1
    outer loop
      vertex -29.45 1.212435565298214 23.8
      vertex -25.931851652578136 9.517638090205041 23.8
      vertex -25.879385241571818 9.684040286651337 23.8
    endloop
  endfacet
  facet normal 0 0 1
    outer loop
      vertex -29.45 1.212435565298214 23.8
      vertex -25.879385241571818 9.684040286651337 23.8
      vertex -25.8126155740733 9.845236523481399 23.8
    endloop
  endfacet
  facet normal 0 0 1
    outer loop
      vertex -31.48477879236698 9.748622970990633 23.8
      vertex -31.363703305156275 10.435276180410083 23.8
      vertex -31.439231012048833 10.094592710667722 23.8
    endloop
  endfacet
  facet normal 0 0 1
    outer loop
      vertex -31.5 9.4 23.8
      vertex -30.964101615137753 11.4 23.8
      vertex -31.363703305156275 10.435276180410083 23.8
    endloop
  endfacet
  facet normal 0 0 1
    outer loop
      vertex -31.363703305156275 10.435276180410083 23.8
      vertex -30.964101615137753 11.4 23.8
      vertex -31.258770483143635 10.768080573302676 23.8
    endloop
  endfacet
  facet normal 0 0 1
    outer loop
      vertex -31.258770483143635 10.768080573302676 23.8
      vertex -30.964101615137753 11.4 23.8
      vertex -31.1252311481466 11.090473046962797 23.8
    endloop
  endfacet
  facet normal 0 0 1
    outer loop
      vertex -31.5 9.4 23.8
      vertex -29.190473046962797 13.0252311481466 23.8
      vertex -30.964101615137753 11.4 23.8
    endloop
  endfacet
  facet normal 0 0 1
    outer loop
      vertex -30.964101615137753 11.4 23.8
      vertex -30.56417777247591 11.971150438746157 23.8
      vertex -30.776608177155968 11.694305745404185 23.8
    endloop
  endfacet
  facet normal 0 0 1
    outer loop
      vertex -30.964101615137753 11.4 23.8
      vertex -30.32842712474619 12.22842712474619 23.8
      vertex -30.56417777247591 11.971150438746157 23.8
    endloop
  endfacet
  facet normal 0 0 1
    outer loop
      vertex -30.964101615137753 11.4 23.8
      vertex -29.190473046962797 13.0252311481466 23.8
      vertex -30.32842712474619 12.22842712474619 23.8
    endloop
  endfacet
  facet normal 0 0 1
    outer loop
      vertex -30.32842712474619 12.22842712474619 23.8
      vertex -29.794305745404184 12.676608177155968 23.8
      vertex -30.07115043874616 12.464177772475914 23.8
    endloop
  endfacet
  facet normal 0 0 1
    outer loop
      vertex -30.32842712474619 12.22842712474619 23.8
      vertex -29.190473046962797 13.0252311481466 23.8
      vertex -29.794305745404184 12.676608177155968 23.8
    endloop
  endfacet
  facet normal 0 0 1
    outer loop
      vertex -29.794305745404184 12.676608177155968 23.8
      vertex -29.190473046962797 13.0252311481466 23.8
      vertex -29.5 12.864101615137756 23.8
    endloop
  endfacet
  facet normal 0 0 1
    outer loop
      vertex -29.190473046962797 13.0252311481466 23.8
      vertex -28.19459271066772 13.339231012048833 23.8
      vertex -28.868080573302674 13.158770483143634 23.8
    endloop
  endfacet
  facet normal 0 0 1
    outer loop
      vertex -28.868080573302674 13.158770483143634 23.8
      vertex -28.19459271066772 13.339231012048833 23.8
      vertex -28.535276180410083 13.263703305156273 23.8
    endloop
  endfacet
  facet normal 0 0 1
    outer loop
      vertex -28.19459271066772 13.339231012048833 23.8
      vertex -27.5 13.4 23.8
      vertex -27.848622970990633 13.384778792366983 23.8
    endloop
  endfacet
  facet normal 0 0 1
    outer loop
      vertex -25.8126155740733 9.845236523481399 23.8
      vertex -25.73205080756888 10 23.8
      vertex -29.190473046962797 13.0252311481466 23.8
    endloop
  endfacet
  facet normal 0 0 1
    outer loop
      vertex -25.73205080756888 10 23.8
      vertex -25.638304088577982 10.147152872702092 23.8
      vertex -29.190473046962797 13.0252311481466 23.8
    endloop
  endfacet
  facet normal 0 0 1
    outer loop
      vertex -29.190473046962797 13.0252311481466 23.8
      vertex -25.638304088577982 10.147152872702092 23.8
      vertex -25.532088886237958 10.28557521937308 23.8
    endloop
  endfacet
  facet normal 0 0 1
    outer loop
      vertex -29.190473046962797 13.0252311481466 23.8
      vertex -25.532088886237958 10.28557521937308 23.8
      vertex -25.414213562373096 10.414213562373096 23.8
    endloop
  endfacet
  facet normal 0 0 1
    outer loop
      vertex -29.190473046962797 13.0252311481466 23.8
      vertex -25.414213562373096 10.414213562373096 23.8
      vertex -25.28557521937308 10.532088886237956 23.8
    endloop
  endfacet
  facet normal 0 0 1
    outer loop
      vertex -29.190473046962797 13.0252311481466 23.8
      vertex -25.28557521937308 10.532088886237956 23.8
      vertex -25.147152872702094 10.638304088577984 23.8
    endloop
  endfacet
  facet normal 0 0 1
    outer loop
      vertex -29.190473046962797 13.0252311481466 23.8
      vertex -25.147152872702094 10.638304088577984 23.8
      vertex -25 10.732050807568877 23.8
    endloop
  endfacet
  facet normal 0 0 1
    outer loop
      vertex -29.190473046962797 13.0252311481466 23.8
      vertex -25 10.732050807568877 23.8
      vertex -24.8452365234814 10.8126155740733 23.8
    endloop
  endfacet
  facet normal 0 0 1
    outer loop
      vertex -29.190473046962797 13.0252311481466 23.8
      vertex -24.8452365234814 10.8126155740733 23.8
      vertex -24.68404028665134 10.879385241571818 23.8
    endloop
  endfacet
  facet normal 0 0 1
    outer loop
      vertex -29.190473046962797 13.0252311481466 23.8
      vertex -24.68404028665134 10.879385241571818 23.8
      vertex -24.51763809020504 10.931851652578137 23.8
    endloop
  endfacet
  facet normal 0 0 1
    outer loop
      vertex -29.190473046962797 13.0252311481466 23.8
      vertex -24.51763809020504 10.931851652578137 23.8
      vertex -24.34729635533386 10.969615506024416 23.8
    endloop
  endfacet
  facet normal 0 0 1
    outer loop
      vertex -29.190473046962797 13.0252311481466 23.8
      vertex -24.34729635533386 10.969615506024416 23.8
      vertex -24.174311485495316 10.99238939618349 23.8
    endloop
  endfacet
  facet normal 0 0 1
    outer loop
      vertex -29.190473046962797 13.0252311481466 23.8
      vertex -24.174311485495316 10.99238939618349 23.8
      vertex -24 11 23.8
    endloop
  endfacet
  facet normal 0 1 0
    outer loop
      vertex -27.5 13.4 0
      vertex -27.5 13.4 23.8
      vertex 27.5 13.4 23.8
    endloop
  endfacet
  facet normal 0 0 1
    outer loop
      vertex -29.190473046962797 13.0252311481466 23.8
      vertex -24 11 23.8
      vertex 24 11 23.8
    endloop
  endfacet
  facet normal 0 0 1
    outer loop
      vertex -29.190473046962797 13.0252311481466 23.8
      vertex 28.868080573302674 13.158770483143634 23.8
      vertex -28.19459271066772 13.339231012048833 23.8
    endloop
  endfacet
  facet normal 0 0 1
    outer loop
      vertex -28.19459271066772 13.339231012048833 23.8
      vertex 27.5 13.4 23.8
      vertex -27.5 13.4 23.8
    endloop
  endfacet
  facet normal 0 0 -1
    outer loop
      vertex -28.868080573302674 -13.158770483143634 0
      vertex 10.14816476267102 -1.6935309867559674 0
      vertex 31.5 -9.4 0
    endloop
  endfacet
  facet normal 0 0 -1
    outer loop
      vertex -27.5 -13.4 0
      vertex 27.848622970990633 -13.384778792366983 0
      vertex 27.5 -13.4 0
    endloop
  endfacet
  facet normal 0 0 -1
    outer loop
      vertex -28.868080573302674 -13.158770483143634 0
      vertex 31.5 -9.4 0
      vertex 27.848622970990633 -13.384778792366983 0
    endloop
  endfacet
  facet normal 0 -1 0
    outer loop
      vertex -27.5 -13.4 0
      vertex 27.5 -13.4 0
      vertex 27.5 -13.4 23.8
    endloop
  endfacet
  facet normal 0 0 -1
    outer loop
      vertex -9.704798097966219 -1.6741731801207536 0
      vertex 9.704798097966219 -1.6741731801207536 0
      vertex 9.85183523732898 -1.6935309867559674 0
    endloop
  endfacet
  facet normal 0 0 -1
    outer loop
      vertex -9.704798097966219 -1.6741731801207536 0
      vertex 9.85183523732898 -1.6935309867559674 0
      vertex 10 -1.7 0
    endloop
  endfacet
  facet normal 0 0 -1
    outer loop
      vertex -8.697724446697737 -1.0927389364671167 0
      vertex 8.697724446697737 -1.0927389364671167 0
      vertex 8.79791847198287 -1.2020815280171309 0
    endloop
  endfacet
  facet normal 0 0 -1
    outer loop
      vertex -8.607441524708713 -0.9750799417967783 0
      vertex 8.607441524708713 -0.9750799417967783 0
      vertex 8.697724446697737 -1.0927389364671167 0
    endloop
  endfacet
  facet normal 0 0 -1
    outer loop
      vertex -8.527756813566455 -0.85 0
      vertex 8.527756813566455 -0.85 0
      vertex 8.607441524708713 -0.9750799417967783 0
    endloop
  endfacet
  facet normal 0 0 -1
    outer loop
      vertex -9.418565756346363 -1.5974774553360442 0
      vertex 9.418565756346363 -1.5974774553360442 0
      vertex 9.560007623325715 -1.6420739046914161 0
    endloop
  endfacet
  facet normal 0 0 -1
    outer loop
      vertex -9.281548955040812 -1.5407232379623048 0
      vertex 9.281548955040812 -1.5407232379623048 0
      vertex 9.418565756346363 -1.5974774553360442 0
    endloop
  endfacet
  facet normal 0 0 -1
    outer loop
      vertex -9.15 -1.4722431864335457 0
      vertex 9.15 -1.4722431864335457 0
      vertex 9.281548955040812 -1.5407232379623048 0
    endloop
  endfacet
  facet normal 0 0 -1
    outer loop
      vertex -9.560007623325715 -1.6420739046914161 0
      vertex 9.560007623325715 -1.6420739046914161 0
      vertex 9.704798097966219 -1.6741731801207536 0
    endloop
  endfacet
  facet normal 0 0 -1
    outer loop
      vertex -9.024920058203222 -1.392558475291286 0
      vertex 9.024920058203222 -1.392558475291286 0
      vertex 9.15 -1.4722431864335457 0
    endloop
  endfacet
  facet normal 0 0 -1
    outer loop
      vertex -8.907261063532884 -1.3022755533022627 0
      vertex 8.907261063532884 -1.3022755533022627 0
      vertex 9.024920058203222 -1.392558475291286 0
    endloop
  endfacet
  facet normal 0 0 -1
    outer loop
      vertex -8.79791847198287 -1.2020815280171309 0
      vertex 8.79791847198287 -1.2020815280171309 0
      vertex 8.907261063532884 -1.3022755533022627 0
    endloop
  endfacet
  facet normal 0 0 -1
    outer loop
      vertex 27.848622970990633 -13.384778792366983 0
      vertex 28.535276180410083 -13.263703305156273 0
      vertex 28.19459271066772 -13.339231012048833 0
    endloop
  endfacet
  facet normal 0 0 -1
    outer loop
      vertex 27.848622970990633 -13.384778792366983 0
      vertex 29.190473046962797 -13.0252311481466 0
      vertex 28.535276180410083 -13.263703305156273 0
    endloop
  endfacet
  facet normal 0 0 -1
    outer loop
      vertex 28.535276180410083 -13.263703305156273 0
      vertex 29.190473046962797 -13.0252311481466 0
      vertex 28.868080573302674 -13.158770483143634 0
    endloop
  endfacet
  facet normal 0 0 -1
    outer loop
      vertex 27.848622970990633 -13.384778792366983 0
      vertex 30.32842712474619 -12.22842712474619 0
      vertex 29.190473046962797 -13.0252311481466 0
    endloop
  endfacet
  facet normal 0 0 -1
    outer loop
      vertex 29.190473046962797 -13.0252311481466 0
      vertex 29.794305745404184 -12.676608177155968 0
      vertex 29.5 -12.864101615137756 0
    endloop
  endfacet
  facet normal 0 0 -1
    outer loop
      vertex 29.190473046962797 -13.0252311481466 0
      vertex 30.32842712474619 -12.22842712474619 0
      vertex 29.794305745404184 -12.676608177155968 0
    endloop
  endfacet
  facet normal 0 0 -1
    outer loop
      vertex 29.794305745404184 -12.676608177155968 0
      vertex 30.32842712474619 -12.22842712474619 0
      vertex 30.07115043874616 -12.464177772475914 0
    endloop
  endfacet
  facet normal 0 0 -1
    outer loop
      vertex 30.32842712474619 -12.22842712474619 0
      vertex 30.776608177155968 -11.694305745404185 0
      vertex 30.56417777247591 -11.971150438746157 0
    endloop
  endfacet
  facet normal 0 0 -1
    outer loop
      vertex 27.848622970990633 -13.384778792366983 0
      vertex 31.5 -9.4 0
      vertex 30.32842712474619 -12.22842712474619 0
    endloop
  endfacet
  facet normal 0 0 -1
    outer loop
      vertex 30.32842712474619 -12.22842712474619 0
      vertex 31.258770483143635 -10.768080573302676 0
      vertex 30.776608177155968 -11.694305745404185 0
    endloop
  endfacet
  facet normal 0 0 -1
    outer loop
      vertex 30.776608177155968 -11.694305745404185 0
      vertex 31.258770483143635 -10.768080573302676 0
      vertex 30.964101615137753 -11.4 0
    endloop
  endfacet
  facet normal 0 0 -1
    outer loop
      vertex 30.964101615137753 -11.4 0
      vertex 31.258770483143635 -10.768080573302676 0
      vertex 31.1252311481466 -11.090473046962797 0
    endloop
  endfacet
  facet normal 0 0 -1
    outer loop
      vertex 30.32842712474619 -12.22842712474619 0
      vertex 31.5 -9.4 0
      vertex 31.258770483143635 -10.768080573302676 0
    endloop
  endfacet
  facet normal 0 0 -1
    outer loop
      vertex 31.258770483143635 -10.768080573302676 0
      vertex 31.439231012048833 -10.094592710667722 0
      vertex 31.363703305156275 -10.435276180410083 0
    endloop
  endfacet
  facet normal 0 0 -1
    outer loop
      vertex 31.258770483143635 -10.768080573302676 0
      vertex 31.5 -9.4 0
      vertex 31.439231012048833 -10.094592710667722 0
    endloop
  endfacet
  facet normal 0 0 -1
    outer loop
      vertex 31.439231012048833 -10.094592710667722 0
      vertex 31.5 -9.4 0
      vertex 31.48477879236698 -9.748622970990633 0
    endloop
  endfacet
  facet normal 0.04361938736533333 -0.9990482215818579 0
    outer loop
      vertex 27.5 -13.4 0
      vertex 27.848622970990633 -13.384778792366983 0
      vertex 27.5 -13.4 23.8
    endloop
  endfacet
  facet normal 0.1305261922200538 -0.9914448613738102 0
    outer loop
      vertex 27.848622970990633 -13.384778792366983 0
      vertex 28.19459271066772 -13.339231012048833 0
      vertex 28.19459271066772 -13.339231012048833 23.8
    endloop
  endfacet
  facet normal 0.21643961393810401 -0.976296007119933 0
    outer loop
      vertex 28.19459271066772 -13.339231012048833 0
      vertex 28.535276180410083 -13.263703305156273 0
      vertex 28.19459271066772 -13.339231012048833 23.8
    endloop
  endfacet
  facet normal 0.30070579950427273 -0.953716950748227 0
    outer loop
      vertex 28.535276180410083 -13.263703305156273 0
      vertex 28.868080573302674 -13.158770483143634 0
      vertex 28.868080573302674 -13.158770483143634 23.8
    endloop
  endfacet
  facet normal 0.3826834323650889 -0.9238795325112872 0
    outer loop
      vertex 28.868080573302674 -13.158770483143634 0
      vertex 29.190473046962797 -13.0252311481466 0
      vertex 29.190473046962797 -13.0252311481466 23.8
    endloop
  endfacet
  facet normal 0.4617486132350324 -0.8870108331782226 0
    outer loop
      vertex 29.190473046962797 -13.0252311481466 0
      vertex 29.5 -12.864101615137756 0
      vertex 29.190473046962797 -13.0252311481466 23.8
    endloop
  endfacet
  facet normal 0.5372996083468246 -0.8433914458128853 0
    outer loop
      vertex 29.5 -12.864101615137756 0
      vertex 29.794305745404184 -12.676608177155968 0
      vertex 29.5 -12.864101615137756 23.8
    endloop
  endfacet
  facet normal 0.6087614290087169 -0.7933533402912379 0
    outer loop
      vertex 29.794305745404184 -12.676608177155968 0
      vertex 30.07115043874616 -12.464177772475914 0
      vertex 30.07115043874616 -12.464177772475914 23.8
    endloop
  endfacet
  facet normal 0.6755902076156626 -0.7372773368101221 0
    outer loop
      vertex 30.07115043874616 -12.464177772475914 0
      vertex 30.32842712474619 -12.22842712474619 0
      vertex 30.07115043874616 -12.464177772475914 23.8
    endloop
  endfacet
  facet normal 0.7372773368101271 -0.675590207615657 0
    outer loop
      vertex 30.32842712474619 -12.22842712474619 0
      vertex 30.56417777247591 -11.971150438746157 0
      vertex 30.32842712474619 -12.22842712474619 23.8
    endloop
  endfacet
  facet normal 0.7933533402912336 -0.6087614290087225 0
    outer loop
      vertex 30.56417777247591 -11.971150438746157 0
      vertex 30.776608177155968 -11.694305745404185 0
      vertex 30.776608177155968 -11.694305745404185 23.8
    endloop
  endfacet
  facet normal 0.8433914458128876 -0.5372996083468209 0
    outer loop
      vertex 30.776608177155968 -11.694305745404185 0
      vertex 30.964101615137753 -11.4 0
      vertex 30.776608177155968 -11.694305745404185 23.8
    endloop
  endfacet
  facet normal 0.8870108331782205 -0.4617486132350364 0
    outer loop
      vertex 30.964101615137753 -11.4 0
      vertex 31.1252311481466 -11.090473046962797 0
      vertex 30.964101615137753 -11.4 23.8
    endloop
  endfacet
  facet normal 0.9238795325112846 -0.382683432365095 0
    outer loop
      vertex 31.1252311481466 -11.090473046962797 0
      vertex 31.258770483143635 -10.768080573302676 0
      vertex 31.258770483143635 -10.768080573302676 23.8
    endloop
  endfacet
  facet normal 0.9537169507482275 -0.30070579950427123 0
    outer loop
      vertex 31.258770483143635 -10.768080573302676 0
      vertex 31.363703305156275 -10.435276180410083 0
      vertex 31.363703305156275 -10.435276180410083 23.8
    endloop
  endfacet
  facet normal 0.976296007119934 -0.21643961393810024 0
    outer loop
      vertex 31.363703305156275 -10.435276180410083 0
      vertex 31.439231012048833 -10.094592710667722 0
      vertex 31.363703305156275 -10.435276180410083 23.8
    endloop
  endfacet
  facet normal 0.9914448613738108 -0.1305261922200481 0
    outer loop
      vertex 31.439231012048833 -10.094592710667722 0
      vertex 31.48477879236698 -9.748622970990633 0
      vertex 31.48477879236698 -9.748622970990633 23.8
    endloop
  endfacet
  facet normal 0.9990482215818577 -0.043619387365338415 0
    outer loop
      vertex 31.48477879236698 -9.748622970990633 0
      vertex 31.5 -9.4 0
      vertex 31.48477879236698 -9.748622970990633 23.8
    endloop
  endfacet
  facet normal 0 0 -1
    outer loop
      vertex 10.14816476267102 -1.6935309867559674 0
      vertex 10.295201902033781 -1.6741731801207536 0
      vertex 31.5 -9.4 0
    endloop
  endfacet
  facet normal 0 0 -1
    outer loop
      vertex 10.295201902033781 -1.6741731801207536 0
      vertex 10.439992376674285 -1.6420739046914161 0
      vertex 31.5 -9.4 0
    endloop
  endfacet
  facet normal 0 0 -1
    outer loop
      vertex 10.439992376674285 -1.6420739046914161 0
      vertex 10.581434243653637 -1.5974774553360442 0
      vertex 31.5 -9.4 0
    endloop
  endfacet
  facet normal 0 0 -1
    outer loop
      vertex 10.581434243653637 -1.5974774553360442 0
      vertex 10.718451044959188 -1.5407232379623048 0
      vertex 31.5 -9.4 0
    endloop
  endfacet
  facet normal 0 0 -1
    outer loop
      vertex 10.718451044959188 -1.5407232379623048 0
      vertex 10.85 -1.4722431864335457 0
      vertex 31.5 -9.4 0
    endloop
  endfacet
  facet normal 0 0 -1
    outer loop
      vertex 10.85 -1.4722431864335457 0
      vertex 10.975079941796778 -1.392558475291286 0
      vertex 31.5 -9.4 0
    endloop
  endfacet
  facet normal 0 0 -1
    outer loop
      vertex 10.975079941796778 -1.392558475291286 0
      vertex 11.092738936467116 -1.3022755533022627 0
      vertex 31.5 -9.4 0
    endloop
  endfacet
  facet normal 0 0 -1
    outer loop
      vertex 11.092738936467116 -1.3022755533022627 0
      vertex 11.20208152801713 -1.2020815280171309 0
      vertex 31.5 -9.4 0
    endloop
  endfacet
  facet normal 0 0 -1
    outer loop
      vertex 11.20208152801713 -1.2020815280171309 0
      vertex 11.302275553302263 -1.0927389364671167 0
      vertex 31.5 -9.4 0
    endloop
  endfacet
  facet normal 0 0 -1
    outer loop
      vertex 11.302275553302263 -1.0927389364671167 0
      vertex 11.392558475291287 -0.9750799417967783 0
      vertex 31.5 -9.4 0
    endloop
  endfacet
  facet normal 0 0 -1
    outer loop
      vertex 11.392558475291287 -0.9750799417967783 0
      vertex 11.472243186433545 -0.85 0
      vertex 31.5 -9.4 0
    endloop
  endfacet
  facet normal 0 0 -1
    outer loop
      vertex 11.472243186433545 -0.85 0
      vertex 11.540723237962304 -0.718451044959189 0
      vertex 31.5 -9.4 0
    endloop
  endfacet
  facet normal 0 0 -1
    outer loop
      vertex 11.540723237962304 -0.718451044959189 0
      vertex 11.597477455336044 -0.5814342436536368 0
      vertex 31.5 -9.4 0
    endloop
  endfacet
  facet normal 0 0 -1
    outer loop
      vertex 11.597477455336044 -0.5814342436536368 0
      vertex 11.642073904691417 -0.43999237667428526 0
      vertex 31.5 -9.4 0
    endloop
  endfacet
  facet normal 0 0 1
    outer loop
      vertex -29.794305745404184 -12.676608177155968 23.8
      vertex 29.190473046962797 -13.0252311481466 23.8
      vertex 24 -11 23.8
    endloop
  endfacet
  facet normal 0 0 1
    outer loop
      vertex -27.5 -13.4 23.8
      vertex 27.5 -13.4 23.8
      vertex 29.190473046962797 -13.0252311481466 23.8
    endloop
  endfacet
  facet normal 0.04361938736533333 -0.9990482215818579 0
    outer loop
      vertex 27.848622970990633 -13.384778792366983 0
      vertex 27.848622970990633 -13.384778792366983 23.8
      vertex 27.5 -13.4 23.8
    endloop
  endfacet
  facet normal 0.1305261922200538 -0.9914448613738102 0
    outer loop
      vertex 27.848622970990633 -13.384778792366983 0
      vertex 28.19459271066772 -13.339231012048833 23.8
      vertex 27.848622970990633 -13.384778792366983 23.8
    endloop
  endfacet
  facet normal 0.21643961393810401 -0.976296007119933 0
    outer loop
      vertex 28.535276180410083 -13.263703305156273 0
      vertex 28.535276180410083 -13.263703305156273 23.8
      vertex 28.19459271066772 -13.339231012048833 23.8
    endloop
  endfacet
  facet normal 0.30070579950427273 -0.953716950748227 0
    outer loop
      vertex 28.535276180410083 -13.263703305156273 0
      vertex 28.868080573302674 -13.158770483143634 23.8
      vertex 28.535276180410083 -13.263703305156273 23.8
    endloop
  endfacet
  facet normal 0.3826834323650889 -0.9238795325112872 0
    outer loop
      vertex 28.868080573302674 -13.158770483143634 0
      vertex 29.190473046962797 -13.0252311481466 23.8
      vertex 28.868080573302674 -13.158770483143634 23.8
    endloop
  endfacet
  facet normal 0.4617486132350324 -0.8870108331782226 0
    outer loop
      vertex 29.5 -12.864101615137756 0
      vertex 29.5 -12.864101615137756 23.8
      vertex 29.190473046962797 -13.0252311481466 23.8
    endloop
  endfacet
  facet normal 0.5372996083468246 -0.8433914458128853 0
    outer loop
      vertex 29.794305745404184 -12.676608177155968 0
      vertex 29.794305745404184 -12.676608177155968 23.8
      vertex 29.5 -12.864101615137756 23.8
    endloop
  endfacet
  facet normal 0.6087614290087169 -0.7933533402912379 0
    outer loop
      vertex 29.794305745404184 -12.676608177155968 0
      vertex 30.07115043874616 -12.464177772475914 23.8
      vertex 29.794305745404184 -12.676608177155968 23.8
    endloop
  endfacet
  facet normal 0.6755902076156626 -0.7372773368101221 0
    outer loop
      vertex 30.32842712474619 -12.22842712474619 0
      vertex 30.32842712474619 -12.22842712474619 23.8
      vertex 30.07115043874616 -12.464177772475914 23.8
    endloop
  endfacet
  facet normal 0.7372773368101271 -0.675590207615657 0
    outer loop
      vertex 30.56417777247591 -11.971150438746157 0
      vertex 30.56417777247591 -11.971150438746157 23.8
      vertex 30.32842712474619 -12.22842712474619 23.8
    endloop
  endfacet
  facet normal 0.7933533402912336 -0.6087614290087225 0
    outer loop
      vertex 30.56417777247591 -11.971150438746157 0
      vertex 30.776608177155968 -11.694305745404185 23.8
      vertex 30.56417777247591 -11.971150438746157 23.8
    endloop
  endfacet
  facet normal 0.8433914458128876 -0.5372996083468209 0
    outer loop
      vertex 30.964101615137753 -11.4 0
      vertex 30.964101615137753 -11.4 23.8
      vertex 30.776608177155968 -11.694305745404185 23.8
    endloop
  endfacet
  facet normal 0.8870108331782205 -0.4617486132350364 0
    outer loop
      vertex 31.1252311481466 -11.090473046962797 0
      vertex 31.1252311481466 -11.090473046962797 23.8
      vertex 30.964101615137753 -11.4 23.8
    endloop
  endfacet
  facet normal 0.9238795325112846 -0.382683432365095 0
    outer loop
      vertex 31.1252311481466 -11.090473046962797 0
      vertex 31.258770483143635 -10.768080573302676 23.8
      vertex 31.1252311481466 -11.090473046962797 23.8
    endloop
  endfacet
  facet normal 0.9537169507482275 -0.30070579950427123 0
    outer loop
      vertex 31.258770483143635 -10.768080573302676 0
      vertex 31.363703305156275 -10.435276180410083 23.8
      vertex 31.258770483143635 -10.768080573302676 23.8
    endloop
  endfacet
  facet normal 0.976296007119934 -0.21643961393810024 0
    outer loop
      vertex 31.439231012048833 -10.094592710667722 0
      vertex 31.439231012048833 -10.094592710667722 23.8
      vertex 31.363703305156275 -10.435276180410083 23.8
    endloop
  endfacet
  facet normal 0.9914448613738108 -0.1305261922200481 0
    outer loop
      vertex 31.439231012048833 -10.094592710667722 0
      vertex 31.48477879236698 -9.748622970990633 23.8
      vertex 31.439231012048833 -10.094592710667722 23.8
    endloop
  endfacet
  facet normal 0.9990482215818577 -0.043619387365338415 0
    outer loop
      vertex 31.5 -9.4 0
      vertex 31.5 -9.4 23.8
      vertex 31.48477879236698 -9.748622970990633 23.8
    endloop
  endfacet
  facet normal 0 0 1
    outer loop
      vertex 24 -11 23.8
      vertex 29.190473046962797 -13.0252311481466 23.8
      vertex 24.174311485495316 -10.99238939618349 23.8
    endloop
  endfacet
  facet normal 0 0 1
    outer loop
      vertex 24.174311485495316 -10.99238939618349 23.8
      vertex 29.190473046962797 -13.0252311481466 23.8
      vertex 24.34729635533386 -10.969615506024416 23.8
    endloop
  endfacet
  facet normal 0 0 1
    outer loop
      vertex 24.34729635533386 -10.969615506024416 23.8
      vertex 29.190473046962797 -13.0252311481466 23.8
      vertex 24.51763809020504 -10.931851652578137 23.8
    endloop
  endfacet
  facet normal 0 0 1
    outer loop
      vertex 24.51763809020504 -10.931851652578137 23.8
      vertex 29.190473046962797 -13.0252311481466 23.8
      vertex 24.68404028665134 -10.879385241571818 23.8
    endloop
  endfacet
  facet normal 0 0 1
    outer loop
      vertex 24.68404028665134 -10.879385241571818 23.8
      vertex 29.190473046962797 -13.0252311481466 23.8
      vertex 24.8452365234814 -10.8126155740733 23.8
    endloop
  endfacet
  facet normal 0 0 1
    outer loop
      vertex 24.8452365234814 -10.8126155740733 23.8
      vertex 29.190473046962797 -13.0252311481466 23.8
      vertex 25 -10.732050807568877 23.8
    endloop
  endfacet
  facet normal 0 0 1
    outer loop
      vertex 25 -10.732050807568877 23.8
      vertex 29.190473046962797 -13.0252311481466 23.8
      vertex 25.147152872702094 -10.638304088577984 23.8
    endloop
  endfacet
  facet normal 0 0 1
    outer loop
      vertex 25.147152872702094 -10.638304088577984 23.8
      vertex 29.190473046962797 -13.0252311481466 23.8
      vertex 25.28557521937308 -10.532088886237956 23.8
    endloop
  endfacet
  facet normal 0 0 1
    outer loop
      vertex 25.28557521937308 -10.532088886237956 23.8
      vertex 29.190473046962797 -13.0252311481466 23.8
      vertex 25.414213562373096 -10.414213562373096 23.8
    endloop
  endfacet
  facet normal 0 0 1
    outer loop
      vertex 25.414213562373096 -10.414213562373096 23.8
      vertex 29.190473046962797 -13.0252311481466 23.8
      vertex 25.532088886237958 -10.28557521937308 23.8
    endloop
  endfacet
  facet normal 0 0 1
    outer loop
      vertex 25.532088886237958 -10.28557521937308 23.8
      vertex 29.190473046962797 -13.0252311481466 23.8
      vertex 25.638304088577982 -10.147152872702092 23.8
    endloop
  endfacet
  facet normal 0 0 1
    outer loop
      vertex 25.638304088577982 -10.147152872702092 23.8
      vertex 29.190473046962797 -13.0252311481466 23.8
      vertex 25.73205080756888 -10 23.8
    endloop
  endfacet
  facet normal 0 0 1
    outer loop
      vertex 29.190473046962797 -13.0252311481466 23.8
      vertex 25.8126155740733 -9.845236523481399 23.8
      vertex 25.73205080756888 -10 23.8
    endloop
  endfacet
  facet normal 0 0 1
    outer loop
      vertex 29.190473046962797 -13.0252311481466 23.8
      vertex 25.879385241571818 -9.684040286651337 23.8
      vertex 25.8126155740733 -9.845236523481399 23.8
    endloop
  endfacet
  facet normal 0 0 1
    outer loop
      vertex 29.190473046962797 -13.0252311481466 23.8
      vertex 25.931851652578136 -9.517638090205041 23.8
      vertex 25.879385241571818 -9.684040286651337 23.8
    endloop
  endfacet
  facet normal 0 0 1
    outer loop
      vertex 29.190473046962797 -13.0252311481466 23.8
      vertex 25.969615506024414 -9.34729635533386 23.8
      vertex 25.931851652578136 -9.517638090205041 23.8
    endloop
  endfacet
  facet normal 0 0 1
    outer loop
      vertex 29.190473046962797 -13.0252311481466 23.8
      vertex 25.99238939618349 -9.174311485495316 23.8
      vertex 25.969615506024414 -9.34729635533386 23.8
    endloop
  endfacet
  facet normal 0 0 1
    outer loop
      vertex 29.190473046962797 -13.0252311481466 23.8
      vertex 26 -9 23.8
      vertex 25.99238939618349 -9.174311485495316 23.8
    endloop
  endfacet
  facet normal 0 0 1
    outer loop
      vertex 27.5 -13.4 23.8
      vertex 27.848622970990633 -13.384778792366983 23.8
      vertex 28.19459271066772 -13.339231012048833 23.8
    endloop
  endfacet
  facet normal 0 0 1
    outer loop
      vertex 27.5 -13.4 23.8
      vertex 28.19459271066772 -13.339231012048833 23.8
      vertex 29.190473046962797 -13.0252311481466 23.8
    endloop
  endfacet
  facet normal 0 0 1
    outer loop
      vertex 28.19459271066772 -13.339231012048833 23.8
      vertex 28.535276180410083 -13.263703305156273 23.8
      vertex 28.868080573302674 -13.158770483143634 23.8
    endloop
  endfacet
  facet normal 0 0 1
    outer loop
      vertex 28.19459271066772 -13.339231012048833 23.8
      vertex 28.868080573302674 -13.158770483143634 23.8
      vertex 29.190473046962797 -13.0252311481466 23.8
    endloop
  endfacet
  facet normal 0 0 1
    outer loop
      vertex 29.190473046962797 -13.0252311481466 23.8
      vertex 29.5 -12.864101615137756 23.8
      vertex 30.07115043874616 -12.464177772475914 23.8
    endloop
  endfacet
  facet normal 0 0 1
    outer loop
      vertex 29.5 -12.864101615137756 23.8
      vertex 29.794305745404184 -12.676608177155968 23.8
      vertex 30.07115043874616 -12.464177772475914 23.8
    endloop
  endfacet
  facet normal 0 0 1
    outer loop
      vertex 29.190473046962797 -13.0252311481466 23.8
      vertex 30.07115043874616 -12.464177772475914 23.8
      vertex 30.776608177155968 -11.694305745404185 23.8
    endloop
  endfacet
  facet normal 0 0 1
    outer loop
      vertex 30.07115043874616 -12.464177772475914 23.8
      vertex 30.32842712474619 -12.22842712474619 23.8
      vertex 30.776608177155968 -11.694305745404185 23.8
    endloop
  endfacet
  facet normal 0 0 1
    outer loop
      vertex 30.32842712474619 -12.22842712474619 23.8
      vertex 30.56417777247591 -11.971150438746157 23.8
      vertex 30.776608177155968 -11.694305745404185 23.8
    endloop
  endfacet
  facet normal 0 0 1
    outer loop
      vertex 29.190473046962797 -13.0252311481466 23.8
      vertex 30.776608177155968 -11.694305745404185 23.8
      vertex 31.48477879236698 -9.748622970990633 23.8
    endloop
  endfacet
  facet normal 0 0 1
    outer loop
      vertex 30.776608177155968 -11.694305745404185 23.8
      vertex 30.964101615137753 -11.4 23.8
      vertex 31.258770483143635 -10.768080573302676 23.8
    endloop
  endfacet
  facet normal 0 0 1
    outer loop
      vertex 30.964101615137753 -11.4 23.8
      vertex 31.1252311481466 -11.090473046962797 23.8
      vertex 31.258770483143635 -10.768080573302676 23.8
    endloop
  endfacet
  facet normal 0 0 1
    outer loop
      vertex 30.776608177155968 -11.694305745404185 23.8
      vertex 31.258770483143635 -10.768080573302676 23.8
      vertex 31.48477879236698 -9.748622970990633 23.8
    endloop
  endfacet
  facet normal 0 0 1
    outer loop
      vertex 31.258770483143635 -10.768080573302676 23.8
      vertex 31.363703305156275 -10.435276180410083 23.8
      vertex 31.48477879236698 -9.748622970990633 23.8
    endloop
  endfacet
  facet normal 0 0 1
    outer loop
      vertex 31.363703305156275 -10.435276180410083 23.8
      vertex 31.439231012048833 -10.094592710667722 23.8
      vertex 31.48477879236698 -9.748622970990633 23.8
    endloop
  endfacet
  facet normal 0 0 1
    outer loop
      vertex 29.190473046962797 -13.0252311481466 23.8
      vertex 27.537564434701785 -0.7 23.8
      vertex 26 -9 23.8
    endloop
  endfacet
  facet normal 1 0 0
    outer loop
      vertex 31.5 -9.4 0
      vertex 31.5 9.4 23.8
      vertex 31.5 -9.4 23.8
    endloop
  endfacet
  facet normal 0 0 1
    outer loop
      vertex 26 -9 23.8
      vertex 27.537564434701785 -0.7 23.8
      vertex 27.48116909814869 -0.5916655664369792 23.8
    endloop
  endfacet
  facet normal 0 0 1
    outer loop
      vertex 26 -9 23.8
      vertex 27.48116909814869 -0.5916655664369792 23.8
      vertex 27.43443033089973 -0.4788282006559362 23.8
    endloop
  endfacet
  facet normal 0 0 1
    outer loop
      vertex 29.190473046962797 -13.0252311481466 23.8
      vertex 27.850097346438844 -1.0724622203665692 23.8
      vertex 27.760050506338832 -0.9899494936611666 23.8
    endloop
  endfacet
  facet normal 0 0 1
    outer loop
      vertex 29.190473046962797 -13.0252311481466 23.8
      vertex 28.271171799344064 -1.3155696691002716 23.8
      vertex 28.15833443356302 -1.2688309018513098 23.8
    endloop
  endfacet
  facet normal 0 0 1
    outer loop
      vertex 29.190473046962797 -13.0252311481466 23.8
      vertex 28.15833443356302 -1.2688309018513098 23.8
      vertex 28.05 -1.212435565298214 23.8
    endloop
  endfacet
  facet normal 0 0 1
    outer loop
      vertex 29.190473046962797 -13.0252311481466 23.8
      vertex 27.946992989108537 -1.1468128620045885 23.8
      vertex 27.850097346438844 -1.0724622203665692 23.8
    endloop
  endfacet
  facet normal 0 0 1
    outer loop
      vertex 29.190473046962797 -13.0252311481466 23.8
      vertex 28.05 -1.212435565298214 23.8
      vertex 27.946992989108537 -1.1468128620045885 23.8
    endloop
  endfacet
  facet normal 0 0 1
    outer loop
      vertex 29.190473046962797 -13.0252311481466 23.8
      vertex 28.506892551266297 -1.378730854217091 23.8
      vertex 28.38765333685647 -1.3522961568046956 23.8
    endloop
  endfacet
  facet normal 0 0 1
    outer loop
      vertex 29.190473046962797 -13.0252311481466 23.8
      vertex 28.627981960153278 -1.3946725773284436 23.8
      vertex 28.506892551266297 -1.378730854217091 23.8
    endloop
  endfacet
  facet normal 0 0 1
    outer loop
      vertex 29.190473046962797 -13.0252311481466 23.8
      vertex 28.75 -1.4 23.8
      vertex 28.627981960153278 -1.3946725773284436 23.8
    endloop
  endfacet
  facet normal 0 0 1
    outer loop
      vertex 29.190473046962797 -13.0252311481466 23.8
      vertex 28.872018039846722 -1.3946725773284436 23.8
      vertex 28.75 -1.4 23.8
    endloop
  endfacet
  facet normal 0 0 1
    outer loop
      vertex 29.190473046962797 -13.0252311481466 23.8
      vertex 28.993107448733703 -1.378730854217091 23.8
      vertex 28.872018039846722 -1.3946725773284436 23.8
    endloop
  endfacet
  facet normal 0 0 1
    outer loop
      vertex 29.190473046962797 -13.0252311481466 23.8
      vertex 28.38765333685647 -1.3522961568046956 23.8
      vertex 28.271171799344064 -1.3155696691002716 23.8
    endloop
  endfacet
  facet normal 0 0 1
    outer loop
      vertex 29.190473046962797 -13.0252311481466 23.8
      vertex 29.11234666314353 -1.3522961568046956 23.8
      vertex 28.993107448733703 -1.378730854217091 23.8
    endloop
  endfacet
  facet normal 0 0 1
    outer loop
      vertex 29.190473046962797 -13.0252311481466 23.8
      vertex 29.228828200655936 -1.3155696691002716 23.8
      vertex 29.11234666314353 -1.3522961568046956 23.8
    endloop
  endfacet
  facet normal 0 0 1
    outer loop
      vertex 29.190473046962797 -13.0252311481466 23.8
      vertex 29.34166556643698 -1.2688309018513098 23.8
      vertex 29.228828200655936 -1.3155696691002716 23.8
    endloop
  endfacet
  facet normal 0 0 1
    outer loop
      vertex 29.190473046962797 -13.0252311481466 23.8
      vertex 29.45 -1.212435565298214 23.8
      vertex 29.34166556643698 -1.2688309018513098 23.8
    endloop
  endfacet
  facet normal 0 0 1
    outer loop
      vertex 29.190473046962797 -13.0252311481466 23.8
      vertex 29.553007010891463 -1.1468128620045885 23.8
      vertex 29.45 -1.212435565298214 23.8
    endloop
  endfacet
  facet normal 0 0 1
    outer loop
      vertex 29.190473046962797 -13.0252311481466 23.8
      vertex 29.649902653561156 -1.0724622203665692 23.8
      vertex 29.553007010891463 -1.1468128620045885 23.8
    endloop
  endfacet
  facet normal 0 0 1
    outer loop
      vertex 29.190473046962797 -13.0252311481466 23.8
      vertex 29.739949493661168 -0.9899494936611666 23.8
      vertex 29.649902653561156 -1.0724622203665692 23.8
    endloop
  endfacet
  facet normal 0 0 1
    outer loop
      vertex 29.190473046962797 -13.0252311481466 23.8
      vertex 27.760050506338832 -0.9899494936611666 23.8
      vertex 27.677537779633433 -0.8999026535611548 23.8
    endloop
  endfacet
  facet normal 0 0 1
    outer loop
      vertex 29.190473046962797 -13.0252311481466 23.8
      vertex 27.677537779633433 -0.8999026535611548 23.8
      vertex 27.603187137995413 -0.8030070108914644 23.8
    endloop
  endfacet
  facet normal 0 0 1
    outer loop
      vertex 29.190473046962797 -13.0252311481466 23.8
      vertex 27.603187137995413 -0.8030070108914644 23.8
      vertex 27.537564434701785 -0.7 23.8
    endloop
  endfacet
  facet normal 0 0 1
    outer loop
      vertex 29.190473046962797 -13.0252311481466 23.8
      vertex 29.822462220366567 -0.8999026535611548 23.8
      vertex 29.739949493661168 -0.9899494936611666 23.8
    endloop
  endfacet
  facet normal 0 0 1
    outer loop
      vertex 29.190473046962797 -13.0252311481466 23.8
      vertex 29.896812862004587 -0.8030070108914644 23.8
      vertex 29.822462220366567 -0.8999026535611548 23.8
    endloop
  endfacet
  facet normal 0 0 1
    outer loop
      vertex 29.190473046962797 -13.0252311481466 23.8
      vertex 29.962435565298215 -0.7 23.8
      vertex 29.896812862004587 -0.8030070108914644 23.8
    endloop
  endfacet
  facet normal 0 0 1
    outer loop
      vertex 29.190473046962797 -13.0252311481466 23.8
      vertex 30.01883090185131 -0.5916655664369792 23.8
      vertex 29.962435565298215 -0.7 23.8
    endloop
  endfacet
  facet normal 0 0 1
    outer loop
      vertex 29.190473046962797 -13.0252311481466 23.8
      vertex 30.06556966910027 -0.4788282006559362 23.8
      vertex 30.01883090185131 -0.5916655664369792 23.8
    endloop
  endfacet
  facet normal 0 0 1
    outer loop
      vertex 29.190473046962797 -13.0252311481466 23.8
      vertex 30.102296156804695 -0.36234666314352904 23.8
      vertex 30.06556966910027 -0.4788282006559362 23.8
    endloop
  endfacet
  facet normal 0 0 1
    outer loop
      vertex 29.190473046962797 -13.0252311481466 23.8
      vertex 30.128730854217093 -0.24310744873370244 23.8
      vertex 30.102296156804695 -0.36234666314352904 23.8
    endloop
  endfacet
  facet normal 0 0 1
    outer loop
      vertex 29.190473046962797 -13.0252311481466 23.8
      vertex 31.48477879236698 -9.748622970990633 23.8
      vertex 31.5 9.4 23.8
    endloop
  endfacet
  facet normal 0 0 1
    outer loop
      vertex 26 -9 23.8
      vertex 27.43443033089973 -0.4788282006559362 23.8
      vertex 27.397703843195305 -0.36234666314352904 23.8
    endloop
  endfacet
  facet normal 0 0 1
    outer loop
      vertex 26 -9 23.8
      vertex 27.397703843195305 -0.36234666314352904 23.8
      vertex 27.371269145782907 -0.24310744873370244 23.8
    endloop
  endfacet
  facet normal 0 0 1
    outer loop
      vertex 26 -9 23.8
      vertex 27.371269145782907 -0.24310744873370244 23.8
      vertex 27.355327422671557 -0.12201803984672142 23.8
    endloop
  endfacet
  facet normal 0 0 1
    outer loop
      vertex 26 -9 23.8
      vertex 27.355327422671557 -0.12201803984672142 23.8
      vertex 27.35 0 23.8
    endloop
  endfacet
  facet normal 0 0 1
    outer loop
      vertex 26 -9 23.8
      vertex 27.35 0 23.8
      vertex 27.355327422671557 0.12201803984672142 23.8
    endloop
  endfacet
  facet normal 0 0 1
    outer loop
      vertex 26 -9 23.8
      vertex 27.355327422671557 0.12201803984672142 23.8
      vertex 27.371269145782907 0.24310744873370244 23.8
    endloop
  endfacet
  facet normal 0 0 1
    outer loop
      vertex 31.48477879236698 -9.748622970990633 23.8
      vertex 31.5 -9.4 23.8
      vertex 31.5 9.4 23.8
    endloop
  endfacet
  facet normal 0 0 1
    outer loop
      vertex 29.190473046962797 -13.0252311481466 23.8
      vertex 31.5 9.4 23.8
      vertex 30.128730854217093 -0.24310744873370244 23.8
    endloop
  endfacet
  facet normal 0 0 -1
    outer loop
      vertex -28.868080573302674 13.158770483143634 0
      vertex 28.868080573302674 13.158770483143634 0
      vertex 9.15 1.4722431864335457 0
    endloop
  endfacet
  facet normal 0 0 -1
    outer loop
      vertex -27.5 13.4 0
      vertex 27.5 13.4 0
      vertex 28.868080573302674 13.158770483143634 0
    endloop
  endfacet
  facet normal 0 1 0
    outer loop
      vertex -27.5 13.4 0
      vertex 27.5 13.4 23.8
      vertex 27.5 13.4 0
    endloop
  endfacet
  facet normal 0 0 -1
    outer loop
      vertex 11.642073904691417 -0.43999237667428526 0
      vertex 11.674173180120754 -0.29520190203378155 0
      vertex 28.868080573302674 13.158770483143634 0
    endloop
  endfacet
  facet normal 0 0 -1
    outer loop
      vertex 11.674173180120754 -0.29520190203378155 0
      vertex 11.693530986755967 -0.14816476267101888 0
      vertex 28.868080573302674 13.158770483143634 0
    endloop
  endfacet
  facet normal 0 0 -1
    outer loop
      vertex 11.693530986755967 -0.14816476267101888 0
      vertex 11.7 0 0
      vertex 28.868080573302674 13.158770483143634 0
    endloop
  endfacet
  facet normal 0 0 -1
    outer loop
      vertex 11.7 0 0
      vertex 11.693530986755967 0.14816476267101888 0
      vertex 28.868080573302674 13.158770483143634 0
    endloop
  endfacet
  facet normal 0 0 -1
    outer loop
      vertex 11.693530986755967 0.14816476267101888 0
      vertex 11.674173180120754 0.29520190203378155 0
      vertex 28.868080573302674 13.158770483143634 0
    endloop
  endfacet
  facet normal 0 0 -1
    outer loop
      vertex 11.674173180120754 0.29520190203378155 0
      vertex 11.642073904691417 0.43999237667428526 0
      vertex 28.868080573302674 13.158770483143634 0
    endloop
  endfacet
  facet normal 0 0 -1
    outer loop
      vertex 11.642073904691417 0.43999237667428526 0
      vertex 11.597477455336044 0.5814342436536368 0
      vertex 28.868080573302674 13.158770483143634 0
    endloop
  endfacet
  facet normal 0 0 -1
    outer loop
      vertex 11.597477455336044 0.5814342436536368 0
      vertex 11.540723237962304 0.718451044959189 0
      vertex 28.868080573302674 13.158770483143634 0
    endloop
  endfacet
  facet normal 0 0 -1
    outer loop
      vertex 11.540723237962304 0.718451044959189 0
      vertex 11.472243186433545 0.85 0
      vertex 28.868080573302674 13.158770483143634 0
    endloop
  endfacet
  facet normal 0 0 -1
    outer loop
      vertex 11.472243186433545 0.85 0
      vertex 11.392558475291287 0.9750799417967783 0
      vertex 28.868080573302674 13.158770483143634 0
    endloop
  endfacet
  facet normal 0 0 -1
    outer loop
      vertex 9.15 1.4722431864335457 0
      vertex 28.868080573302674 13.158770483143634 0
      vertex 9.281548955040812 1.5407232379623048 0
    endloop
  endfacet
  facet normal 0 0 -1
    outer loop
      vertex 9.281548955040812 1.5407232379623048 0
      vertex 28.868080573302674 13.158770483143634 0
      vertex 9.418565756346363 1.5974774553360442 0
    endloop
  endfacet
  facet normal 0 0 -1
    outer loop
      vertex 10.581434243653637 1.5974774553360442 0
      vertex 28.868080573302674 13.158770483143634 0
      vertex 10.718451044959188 1.5407232379623048 0
    endloop
  endfacet
  facet normal 0 0 -1
    outer loop
      vertex 9.418565756346363 1.5974774553360442 0
      vertex 28.868080573302674 13.158770483143634 0
      vertex 9.560007623325715 1.6420739046914161 0
    endloop
  endfacet
  facet normal 0 0 -1
    outer loop
      vertex 9.560007623325715 1.6420739046914161 0
      vertex 28.868080573302674 13.158770483143634 0
      vertex 9.704798097966219 1.6741731801207536 0
    endloop
  endfacet
  facet normal 0 0 -1
    outer loop
      vertex 9.704798097966219 1.6741731801207536 0
      vertex 28.868080573302674 13.158770483143634 0
      vertex 9.85183523732898 1.6935309867559674 0
    endloop
  endfacet
  facet normal 0 0 -1
    outer loop
      vertex 9.85183523732898 1.6935309867559674 0
      vertex 28.868080573302674 13.158770483143634 0
      vertex 10 1.7 0
    endloop
  endfacet
  facet normal 0 0 -1
    outer loop
      vertex 10 1.7 0
      vertex 28.868080573302674 13.158770483143634 0
      vertex 10.14816476267102 1.6935309867559674 0
    endloop
  endfacet
  facet normal 0 0 -1
    outer loop
      vertex 10.295201902033781 1.6741731801207536 0
      vertex 10.14816476267102 1.6935309867559674 0
      vertex 28.868080573302674 13.158770483143634 0
    endloop
  endfacet
  facet normal 0 0 -1
    outer loop
      vertex 10.295201902033781 1.6741731801207536 0
      vertex 28.868080573302674 13.158770483143634 0
      vertex 10.439992376674285 1.6420739046914161 0
    endloop
  endfacet
  facet normal 0 0 -1
    outer loop
      vertex 10.439992376674285 1.6420739046914161 0
      vertex 28.868080573302674 13.158770483143634 0
      vertex 10.581434243653637 1.5974774553360442 0
    endloop
  endfacet
  facet normal 0 0 -1
    outer loop
      vertex 11.302275553302263 1.0927389364671167 0
      vertex 28.868080573302674 13.158770483143634 0
      vertex 11.392558475291287 0.9750799417967783 0
    endloop
  endfacet
  facet normal 0 0 -1
    outer loop
      vertex 11.20208152801713 1.2020815280171309 0
      vertex 11.092738936467116 1.3022755533022627 0
      vertex 28.868080573302674 13.158770483143634 0
    endloop
  endfacet
  facet normal 0 0 -1
    outer loop
      vertex 11.302275553302263 1.0927389364671167 0
      vertex 11.20208152801713 1.2020815280171309 0
      vertex 28.868080573302674 13.158770483143634 0
    endloop
  endfacet
  facet normal 0 0 -1
    outer loop
      vertex 10.975079941796778 1.392558475291286 0
      vertex 28.868080573302674 13.158770483143634 0
      vertex 11.092738936467116 1.3022755533022627 0
    endloop
  endfacet
  facet normal 0 0 -1
    outer loop
      vertex 10.718451044959188 1.5407232379623048 0
      vertex 28.868080573302674 13.158770483143634 0
      vertex 10.85 1.4722431864335457 0
    endloop
  endfacet
  facet normal 0 0 -1
    outer loop
      vertex 10.975079941796778 1.392558475291286 0
      vertex 10.85 1.4722431864335457 0
      vertex 28.868080573302674 13.158770483143634 0
    endloop
  endfacet
  facet normal 0 0 -1
    outer loop
      vertex 11.642073904691417 -0.43999237667428526 0
      vertex 28.868080573302674 13.158770483143634 0
      vertex 31.5 -9.4 0
    endloop
  endfacet
  facet normal 0 0 -1
    outer loop
      vertex 31.5 -9.4 0
      vertex 31.48477879236698 9.748622970990633 0
      vertex 31.5 9.4 0
    endloop
  endfacet
  facet normal 0 0 -1
    outer loop
      vertex 31.5 -9.4 0
      vertex 28.868080573302674 13.158770483143634 0
      vertex 31.48477879236698 9.748622970990633 0
    endloop
  endfacet
  facet normal 1 0 0
    outer loop
      vertex 31.5 -9.4 0
      vertex 31.5 9.4 0
      vertex 31.5 9.4 23.8
    endloop
  endfacet
  facet normal 0 0 -1
    outer loop
      vertex 31.48477879236698 9.748622970990633 0
      vertex 31.363703305156275 10.435276180410083 0
      vertex 31.439231012048833 10.094592710667722 0
    endloop
  endfacet
  facet normal 0 0 -1
    outer loop
      vertex 31.48477879236698 9.748622970990633 0
      vertex 30.964101615137753 11.4 0
      vertex 31.363703305156275 10.435276180410083 0
    endloop
  endfacet
  facet normal 0 0 -1
    outer loop
      vertex 31.363703305156275 10.435276180410083 0
      vertex 30.964101615137753 11.4 0
      vertex 31.258770483143635 10.768080573302676 0
    endloop
  endfacet
  facet normal 0 0 -1
    outer loop
      vertex 31.48477879236698 9.748622970990633 0
      vertex 28.868080573302674 13.158770483143634 0
      vertex 30.776608177155968 11.694305745404185 0
    endloop
  endfacet
  facet normal 0 0 -1
    outer loop
      vertex 31.48477879236698 9.748622970990633 0
      vertex 30.776608177155968 11.694305745404185 0
      vertex 30.964101615137753 11.4 0
    endloop
  endfacet
  facet normal 0 0 -1
    outer loop
      vertex 31.258770483143635 10.768080573302676 0
      vertex 30.964101615137753 11.4 0
      vertex 31.1252311481466 11.090473046962797 0
    endloop
  endfacet
  facet normal 0 0 -1
    outer loop
      vertex 27.5 13.4 0
      vertex 27.848622970990633 13.384778792366983 0
      vertex 28.19459271066772 13.339231012048833 0
    endloop
  endfacet
  facet normal 0 0 -1
    outer loop
      vertex 27.5 13.4 0
      vertex 28.19459271066772 13.339231012048833 0
      vertex 28.868080573302674 13.158770483143634 0
    endloop
  endfacet
  facet normal 0 0 -1
    outer loop
      vertex 28.19459271066772 13.339231012048833 0
      vertex 28.535276180410083 13.263703305156273 0
      vertex 28.868080573302674 13.158770483143634 0
    endloop
  endfacet
  facet normal 0 0 -1
    outer loop
      vertex 29.5 12.864101615137756 0
      vertex 30.07115043874616 12.464177772475914 0
      vertex 28.868080573302674 13.158770483143634 0
    endloop
  endfacet
  facet normal 0 0 -1
    outer loop
      vertex 29.5 12.864101615137756 0
      vertex 28.868080573302674 13.158770483143634 0
      vertex 29.190473046962797 13.0252311481466 0
    endloop
  endfacet
  facet normal 0 0 -1
    outer loop
      vertex 30.776608177155968 11.694305745404185 0
      vertex 30.07115043874616 12.464177772475914 0
      vertex 30.32842712474619 12.22842712474619 0
    endloop
  endfacet
  facet normal 0 0 -1
    outer loop
      vertex 30.776608177155968 11.694305745404185 0
      vertex 28.868080573302674 13.158770483143634 0
      vertex 30.07115043874616 12.464177772475914 0
    endloop
  endfacet
  facet normal 0 0 -1
    outer loop
      vertex 30.776608177155968 11.694305745404185 0
      vertex 30.32842712474619 12.22842712474619 0
      vertex 30.56417777247591 11.971150438746157 0
    endloop
  endfacet
  facet normal 0 0 -1
    outer loop
      vertex 29.5 12.864101615137756 0
      vertex 29.794305745404184 12.676608177155968 0
      vertex 30.07115043874616 12.464177772475914 0
    endloop
  endfacet
  facet normal 0.9990482215818577 0.043619387365338415 0
    outer loop
      vertex 31.5 9.4 0
      vertex 31.48477879236698 9.748622970990633 0
      vertex 31.5 9.4 23.8
    endloop
  endfacet
  facet normal 0.9914448613738108 0.1305261922200481 0
    outer loop
      vertex 31.48477879236698 9.748622970990633 0
      vertex 31.439231012048833 10.094592710667722 0
      vertex 31.439231012048833 10.094592710667722 23.8
    endloop
  endfacet
  facet normal 0.976296007119934 0.21643961393810024 0
    outer loop
      vertex 31.439231012048833 10.094592710667722 0
      vertex 31.363703305156275 10.435276180410083 0
      vertex 31.439231012048833 10.094592710667722 23.8
    endloop
  endfacet
  facet normal 0.9537169507482275 0.30070579950427123 0
    outer loop
      vertex 31.363703305156275 10.435276180410083 0
      vertex 31.258770483143635 10.768080573302676 0
      vertex 31.363703305156275 10.435276180410083 23.8
    endloop
  endfacet
  facet normal 0.9238795325112846 0.382683432365095 0
    outer loop
      vertex 31.258770483143635 10.768080573302676 0
      vertex 31.1252311481466 11.090473046962797 0
      vertex 31.1252311481466 11.090473046962797 23.8
    endloop
  endfacet
  facet normal 0.8870108331782205 0.4617486132350364 0
    outer loop
      vertex 31.1252311481466 11.090473046962797 0
      vertex 30.964101615137753 11.4 0
      vertex 31.1252311481466 11.090473046962797 23.8
    endloop
  endfacet
  facet normal 0.8433914458128876 0.5372996083468209 0
    outer loop
      vertex 30.964101615137753 11.4 0
      vertex 30.776608177155968 11.694305745404185 0
      vertex 30.776608177155968 11.694305745404185 23.8
    endloop
  endfacet
  facet normal 0.04361938736533333 0.9990482215818579 0
    outer loop
      vertex 27.5 13.4 0
      vertex 27.5 13.4 23.8
      vertex 27.848622970990633 13.384778792366983 0
    endloop
  endfacet
  facet normal 0.1305261922200538 0.9914448613738102 0
    outer loop
      vertex 27.848622970990633 13.384778792366983 0
      vertex 28.19459271066772 13.339231012048833 23.8
      vertex 28.19459271066772 13.339231012048833 0
    endloop
  endfacet
  facet normal 0.21643961393810401 0.976296007119933 0
    outer loop
      vertex 28.19459271066772 13.339231012048833 0
      vertex 28.19459271066772 13.339231012048833 23.8
      vertex 28.535276180410083 13.263703305156273 0
    endloop
  endfacet
  facet normal 0.4617486132350324 0.8870108331782226 0
    outer loop
      vertex 29.5 12.864101615137756 0
      vertex 29.190473046962797 13.0252311481466 0
      vertex 29.5 12.864101615137756 23.8
    endloop
  endfacet
  facet normal 0.3826834323650889 0.9238795325112872 0
    outer loop
      vertex 28.868080573302674 13.158770483143634 0
      vertex 28.868080573302674 13.158770483143634 23.8
      vertex 29.190473046962797 13.0252311481466 0
    endloop
  endfacet
  facet normal 0.30070579950427273 0.953716950748227 0
    outer loop
      vertex 28.535276180410083 13.263703305156273 0
      vertex 28.868080573302674 13.158770483143634 23.8
      vertex 28.868080573302674 13.158770483143634 0
    endloop
  endfacet
  facet normal 0.7372773368101271 0.675590207615657 0
    outer loop
      vertex 30.32842712474619 12.22842712474619 0
      vertex 30.32842712474619 12.22842712474619 23.8
      vertex 30.56417777247591 11.971150438746157 0
    endloop
  endfacet
  facet normal 0.6087614290087169 0.7933533402912379 0
    outer loop
      vertex 30.07115043874616 12.464177772475914 0
      vertex 29.794305745404184 12.676608177155968 0
      vertex 30.07115043874616 12.464177772475914 23.8
    endloop
  endfacet
  facet normal 0.6755902076156626 0.7372773368101221 0
    outer loop
      vertex 30.32842712474619 12.22842712474619 0
      vertex 30.07115043874616 12.464177772475914 0
      vertex 30.07115043874616 12.464177772475914 23.8
    endloop
  endfacet
  facet normal 0.7933533402912336 0.6087614290087225 0
    outer loop
      vertex 30.776608177155968 11.694305745404185 0
      vertex 30.56417777247591 11.971150438746157 0
      vertex 30.776608177155968 11.694305745404185 23.8
    endloop
  endfacet
  facet normal 0.5372996083468246 0.8433914458128853 0
    outer loop
      vertex 29.5 12.864101615137756 0
      vertex 29.5 12.864101615137756 23.8
      vertex 29.794305745404184 12.676608177155968 0
    endloop
  endfacet
  facet normal 0 0 1
    outer loop
      vertex -29.190473046962797 13.0252311481466 23.8
      vertex 24 11 23.8
      vertex 28.868080573302674 13.158770483143634 23.8
    endloop
  endfacet
  facet normal 0 0 1
    outer loop
      vertex -28.19459271066772 13.339231012048833 23.8
      vertex 28.868080573302674 13.158770483143634 23.8
      vertex 27.5 13.4 23.8
    endloop
  endfacet
  facet normal 0 0 1
    outer loop
      vertex 26 -9 23.8
      vertex 27.371269145782907 0.24310744873370244 23.8
      vertex 26 9 23.8
    endloop
  endfacet
  facet normal 0 0 1
    outer loop
      vertex 27.371269145782907 0.24310744873370244 23.8
      vertex 27.397703843195305 0.36234666314352904 23.8
      vertex 26 9 23.8
    endloop
  endfacet
  facet normal 0 0 1
    outer loop
      vertex 27.397703843195305 0.36234666314352904 23.8
      vertex 27.43443033089973 0.4788282006559362 23.8
      vertex 26 9 23.8
    endloop
  endfacet
  facet normal 0 0 1
    outer loop
      vertex 30.128730854217093 -0.24310744873370244 23.8
      vertex 31.5 9.4 23.8
      vertex 30.144672577328443 -0.12201803984672142 23.8
    endloop
  endfacet
  facet normal 0 0 1
    outer loop
      vertex 30.144672577328443 -0.12201803984672142 23.8
      vertex 31.5 9.4 23.8
      vertex 30.15 0 23.8
    endloop
  endfacet
  facet normal 0 0 1
    outer loop
      vertex 30.15 0 23.8
      vertex 31.5 9.4 23.8
      vertex 30.144672577328443 0.12201803984672142 23.8
    endloop
  endfacet
  facet normal 0 0 1
    outer loop
      vertex 30.144672577328443 0.12201803984672142 23.8
      vertex 31.5 9.4 23.8
      vertex 30.128730854217093 0.24310744873370244 23.8
    endloop
  endfacet
  facet normal 0 0 1
    outer loop
      vertex 30.128730854217093 0.24310744873370244 23.8
      vertex 31.5 9.4 23.8
      vertex 30.102296156804695 0.36234666314352904 23.8
    endloop
  endfacet
  facet normal 0 0 1
    outer loop
      vertex 27.43443033089973 0.4788282006559362 23.8
      vertex 27.48116909814869 0.5916655664369792 23.8
      vertex 26 9 23.8
    endloop
  endfacet
  facet normal 0 0 1
    outer loop
      vertex 27.48116909814869 0.5916655664369792 23.8
      vertex 27.537564434701785 0.7 23.8
      vertex 26 9 23.8
    endloop
  endfacet
  facet normal 0 0 1
    outer loop
      vertex 27.537564434701785 0.7 23.8
      vertex 27.603187137995413 0.8030070108914644 23.8
      vertex 26 9 23.8
    endloop
  endfacet
  facet normal 0 0 1
    outer loop
      vertex 27.603187137995413 0.8030070108914644 23.8
      vertex 27.677537779633433 0.8999026535611548 23.8
      vertex 26 9 23.8
    endloop
  endfacet
  facet normal 0 0 1
    outer loop
      vertex 27.677537779633433 0.8999026535611548 23.8
      vertex 27.760050506338832 0.9899494936611666 23.8
      vertex 26 9 23.8
    endloop
  endfacet
  facet normal 0 0 1
    outer loop
      vertex 27.760050506338832 0.9899494936611666 23.8
      vertex 27.850097346438844 1.0724622203665692 23.8
      vertex 26 9 23.8
    endloop
  endfacet
  facet normal 0 0 1
    outer loop
      vertex 27.850097346438844 1.0724622203665692 23.8
      vertex 27.946992989108537 1.1468128620045885 23.8
      vertex 26 9 23.8
    endloop
  endfacet
  facet normal 0 0 1
    outer loop
      vertex 27.946992989108537 1.1468128620045885 23.8
      vertex 28.05 1.212435565298214 23.8
      vertex 26 9 23.8
    endloop
  endfacet
  facet normal 0 0 1
    outer loop
      vertex 28.05 1.212435565298214 23.8
      vertex 28.15833443356302 1.2688309018513098 23.8
      vertex 26 9 23.8
    endloop
  endfacet
  facet normal 0 0 1
    outer loop
      vertex 28.15833443356302 1.2688309018513098 23.8
      vertex 28.271171799344064 1.3155696691002716 23.8
      vertex 26 9 23.8
    endloop
  endfacet
  facet normal 0 0 1
    outer loop
      vertex 28.271171799344064 1.3155696691002716 23.8
      vertex 28.38765333685647 1.3522961568046956 23.8
      vertex 26 9 23.8
    endloop
  endfacet
  facet normal 0 0 1
    outer loop
      vertex 29.11234666314353 1.3522961568046956 23.8
      vertex 25.99238939618349 9.174311485495316 23.8
      vertex 26 9 23.8
    endloop
  endfacet
  facet normal 0 0 1
    outer loop
      vertex 29.11234666314353 1.3522961568046956 23.8
      vertex 25.969615506024414 9.34729635533386 23.8
      vertex 25.99238939618349 9.174311485495316 23.8
    endloop
  endfacet
  facet normal 0 0 1
    outer loop
      vertex 28.38765333685647 1.3522961568046956 23.8
      vertex 28.506892551266297 1.378730854217091 23.8
      vertex 26 9 23.8
    endloop
  endfacet
  facet normal 0 0 1
    outer loop
      vertex 28.506892551266297 1.378730854217091 23.8
      vertex 28.627981960153278 1.3946725773284436 23.8
      vertex 26 9 23.8
    endloop
  endfacet
  facet normal 0 0 1
    outer loop
      vertex 28.627981960153278 1.3946725773284436 23.8
      vertex 28.75 1.4 23.8
      vertex 26 9 23.8
    endloop
  endfacet
  facet normal 0 0 1
    outer loop
      vertex 28.75 1.4 23.8
      vertex 28.872018039846722 1.3946725773284436 23.8
      vertex 26 9 23.8
    endloop
  endfacet
  facet normal 0 0 1
    outer loop
      vertex 28.872018039846722 1.3946725773284436 23.8
      vertex 28.993107448733703 1.378730854217091 23.8
      vertex 26 9 23.8
    endloop
  endfacet
  facet normal 0 0 1
    outer loop
      vertex 28.993107448733703 1.378730854217091 23.8
      vertex 29.11234666314353 1.3522961568046956 23.8
      vertex 26 9 23.8
    endloop
  endfacet
  facet normal 0 0 1
    outer loop
      vertex 30.01883090185131 0.5916655664369792 23.8
      vertex 31.5 9.4 23.8
      vertex 29.962435565298215 0.7 23.8
    endloop
  endfacet
  facet normal 0 0 1
    outer loop
      vertex 29.962435565298215 0.7 23.8
      vertex 31.5 9.4 23.8
      vertex 29.896812862004587 0.8030070108914644 23.8
    endloop
  endfacet
  facet normal 0 0 1
    outer loop
      vertex 29.739949493661168 0.9899494936611666 23.8
      vertex 29.822462220366567 0.8999026535611548 23.8
      vertex 31.5 9.4 23.8
    endloop
  endfacet
  facet normal 0 0 1
    outer loop
      vertex 29.896812862004587 0.8030070108914644 23.8
      vertex 31.5 9.4 23.8
      vertex 29.822462220366567 0.8999026535611548 23.8
    endloop
  endfacet
  facet normal 0 0 1
    outer loop
      vertex 29.11234666314353 1.3522961568046956 23.8
      vertex 29.228828200655936 1.3155696691002716 23.8
      vertex 31.5 9.4 23.8
    endloop
  endfacet
  facet normal 0 0 1
    outer loop
      vertex 29.649902653561156 1.0724622203665692 23.8
      vertex 31.5 9.4 23.8
      vertex 29.553007010891463 1.1468128620045885 23.8
    endloop
  endfacet
  facet normal 0 0 1
    outer loop
      vertex 29.45 1.212435565298214 23.8
      vertex 31.5 9.4 23.8
      vertex 29.34166556643698 1.2688309018513098 23.8
    endloop
  endfacet
  facet normal 0 0 1
    outer loop
      vertex 29.45 1.212435565298214 23.8
      vertex 29.553007010891463 1.1468128620045885 23.8
      vertex 31.5 9.4 23.8
    endloop
  endfacet
  facet normal 0 0 1
    outer loop
      vertex 29.739949493661168 0.9899494936611666 23.8
      vertex 31.5 9.4 23.8
      vertex 29.649902653561156 1.0724622203665692 23.8
    endloop
  endfacet
  facet normal 0 0 1
    outer loop
      vertex 29.228828200655936 1.3155696691002716 23.8
      vertex 29.34166556643698 1.2688309018513098 23.8
      vertex 31.5 9.4 23.8
    endloop
  endfacet
  facet normal 0 0 1
    outer loop
      vertex 30.102296156804695 0.36234666314352904 23.8
      vertex 31.5 9.4 23.8
      vertex 30.06556966910027 0.4788282006559362 23.8
    endloop
  endfacet
  facet normal 0 0 1
    outer loop
      vertex 30.01883090185131 0.5916655664369792 23.8
      vertex 30.06556966910027 0.4788282006559362 23.8
      vertex 31.5 9.4 23.8
    endloop
  endfacet
  facet normal 0.9990482215818577 0.043619387365338415 0
    outer loop
      vertex 31.48477879236698 9.748622970990633 0
      vertex 31.48477879236698 9.748622970990633 23.8
      vertex 31.5 9.4 23.8
    endloop
  endfacet
  facet normal 0.9914448613738108 0.1305261922200481 0
    outer loop
      vertex 31.48477879236698 9.748622970990633 0
      vertex 31.439231012048833 10.094592710667722 23.8
      vertex 31.48477879236698 9.748622970990633 23.8
    endloop
  endfacet
  facet normal 0.976296007119934 0.21643961393810024 0
    outer loop
      vertex 31.363703305156275 10.435276180410083 0
      vertex 31.363703305156275 10.435276180410083 23.8
      vertex 31.439231012048833 10.094592710667722 23.8
    endloop
  endfacet
  facet normal 0.9537169507482275 0.30070579950427123 0
    outer loop
      vertex 31.258770483143635 10.768080573302676 0
      vertex 31.258770483143635 10.768080573302676 23.8
      vertex 31.363703305156275 10.435276180410083 23.8
    endloop
  endfacet
  facet normal 0.9238795325112846 0.382683432365095 0
    outer loop
      vertex 31.258770483143635 10.768080573302676 0
      vertex 31.1252311481466 11.090473046962797 23.8
      vertex 31.258770483143635 10.768080573302676 23.8
    endloop
  endfacet
  facet normal 0.8870108331782205 0.4617486132350364 0
    outer loop
      vertex 30.964101615137753 11.4 0
      vertex 30.964101615137753 11.4 23.8
      vertex 31.1252311481466 11.090473046962797 23.8
    endloop
  endfacet
  facet normal 0.8433914458128876 0.5372996083468209 0
    outer loop
      vertex 30.964101615137753 11.4 0
      vertex 30.776608177155968 11.694305745404185 23.8
      vertex 30.964101615137753 11.4 23.8
    endloop
  endfacet
  facet normal 0.04361938736533333 0.9990482215818579 0
    outer loop
      vertex 27.848622970990633 13.384778792366983 0
      vertex 27.5 13.4 23.8
      vertex 27.848622970990633 13.384778792366983 23.8
    endloop
  endfacet
  facet normal 0.1305261922200538 0.9914448613738102 0
    outer loop
      vertex 27.848622970990633 13.384778792366983 0
      vertex 27.848622970990633 13.384778792366983 23.8
      vertex 28.19459271066772 13.339231012048833 23.8
    endloop
  endfacet
  facet normal 0.21643961393810401 0.976296007119933 0
    outer loop
      vertex 28.535276180410083 13.263703305156273 0
      vertex 28.19459271066772 13.339231012048833 23.8
      vertex 28.535276180410083 13.263703305156273 23.8
    endloop
  endfacet
  facet normal 0.4617486132350324 0.8870108331782226 0
    outer loop
      vertex 29.190473046962797 13.0252311481466 0
      vertex 29.190473046962797 13.0252311481466 23.8
      vertex 29.5 12.864101615137756 23.8
    endloop
  endfacet
  facet normal 0.30070579950427273 0.953716950748227 0
    outer loop
      vertex 28.535276180410083 13.263703305156273 0
      vertex 28.535276180410083 13.263703305156273 23.8
      vertex 28.868080573302674 13.158770483143634 23.8
    endloop
  endfacet
  facet normal 0.3826834323650889 0.9238795325112872 0
    outer loop
      vertex 29.190473046962797 13.0252311481466 0
      vertex 28.868080573302674 13.158770483143634 23.8
      vertex 29.190473046962797 13.0252311481466 23.8
    endloop
  endfacet
  facet normal 0.7372773368101271 0.675590207615657 0
    outer loop
      vertex 30.56417777247591 11.971150438746157 0
      vertex 30.32842712474619 12.22842712474619 23.8
      vertex 30.56417777247591 11.971150438746157 23.8
    endloop
  endfacet
  facet normal 0.6755902076156626 0.7372773368101221 0
    outer loop
      vertex 30.32842712474619 12.22842712474619 0
      vertex 30.07115043874616 12.464177772475914 23.8
      vertex 30.32842712474619 12.22842712474619 23.8
    endloop
  endfacet
  facet normal 0.7933533402912336 0.6087614290087225 0
    outer loop
      vertex 30.56417777247591 11.971150438746157 0
      vertex 30.56417777247591 11.971150438746157 23.8
      vertex 30.776608177155968 11.694305745404185 23.8
    endloop
  endfacet
  facet normal 0.5372996083468246 0.8433914458128853 0
    outer loop
      vertex 29.794305745404184 12.676608177155968 0
      vertex 29.5 12.864101615137756 23.8
      vertex 29.794305745404184 12.676608177155968 23.8
    endloop
  endfacet
  facet normal 0.6087614290087169 0.7933533402912379 0
    outer loop
      vertex 29.794305745404184 12.676608177155968 0
      vertex 29.794305745404184 12.676608177155968 23.8
      vertex 30.07115043874616 12.464177772475914 23.8
    endloop
  endfacet
  facet normal 0 0 1
    outer loop
      vertex 29.11234666314353 1.3522961568046956 23.8
      vertex 25.931851652578136 9.517638090205041 23.8
      vertex 25.969615506024414 9.34729635533386 23.8
    endloop
  endfacet
  facet normal 0 0 1
    outer loop
      vertex 29.11234666314353 1.3522961568046956 23.8
      vertex 25.879385241571818 9.684040286651337 23.8
      vertex 25.931851652578136 9.517638090205041 23.8
    endloop
  endfacet
  facet normal 0 0 1
    outer loop
      vertex 29.11234666314353 1.3522961568046956 23.8
      vertex 28.868080573302674 13.158770483143634 23.8
      vertex 25.879385241571818 9.684040286651337 23.8
    endloop
  endfacet
  facet normal 0 0 1
    outer loop
      vertex 29.11234666314353 1.3522961568046956 23.8
      vertex 31.5 9.4 23.8
      vertex 28.868080573302674 13.158770483143634 23.8
    endloop
  endfacet
  facet normal 0 0 1
    outer loop
      vertex 31.5 9.4 23.8
      vertex 31.48477879236698 9.748622970990633 23.8
      vertex 31.363703305156275 10.435276180410083 23.8
    endloop
  endfacet
  facet normal 0 0 1
    outer loop
      vertex 24 11 23.8
      vertex 24.174311485495316 10.99238939618349 23.8
      vertex 28.868080573302674 13.158770483143634 23.8
    endloop
  endfacet
  facet normal 0 0 1
    outer loop
      vertex 24.34729635533386 10.969615506024416 23.8
      vertex 28.868080573302674 13.158770483143634 23.8
      vertex 24.174311485495316 10.99238939618349 23.8
    endloop
  endfacet
  facet normal 0 0 1
    outer loop
      vertex 24.34729635533386 10.969615506024416 23.8
      vertex 24.51763809020504 10.931851652578137 23.8
      vertex 28.868080573302674 13.158770483143634 23.8
    endloop
  endfacet
  facet normal 0 0 1
    outer loop
      vertex 24.68404028665134 10.879385241571818 23.8
      vertex 28.868080573302674 13.158770483143634 23.8
      vertex 24.51763809020504 10.931851652578137 23.8
    endloop
  endfacet
  facet normal 0 0 1
    outer loop
      vertex 25.414213562373096 10.414213562373096 23.8
      vertex 28.868080573302674 13.158770483143634 23.8
      vertex 25.28557521937308 10.532088886237956 23.8
    endloop
  endfacet
  facet normal 0 0 1
    outer loop
      vertex 25.28557521937308 10.532088886237956 23.8
      vertex 28.868080573302674 13.158770483143634 23.8
      vertex 25.147152872702094 10.638304088577984 23.8
    endloop
  endfacet
  facet normal 0 0 1
    outer loop
      vertex 25 10.732050807568877 23.8
      vertex 25.147152872702094 10.638304088577984 23.8
      vertex 28.868080573302674 13.158770483143634 23.8
    endloop
  endfacet
  facet normal 0 0 1
    outer loop
      vertex 24.68404028665134 10.879385241571818 23.8
      vertex 24.8452365234814 10.8126155740733 23.8
      vertex 28.868080573302674 13.158770483143634 23.8
    endloop
  endfacet
  facet normal 0 0 1
    outer loop
      vertex 24.8452365234814 10.8126155740733 23.8
      vertex 25 10.732050807568877 23.8
      vertex 28.868080573302674 13.158770483143634 23.8
    endloop
  endfacet
  facet normal 0 0 1
    outer loop
      vertex 25.8126155740733 9.845236523481399 23.8
      vertex 28.868080573302674 13.158770483143634 23.8
      vertex 25.73205080756888 10 23.8
    endloop
  endfacet
  facet normal 0 0 1
    outer loop
      vertex 25.879385241571818 9.684040286651337 23.8
      vertex 28.868080573302674 13.158770483143634 23.8
      vertex 25.8126155740733 9.845236523481399 23.8
    endloop
  endfacet
  facet normal 0 0 1
    outer loop
      vertex 25.532088886237958 10.28557521937308 23.8
      vertex 25.638304088577982 10.147152872702092 23.8
      vertex 28.868080573302674 13.158770483143634 23.8
    endloop
  endfacet
  facet normal 0 0 1
    outer loop
      vertex 25.73205080756888 10 23.8
      vertex 28.868080573302674 13.158770483143634 23.8
      vertex 25.638304088577982 10.147152872702092 23.8
    endloop
  endfacet
  facet normal 0 0 1
    outer loop
      vertex 25.532088886237958 10.28557521937308 23.8
      vertex 28.868080573302674 13.158770483143634 23.8
      vertex 25.414213562373096 10.414213562373096 23.8
    endloop
  endfacet
  facet normal 0 0 1
    outer loop
      vertex 31.48477879236698 9.748622970990633 23.8
      vertex 31.439231012048833 10.094592710667722 23.8
      vertex 31.363703305156275 10.435276180410083 23.8
    endloop
  endfacet
  facet normal 0 0 1
    outer loop
      vertex 31.5 9.4 23.8
      vertex 31.363703305156275 10.435276180410083 23.8
      vertex 30.776608177155968 11.694305745404185 23.8
    endloop
  endfacet
  facet normal 0 0 1
    outer loop
      vertex 31.363703305156275 10.435276180410083 23.8
      vertex 31.258770483143635 10.768080573302676 23.8
      vertex 31.1252311481466 11.090473046962797 23.8
    endloop
  endfacet
  facet normal 0 0 1
    outer loop
      vertex 31.5 9.4 23.8
      vertex 30.776608177155968 11.694305745404185 23.8
      vertex 28.868080573302674 13.158770483143634 23.8
    endloop
  endfacet
  facet normal 0 0 1
    outer loop
      vertex 31.363703305156275 10.435276180410083 23.8
      vertex 31.1252311481466 11.090473046962797 23.8
      vertex 30.776608177155968 11.694305745404185 23.8
    endloop
  endfacet
  facet normal 0 0 1
    outer loop
      vertex 31.1252311481466 11.090473046962797 23.8
      vertex 30.964101615137753 11.4 23.8
      vertex 30.776608177155968 11.694305745404185 23.8
    endloop
  endfacet
  facet normal 0 0 1
    outer loop
      vertex 27.5 13.4 23.8
      vertex 28.19459271066772 13.339231012048833 23.8
      vertex 27.848622970990633 13.384778792366983 23.8
    endloop
  endfacet
  facet normal 0 0 1
    outer loop
      vertex 27.5 13.4 23.8
      vertex 28.868080573302674 13.158770483143634 23.8
      vertex 28.19459271066772 13.339231012048833 23.8
    endloop
  endfacet
  facet normal 0 0 1
    outer loop
      vertex 28.19459271066772 13.339231012048833 23.8
      vertex 28.868080573302674 13.158770483143634 23.8
      vertex 28.535276180410083 13.263703305156273 23.8
    endloop
  endfacet
  facet normal 0 0 1
    outer loop
      vertex 29.5 12.864101615137756 23.8
      vertex 28.868080573302674 13.158770483143634 23.8
      vertex 30.07115043874616 12.464177772475914 23.8
    endloop
  endfacet
  facet normal 0 0 1
    outer loop
      vertex 29.5 12.864101615137756 23.8
      vertex 29.190473046962797 13.0252311481466 23.8
      vertex 28.868080573302674 13.158770483143634 23.8
    endloop
  endfacet
  facet normal 0 0 1
    outer loop
      vertex 30.776608177155968 11.694305745404185 23.8
      vertex 30.32842712474619 12.22842712474619 23.8
      vertex 30.07115043874616 12.464177772475914 23.8
    endloop
  endfacet
  facet normal 0 0 1
    outer loop
      vertex 30.776608177155968 11.694305745404185 23.8
      vertex 30.07115043874616 12.464177772475914 23.8
      vertex 28.868080573302674 13.158770483143634 23.8
    endloop
  endfacet
  facet normal 0 0 1
    outer loop
      vertex 30.776608177155968 11.694305745404185 23.8
      vertex 30.56417777247591 11.971150438746157 23.8
      vertex 30.32842712474619 12.22842712474619 23.8
    endloop
  endfacet
  facet normal 0 0 1
    outer loop
      vertex 29.5 12.864101615137756 23.8
      vertex 30.07115043874616 12.464177772475914 23.8
      vertex 29.794305745404184 12.676608177155968 23.8
    endloop
  endfacet
  facet normal 0 0 1
    outer loop
      vertex -24.51763809020504 -10.931851652578137 3.2
      vertex -24.34729635533386 -10.969615506024416 3.2
      vertex -24.68404028665134 -10.879385241571818 3.2
    endloop
  endfacet
  facet normal 0 0 1
    outer loop
      vertex -24.34729635533386 -10.969615506024416 3.2
      vertex -24 -11 3.2
      vertex -24.68404028665134 -10.879385241571818 3.2
    endloop
  endfacet
  facet normal 0 0 1
    outer loop
      vertex -24.174311485495316 -10.99238939618349 3.2
      vertex -24 -11 3.2
      vertex -24.34729635533386 -10.969615506024416 3.2
    endloop
  endfacet
  facet normal 0 1 0
    outer loop
      vertex -24 -11 3.2
      vertex -23.5 -11 4
      vertex -23.5 -11 3.2
    endloop
  endfacet
  facet normal 0 0 1
    outer loop
      vertex -25.147152872702094 -10.638304088577984 3.2
      vertex -25 -10.732050807568877 3.2
      vertex -25.28557521937308 -10.532088886237956 3.2
    endloop
  endfacet
  facet normal 0 0 1
    outer loop
      vertex -25.638304088577982 -10.147152872702092 3.2
      vertex -25.28557521937308 -10.532088886237956 3.2
      vertex -24.68404028665134 -10.879385241571818 3.2
    endloop
  endfacet
  facet normal 0 0 1
    outer loop
      vertex -25.28557521937308 -10.532088886237956 3.2
      vertex -25 -10.732050807568877 3.2
      vertex -24.68404028665134 -10.879385241571818 3.2
    endloop
  endfacet
  facet normal 0 0 1
    outer loop
      vertex -25 -10.732050807568877 3.2
      vertex -24.8452365234814 -10.8126155740733 3.2
      vertex -24.68404028665134 -10.879385241571818 3.2
    endloop
  endfacet
  facet normal 0 0 1
    outer loop
      vertex -25.28557521937308 -10.532088886237956 3.2
      vertex -25.532088886237958 -10.28557521937308 3.2
      vertex -25.414213562373096 -10.414213562373096 3.2
    endloop
  endfacet
  facet normal 0 0 1
    outer loop
      vertex -25.638304088577982 -10.147152872702092 3.2
      vertex -25.532088886237958 -10.28557521937308 3.2
      vertex -25.28557521937308 -10.532088886237956 3.2
    endloop
  endfacet
  facet normal 0 0 1
    outer loop
      vertex -24 -11 3.2
      vertex -23.5 -11 3.2
      vertex -23.5 -9.5 3.2
    endloop
  endfacet
  facet normal 0 0 1
    outer loop
      vertex -24 -11 3.2
      vertex -23.5 -9.5 3.2
      vertex -24.68404028665134 -10.879385241571818 3.2
    endloop
  endfacet
  facet normal 0 0 1
    outer loop
      vertex -25.638304088577982 -10.147152872702092 3.2
      vertex -25.879385241571818 -9.684040286651337 3.2
      vertex -25.73205080756888 -10 3.2
    endloop
  endfacet
  facet normal 0 0 1
    outer loop
      vertex -25.73205080756888 -10 3.2
      vertex -25.879385241571818 -9.684040286651337 3.2
      vertex -25.8126155740733 -9.845236523481399 3.2
    endloop
  endfacet
  facet normal 0 0 1
    outer loop
      vertex -25.879385241571818 -9.684040286651337 3.2
      vertex -25.969615506024414 -9.34729635533386 3.2
      vertex -25.931851652578136 -9.517638090205041 3.2
    endloop
  endfacet
  facet normal 0 0 1
    outer loop
      vertex -25.638304088577982 -10.147152872702092 3.2
      vertex -26 -9 3.2
      vertex -25.879385241571818 -9.684040286651337 3.2
    endloop
  endfacet
  facet normal 0 0 1
    outer loop
      vertex -25.879385241571818 -9.684040286651337 3.2
      vertex -26 -9 3.2
      vertex -25.969615506024414 -9.34729635533386 3.2
    endloop
  endfacet
  facet normal 0 0 1
    outer loop
      vertex -25.969615506024414 -9.34729635533386 3.2
      vertex -26 -9 3.2
      vertex -25.99238939618349 -9.174311485495316 3.2
    endloop
  endfacet
  facet normal 0 0 1
    outer loop
      vertex -25.638304088577982 -10.147152872702092 3.2
      vertex -24.68404028665134 -10.879385241571818 3.2
      vertex -26 -9 3.2
    endloop
  endfacet
  facet normal 0.7933533402912454 0.6087614290087073 0
    outer loop
      vertex -25.638304088577982 -10.147152872702092 3.2
      vertex -25.638304088577982 -10.147152872702092 23.8
      vertex -25.532088886237958 -10.28557521937308 3.2
    endloop
  endfacet
  facet normal 0.30070579950426685 0.9537169507482289 0
    outer loop
      vertex -24.51763809020504 -10.931851652578137 3.2
      vertex -24.68404028665134 -10.879385241571818 3.2
      vertex -24.68404028665134 -10.879385241571818 23.8
    endloop
  endfacet
  facet normal 0.2164396139381013 0.9762960071199337 0
    outer loop
      vertex -24.51763809020504 -10.931851652578137 3.2
      vertex -24.51763809020504 -10.931851652578137 23.8
      vertex -24.34729635533386 -10.969615506024416 3.2
    endloop
  endfacet
  facet normal 0.13052619222004877 0.9914448613738108 0
    outer loop
      vertex -24.174311485495316 -10.99238939618349 3.2
      vertex -24.34729635533386 -10.969615506024416 3.2
      vertex -24.34729635533386 -10.969615506024416 23.8
    endloop
  endfacet
  facet normal 0.0436193873653384 0.9990482215818576 0
    outer loop
      vertex -24.174311485495316 -10.99238939618349 3.2
      vertex -24.174311485495316 -10.99238939618349 23.8
      vertex -24 -11 3.2
    endloop
  endfacet
  facet normal 0 1 0
    outer loop
      vertex -24 -11 3.2
      vertex -24 -11 23.8
      vertex -23.5 -11 4
    endloop
  endfacet
  facet normal 0.6087614290087251 0.7933533402912317 0
    outer loop
      vertex -25.147152872702094 -10.638304088577984 3.2
      vertex -25.28557521937308 -10.532088886237956 3.2
      vertex -25.28557521937308 -10.532088886237956 23.8
    endloop
  endfacet
  facet normal 0.4617486132350406 0.8870108331782183 0
    outer loop
      vertex -25 -10.732050807568877 3.2
      vertex -25 -10.732050807568877 23.8
      vertex -24.8452365234814 -10.8126155740733 3.2
    endloop
  endfacet
  facet normal 0.38268343236509317 0.9238795325112854 0
    outer loop
      vertex -24.8452365234814 -10.8126155740733 3.2
      vertex -24.8452365234814 -10.8126155740733 23.8
      vertex -24.68404028665134 -10.879385241571818 3.2
    endloop
  endfacet
  facet normal 0.5372996083468162 0.8433914458128905 0
    outer loop
      vertex -25.147152872702094 -10.638304088577984 3.2
      vertex -25.147152872702094 -10.638304088577984 23.8
      vertex -25 -10.732050807568877 3.2
    endloop
  endfacet
  facet normal 0.6755902076156569 0.7372773368101271 0
    outer loop
      vertex -25.28557521937308 -10.532088886237956 3.2
      vertex -25.414213562373096 -10.414213562373096 3.2
      vertex -25.414213562373096 -10.414213562373096 23.8
    endloop
  endfacet
  facet normal 0.737277336810122 0.6755902076156626 0
    outer loop
      vertex -25.414213562373096 -10.414213562373096 3.2
      vertex -25.532088886237958 -10.28557521937308 3.2
      vertex -25.532088886237958 -10.28557521937308 23.8
    endloop
  endfacet
  facet normal 0.8433914458128784 0.5372996083468354 0
    outer loop
      vertex -25.638304088577982 -10.147152872702092 3.2
      vertex -25.73205080756888 -10 3.2
      vertex -25.73205080756888 -10 23.8
    endloop
  endfacet
  facet normal 0.8870108331782287 0.46174861323502037 0
    outer loop
      vertex -25.73205080756888 -10 3.2
      vertex -25.8126155740733 -9.845236523481399 3.2
      vertex -25.8126155740733 -9.845236523481399 23.8
    endloop
  endfacet
  facet normal 0.9238795325112817 0.3826834323651019 0
    outer loop
      vertex -25.8126155740733 -9.845236523481399 3.2
      vertex -25.879385241571818 -9.684040286651337 3.2
      vertex -25.879385241571818 -9.684040286651337 23.8
    endloop
  endfacet
  facet normal 0.9537169507482299 0.3007057995042634 0
    outer loop
      vertex -25.879385241571818 -9.684040286651337 3.2
      vertex -25.931851652578136 -9.517638090205041 3.2
      vertex -25.931851652578136 -9.517638090205041 23.8
    endloop
  endfacet
  facet normal 0.9762960071199343 0.21643961393809918 0
    outer loop
      vertex -25.931851652578136 -9.517638090205041 3.2
      vertex -25.969615506024414 -9.34729635533386 3.2
      vertex -25.969615506024414 -9.34729635533386 23.8
    endloop
  endfacet
  facet normal 0.9914448613738095 0.13052619222005876 0
    outer loop
      vertex -25.969615506024414 -9.34729635533386 3.2
      vertex -25.99238939618349 -9.174311485495316 3.2
      vertex -25.99238939618349 -9.174311485495316 23.8
    endloop
  endfacet
  facet normal 0.9990482215818576 0.0436193873653384 0
    outer loop
      vertex -25.99238939618349 -9.174311485495316 3.2
      vertex -26 -9 3.2
      vertex -26 -9 23.8
    endloop
  endfacet
  facet normal 0 0 1
    outer loop
      vertex -24.68404028665134 -10.879385241571818 3.2
      vertex -23.5 -9.5 3.2
      vertex -23.5 9.5 3.2
    endloop
  endfacet
  facet normal 0 0 1
    outer loop
      vertex -24.68404028665134 -10.879385241571818 3.2
      vertex -24.68404028665134 10.879385241571818 3.2
      vertex -26 -9 3.2
    endloop
  endfacet
  facet normal 0 0 1
    outer loop
      vertex -12.008711280270434 -2.393888884746807 3.2
      vertex -23.5 -9.5 3.2
      vertex -11.792426363597018 -2.5598501384030996 3.2
    endloop
  endfacet
  facet normal 0 0 1
    outer loop
      vertex -12.008711280270434 -2.393888884746807 3.2
      vertex -12.209708691207961 -2.2097086912079615 3.2
      vertex -23.5 -9.5 3.2
    endloop
  endfacet
  facet normal 0 0 1
    outer loop
      vertex -12.5598501384031 -1.792426363597019 3.2
      vertex -12.70632938682637 -1.5625 3.2
      vertex -23.5 -9.5 3.2
    endloop
  endfacet
  facet normal 0 0 1
    outer loop
      vertex -12.209708691207961 -2.2097086912079615 3.2
      vertex -12.393888884746808 -2.008711280270435 3.2
      vertex -23.5 -9.5 3.2
    endloop
  endfacet
  facet normal 0 0 1
    outer loop
      vertex -12.393888884746808 -2.008711280270435 3.2
      vertex -12.5598501384031 -1.792426363597019 3.2
      vertex -23.5 -9.5 3.2
    endloop
  endfacet
  facet normal 0 0 1
    outer loop
      vertex -12.83221183448953 -1.3206820679396858 3.2
      vertex -23.5 -9.5 3.2
      vertex -12.70632938682637 -1.5625 3.2
    endloop
  endfacet
  facet normal 0 0 1
    outer loop
      vertex -12.83221183448953 -1.3206820679396858 3.2
      vertex -12.936539439955965 -1.0688129478927149 3.2
      vertex -23.5 -9.5 3.2
    endloop
  endfacet
  facet normal 0 0 1
    outer loop
      vertex -12.936539439955965 -1.0688129478927149 3.2
      vertex -13.018518207153338 -0.8088095159453773 3.2
      vertex -23.5 -9.5 3.2
    endloop
  endfacet
  facet normal 0 0 1
    outer loop
      vertex -13.018518207153338 -0.8088095159453773 3.2
      vertex -13.07752422816315 -0.5426505552091573 3.2
      vertex -23.5 -9.5 3.2
    endloop
  endfacet
  facet normal 0 0 1
    outer loop
      vertex -13.07752422816315 -0.5426505552091573 3.2
      vertex -13.113108431536705 -0.27236169608643174 3.2
      vertex -23.5 -9.5 3.2
    endloop
  endfacet
  facet normal 0 0 1
    outer loop
      vertex -13.113108431536705 -0.27236169608643174 3.2
      vertex -13.125 0 3.2
      vertex -23.5 -9.5 3.2
    endloop
  endfacet
  facet normal 0 0 1
    outer loop
      vertex -11.068812947892715 -2.936539439955964 3.2
      vertex -11.320682067939686 -2.832211834489531 3.2
      vertex -23.5 -9.5 3.2
    endloop
  endfacet
  facet normal 0 0 1
    outer loop
      vertex -11.068812947892715 -2.936539439955964 3.2
      vertex -23.5 -9.5 3.2
      vertex -10.808809515945377 -3.0185182071533387 3.2
    endloop
  endfacet
  facet normal 0 0 1
    outer loop
      vertex -10.808809515945377 -3.0185182071533387 3.2
      vertex -23.5 -9.5 3.2
      vertex -10.542650555209157 -3.07752422816315 3.2
    endloop
  endfacet
  facet normal 0 0 1
    outer loop
      vertex -10.542650555209157 -3.07752422816315 3.2
      vertex -23.5 -9.5 3.2
      vertex -10.272361696086431 -3.113108431536705 3.2
    endloop
  endfacet
  facet normal 0 0 1
    outer loop
      vertex -10.272361696086431 -3.113108431536705 3.2
      vertex -23.5 -9.5 3.2
      vertex -10 -3.125 3.2
    endloop
  endfacet
  facet normal 0 0 1
    outer loop
      vertex -10 -3.125 3.2
      vertex -23.5 -9.5 3.2
      vertex -9.727638303913569 -3.113108431536705 3.2
    endloop
  endfacet
  facet normal 0 0 1
    outer loop
      vertex -11.792426363597018 -2.5598501384030996 3.2
      vertex -23.5 -9.5 3.2
      vertex -11.5625 -2.7063293868263707 3.2
    endloop
  endfacet
  facet normal 0 0 1
    outer loop
      vertex -11.320682067939686 -2.832211834489531 3.2
      vertex -11.5625 -2.7063293868263707 3.2
      vertex -23.5 -9.5 3.2
    endloop
  endfacet
  facet normal 0 0 1
    outer loop
      vertex -9.727638303913569 -3.113108431536705 3.2
      vertex -23.5 -9.5 3.2
      vertex 10 -3.125 3.2
    endloop
  endfacet
  facet normal 0 0 1
    outer loop
      vertex -9.727638303913569 -3.113108431536705 3.2
      vertex 9.727638303913567 -3.113108431536705 3.2
      vertex -9.457349444790843 -3.07752422816315 3.2
    endloop
  endfacet
  facet normal 0 0 1
    outer loop
      vertex -9.457349444790843 -3.07752422816315 3.2
      vertex 9.457349444790843 -3.07752422816315 3.2
      vertex -9.191190484054623 -3.0185182071533387 3.2
    endloop
  endfacet
  facet normal 0 0 1
    outer loop
      vertex -9.191190484054623 -3.0185182071533387 3.2
      vertex 9.191190484054623 -3.0185182071533387 3.2
      vertex -8.931187052107285 -2.936539439955964 3.2
    endloop
  endfacet
  facet normal 0 0 1
    outer loop
      vertex -8.931187052107285 -2.936539439955964 3.2
      vertex 8.931187052107285 -2.936539439955964 3.2
      vertex -8.679317932060314 -2.832211834489531 3.2
    endloop
  endfacet
  facet normal 0 0 1
    outer loop
      vertex -8.679317932060314 -2.832211834489531 3.2
      vertex 8.679317932060314 -2.8322118344895313 3.2
      vertex -8.4375 -2.7063293868263707 3.2
    endloop
  endfacet
  facet normal 0 0 1
    outer loop
      vertex -8.4375 -2.7063293868263707 3.2
      vertex 8.4375 -2.7063293868263707 3.2
      vertex -8.207573636402982 -2.5598501384030996 3.2
    endloop
  endfacet
  facet normal 0 0 1
    outer loop
      vertex -8.207573636402982 -2.5598501384030996 3.2
      vertex 8.207573636402982 -2.5598501384030996 3.2
      vertex -7.991288719729565 -2.393888884746807 3.2
    endloop
  endfacet
  facet normal 0 0 1
    outer loop
      vertex -7.991288719729565 -2.393888884746807 3.2
      vertex 8.207573636402982 -2.5598501384030996 3.2
      vertex -7.790291308792038 -2.2097086912079615 3.2
    endloop
  endfacet
  facet normal 0 0 1
    outer loop
      vertex -7.790291308792038 -2.2097086912079615 3.2
      vertex 7.991288719729565 -2.393888884746807 3.2
      vertex -7.606111115253193 -2.008711280270435 3.2
    endloop
  endfacet
  facet normal 0 0 1
    outer loop
      vertex -7.606111115253193 -2.008711280270435 3.2
      vertex 7.606111115253193 -2.008711280270435 3.2
      vertex -7.4401498615969 -1.792426363597019 3.2
    endloop
  endfacet
  facet normal 0 0 1
    outer loop
      vertex -7.4401498615969 -1.792426363597019 3.2
      vertex 7.606111115253193 -2.008711280270435 3.2
      vertex -7.29367061317363 -1.5625 3.2
    endloop
  endfacet
  facet normal 0 0 1
    outer loop
      vertex -7.29367061317363 -1.5625 3.2
      vertex 7.4401498615969 -1.792426363597019 3.2
      vertex -7.167788165510469 -1.3206820679396858 3.2
    endloop
  endfacet
  facet normal 0 0 1
    outer loop
      vertex -7.167788165510469 -1.3206820679396858 3.2
      vertex 7.4401498615969 -1.792426363597019 3.2
      vertex -7.063460560044036 -1.0688129478927149 3.2
    endloop
  endfacet
  facet normal 0 0 1
    outer loop
      vertex -7.063460560044036 -1.0688129478927149 3.2
      vertex 7.29367061317363 -1.5625 3.2
      vertex -6.981481792846661 -0.8088095159453773 3.2
    endloop
  endfacet
  facet normal 0 0 1
    outer loop
      vertex -6.981481792846661 -0.8088095159453773 3.2
      vertex 7.29367061317363 -1.5625 3.2
      vertex -6.92247577183685 -0.5426505552091573 3.2
    endloop
  endfacet
  facet normal 0 0 1
    outer loop
      vertex -6.92247577183685 -0.5426505552091573 3.2
      vertex 7.29367061317363 -1.5625 3.2
      vertex -6.8868915684632945 -0.27236169608643174 3.2
    endloop
  endfacet
  facet normal 0 0 1
    outer loop
      vertex -6.8868915684632945 -0.27236169608643174 3.2
      vertex 7.29367061317363 -1.5625 3.2
      vertex -6.875 0 3.2
    endloop
  endfacet
  facet normal 0 0 1
    outer loop
      vertex -6.875 0 3.2
      vertex 7.29367061317363 -1.5625 3.2
      vertex -6.8868915684632945 0.27236169608643174 3.2
    endloop
  endfacet
  facet normal 0 0 1
    outer loop
      vertex -6.92247577183685 0.5426505552091573 3.2
      vertex -6.8868915684632945 0.27236169608643174 3.2
      vertex 7.29367061317363 -1.5625 3.2
    endloop
  endfacet
  facet normal 0 0 1
    outer loop
      vertex -6.92247577183685 0.5426505552091573 3.2
      vertex 7.29367061317363 -1.5625 3.2
      vertex -6.981481792846661 0.8088095159453773 3.2
    endloop
  endfacet
  facet normal 0.8433914458128784 0.5372996083468354 0
    outer loop
      vertex -25.638304088577982 -10.147152872702092 3.2
      vertex -25.73205080756888 -10 23.8
      vertex -25.638304088577982 -10.147152872702092 23.8
    endloop
  endfacet
  facet normal 0.30070579950426685 0.9537169507482289 0
    outer loop
      vertex -24.51763809020504 -10.931851652578137 3.2
      vertex -24.68404028665134 -10.879385241571818 23.8
      vertex -24.51763809020504 -10.931851652578137 23.8
    endloop
  endfacet
  facet normal 0.2164396139381013 0.9762960071199337 0
    outer loop
      vertex -24.34729635533386 -10.969615506024416 3.2
      vertex -24.51763809020504 -10.931851652578137 23.8
      vertex -24.34729635533386 -10.969615506024416 23.8
    endloop
  endfacet
  facet normal 0.13052619222004877 0.9914448613738108 0
    outer loop
      vertex -24.174311485495316 -10.99238939618349 3.2
      vertex -24.34729635533386 -10.969615506024416 23.8
      vertex -24.174311485495316 -10.99238939618349 23.8
    endloop
  endfacet
  facet normal 0.0436193873653384 0.9990482215818576 0
    outer loop
      vertex -24 -11 3.2
      vertex -24.174311485495316 -10.99238939618349 23.8
      vertex -24 -11 23.8
    endloop
  endfacet
  facet normal 0.6087614290087251 0.7933533402912317 0
    outer loop
      vertex -25.147152872702094 -10.638304088577984 3.2
      vertex -25.28557521937308 -10.532088886237956 23.8
      vertex -25.147152872702094 -10.638304088577984 23.8
    endloop
  endfacet
  facet normal 0.6755902076156569 0.7372773368101271 0
    outer loop
      vertex -25.28557521937308 -10.532088886237956 3.2
      vertex -25.414213562373096 -10.414213562373096 23.8
      vertex -25.28557521937308 -10.532088886237956 23.8
    endloop
  endfacet
  facet normal 0.4617486132350406 0.8870108331782183 0
    outer loop
      vertex -24.8452365234814 -10.8126155740733 3.2
      vertex -25 -10.732050807568877 23.8
      vertex -24.8452365234814 -10.8126155740733 23.8
    endloop
  endfacet
  facet normal 0.5372996083468162 0.8433914458128905 0
    outer loop
      vertex -25 -10.732050807568877 3.2
      vertex -25.147152872702094 -10.638304088577984 23.8
      vertex -25 -10.732050807568877 23.8
    endloop
  endfacet
  facet normal 0.38268343236509317 0.9238795325112854 0
    outer loop
      vertex -24.68404028665134 -10.879385241571818 3.2
      vertex -24.8452365234814 -10.8126155740733 23.8
      vertex -24.68404028665134 -10.879385241571818 23.8
    endloop
  endfacet
  facet normal 0.737277336810122 0.6755902076156626 0
    outer loop
      vertex -25.414213562373096 -10.414213562373096 3.2
      vertex -25.532088886237958 -10.28557521937308 23.8
      vertex -25.414213562373096 -10.414213562373096 23.8
    endloop
  endfacet
  facet normal 0.7933533402912454 0.6087614290087073 0
    outer loop
      vertex -25.532088886237958 -10.28557521937308 3.2
      vertex -25.638304088577982 -10.147152872702092 23.8
      vertex -25.532088886237958 -10.28557521937308 23.8
    endloop
  endfacet
  facet normal 0.8870108331782287 0.46174861323502037 0
    outer loop
      vertex -25.73205080756888 -10 3.2
      vertex -25.8126155740733 -9.845236523481399 23.8
      vertex -25.73205080756888 -10 23.8
    endloop
  endfacet
  facet normal 0.9238795325112817 0.3826834323651019 0
    outer loop
      vertex -25.8126155740733 -9.845236523481399 3.2
      vertex -25.879385241571818 -9.684040286651337 23.8
      vertex -25.8126155740733 -9.845236523481399 23.8
    endloop
  endfacet
  facet normal 0.9537169507482299 0.3007057995042634 0
    outer loop
      vertex -25.879385241571818 -9.684040286651337 3.2
      vertex -25.931851652578136 -9.517638090205041 23.8
      vertex -25.879385241571818 -9.684040286651337 23.8
    endloop
  endfacet
  facet normal 0.9762960071199343 0.21643961393809918 0
    outer loop
      vertex -25.931851652578136 -9.517638090205041 3.2
      vertex -25.969615506024414 -9.34729635533386 23.8
      vertex -25.931851652578136 -9.517638090205041 23.8
    endloop
  endfacet
  facet normal 0.9914448613738095 0.13052619222005876 0
    outer loop
      vertex -25.969615506024414 -9.34729635533386 3.2
      vertex -25.99238939618349 -9.174311485495316 23.8
      vertex -25.969615506024414 -9.34729635533386 23.8
    endloop
  endfacet
  facet normal 0.9990482215818576 0.0436193873653384 0
    outer loop
      vertex -25.99238939618349 -9.174311485495316 3.2
      vertex -26 -9 23.8
      vertex -25.99238939618349 -9.174311485495316 23.8
    endloop
  endfacet
  facet normal 1 0 0
    outer loop
      vertex -26 -9 3.2
      vertex -26 9 23.8
      vertex -26 -9 23.8
    endloop
  endfacet
  facet normal 0 1 0
    outer loop
      vertex -24 -11 23.8
      vertex 24 -11 23.8
      vertex -23.5 -11 4
    endloop
  endfacet
  facet normal 0 0 1
    outer loop
      vertex -26 -9 3.2
      vertex -25.73205080756888 10 3.2
      vertex -26 9 3.2
    endloop
  endfacet
  facet normal 0 0 1
    outer loop
      vertex -24.68404028665134 -10.879385241571818 3.2
      vertex -23.5 9.5 3.2
      vertex -23.5 11 3.2
    endloop
  endfacet
  facet normal 0 0 1
    outer loop
      vertex -26 -9 3.2
      vertex -24.68404028665134 10.879385241571818 3.2
      vertex -25.73205080756888 10 3.2
    endloop
  endfacet
  facet normal 0 0 1
    outer loop
      vertex -24.68404028665134 -10.879385241571818 3.2
      vertex -23.5 11 3.2
      vertex -24.68404028665134 10.879385241571818 3.2
    endloop
  endfacet
  facet normal 0 0 1
    outer loop
      vertex -13.125 0 3.2
      vertex -23.5 9.5 3.2
      vertex -23.5 -9.5 3.2
    endloop
  endfacet
  facet normal 0 0 1
    outer loop
      vertex -13.125 0 3.2
      vertex -13.113108431536705 0.27236169608643174 3.2
      vertex -23.5 9.5 3.2
    endloop
  endfacet
  facet normal 0 0 1
    outer loop
      vertex -13.113108431536705 0.27236169608643174 3.2
      vertex -13.07752422816315 0.5426505552091573 3.2
      vertex -23.5 9.5 3.2
    endloop
  endfacet
  facet normal 0 0 1
    outer loop
      vertex -13.07752422816315 0.5426505552091573 3.2
      vertex -13.018518207153338 0.8088095159453773 3.2
      vertex -23.5 9.5 3.2
    endloop
  endfacet
  facet normal 0 0 1
    outer loop
      vertex -13.018518207153338 0.8088095159453773 3.2
      vertex -12.936539439955965 1.0688129478927149 3.2
      vertex -23.5 9.5 3.2
    endloop
  endfacet
  facet normal 0 0 1
    outer loop
      vertex -12.936539439955965 1.0688129478927149 3.2
      vertex -12.83221183448953 1.3206820679396858 3.2
      vertex -23.5 9.5 3.2
    endloop
  endfacet
  facet normal 0 0 1
    outer loop
      vertex -12.83221183448953 1.3206820679396858 3.2
      vertex -12.70632938682637 1.5625 3.2
      vertex -23.5 9.5 3.2
    endloop
  endfacet
  facet normal 0 0 1
    outer loop
      vertex -12.70632938682637 1.5625 3.2
      vertex -12.5598501384031 1.792426363597019 3.2
      vertex -23.5 9.5 3.2
    endloop
  endfacet
  facet normal 0 0 1
    outer loop
      vertex -12.5598501384031 1.792426363597019 3.2
      vertex -12.393888884746808 2.008711280270435 3.2
      vertex -23.5 9.5 3.2
    endloop
  endfacet
  facet normal 0 0 1
    outer loop
      vertex -12.393888884746808 2.008711280270435 3.2
      vertex -12.209708691207961 2.2097086912079615 3.2
      vertex -23.5 9.5 3.2
    endloop
  endfacet
  facet normal 0 0 1
    outer loop
      vertex -12.209708691207961 2.2097086912079615 3.2
      vertex -12.008711280270434 2.393888884746807 3.2
      vertex -23.5 9.5 3.2
    endloop
  endfacet
  facet normal 0 0 1
    outer loop
      vertex -12.008711280270434 2.393888884746807 3.2
      vertex -11.792426363597018 2.5598501384030996 3.2
      vertex -23.5 9.5 3.2
    endloop
  endfacet
  facet normal 1 0 0
    outer loop
      vertex -26 -9 3.2
      vertex -26 9 3.2
      vertex -26 9 23.8
    endloop
  endfacet
  facet normal 0 0 1
    outer loop
      vertex -26 9 3.2
      vertex -25.931851652578136 9.517638090205041 3.2
      vertex -25.99238939618349 9.174311485495316 3.2
    endloop
  endfacet
  facet normal 0 0 1
    outer loop
      vertex -25.99238939618349 9.174311485495316 3.2
      vertex -25.931851652578136 9.517638090205041 3.2
      vertex -25.969615506024414 9.34729635533386 3.2
    endloop
  endfacet
  facet normal 0 0 1
    outer loop
      vertex -26 9 3.2
      vertex -25.73205080756888 10 3.2
      vertex -25.931851652578136 9.517638090205041 3.2
    endloop
  endfacet
  facet normal 0 0 1
    outer loop
      vertex -25.931851652578136 9.517638090205041 3.2
      vertex -25.73205080756888 10 3.2
      vertex -25.879385241571818 9.684040286651337 3.2
    endloop
  endfacet
  facet normal 0 0 1
    outer loop
      vertex -25.879385241571818 9.684040286651337 3.2
      vertex -25.73205080756888 10 3.2
      vertex -25.8126155740733 9.845236523481399 3.2
    endloop
  endfacet
  facet normal 0 0 1
    outer loop
      vertex -25.73205080756888 10 3.2
      vertex -25.532088886237958 10.28557521937308 3.2
      vertex -25.638304088577982 10.147152872702092 3.2
    endloop
  endfacet
  facet normal 0 0 1
    outer loop
      vertex -25.73205080756888 10 3.2
      vertex -25.28557521937308 10.532088886237956 3.2
      vertex -25.532088886237958 10.28557521937308 3.2
    endloop
  endfacet
  facet normal 0 0 1
    outer loop
      vertex -25.532088886237958 10.28557521937308 3.2
      vertex -25.28557521937308 10.532088886237956 3.2
      vertex -25.414213562373096 10.414213562373096 3.2
    endloop
  endfacet
  facet normal 0 0 1
    outer loop
      vertex -25.73205080756888 10 3.2
      vertex -24.68404028665134 10.879385241571818 3.2
      vertex -25.28557521937308 10.532088886237956 3.2
    endloop
  endfacet
  facet normal 0 0 1
    outer loop
      vertex -25.28557521937308 10.532088886237956 3.2
      vertex -25 10.732050807568877 3.2
      vertex -25.147152872702094 10.638304088577984 3.2
    endloop
  endfacet
  facet normal 0 0 1
    outer loop
      vertex -25.28557521937308 10.532088886237956 3.2
      vertex -24.68404028665134 10.879385241571818 3.2
      vertex -25 10.732050807568877 3.2
    endloop
  endfacet
  facet normal 0 0 1
    outer loop
      vertex -25 10.732050807568877 3.2
      vertex -24.68404028665134 10.879385241571818 3.2
      vertex -24.8452365234814 10.8126155740733 3.2
    endloop
  endfacet
  facet normal 0 0 1
    outer loop
      vertex -24.68404028665134 10.879385241571818 3.2
      vertex -24.34729635533386 10.969615506024416 3.2
      vertex -24.51763809020504 10.931851652578137 3.2
    endloop
  endfacet
  facet normal 0 0 1
    outer loop
      vertex -24.68404028665134 10.879385241571818 3.2
      vertex -24 11 3.2
      vertex -24.34729635533386 10.969615506024416 3.2
    endloop
  endfacet
  facet normal 0 0 1
    outer loop
      vertex -24.34729635533386 10.969615506024416 3.2
      vertex -24 11 3.2
      vertex -24.174311485495316 10.99238939618349 3.2
    endloop
  endfacet
  facet normal 0 0 1
    outer loop
      vertex -24.68404028665134 10.879385241571818 3.2
      vertex -23.5 11 3.2
      vertex -24 11 3.2
    endloop
  endfacet
  facet normal 0 -1 0
    outer loop
      vertex -24 11 3.2
      vertex -23.5 11 3.2
      vertex -23.5 11 4
    endloop
  endfacet
  facet normal 0.9990482215818576 -0.0436193873653384 0
    outer loop
      vertex -26 9 3.2
      vertex -25.99238939618349 9.174311485495316 3.2
      vertex -25.99238939618349 9.174311485495316 23.8
    endloop
  endfacet
  facet normal 0.9914448613738095 -0.13052619222005876 0
    outer loop
      vertex -25.99238939618349 9.174311485495316 3.2
      vertex -25.969615506024414 9.34729635533386 3.2
      vertex -25.969615506024414 9.34729635533386 23.8
    endloop
  endfacet
  facet normal 0.9762960071199343 -0.21643961393809918 0
    outer loop
      vertex -25.969615506024414 9.34729635533386 3.2
      vertex -25.931851652578136 9.517638090205041 3.2
      vertex -25.931851652578136 9.517638090205041 23.8
    endloop
  endfacet
  facet normal 0.9537169507482299 -0.3007057995042634 0
    outer loop
      vertex -25.931851652578136 9.517638090205041 3.2
      vertex -25.879385241571818 9.684040286651337 3.2
      vertex -25.879385241571818 9.684040286651337 23.8
    endloop
  endfacet
  facet normal 0.9238795325112817 -0.3826834323651019 0
    outer loop
      vertex -25.879385241571818 9.684040286651337 3.2
      vertex -25.8126155740733 9.845236523481399 3.2
      vertex -25.8126155740733 9.845236523481399 23.8
    endloop
  endfacet
  facet normal 0.8870108331782287 -0.46174861323502037 0
    outer loop
      vertex -25.8126155740733 9.845236523481399 3.2
      vertex -25.73205080756888 10 3.2
      vertex -25.73205080756888 10 23.8
    endloop
  endfacet
  facet normal 0.8433914458128784 -0.5372996083468354 0
    outer loop
      vertex -25.73205080756888 10 3.2
      vertex -25.638304088577982 10.147152872702092 3.2
      vertex -25.638304088577982 10.147152872702092 23.8
    endloop
  endfacet
  facet normal 0.7933533402912454 -0.6087614290087073 0
    outer loop
      vertex -25.638304088577982 10.147152872702092 3.2
      vertex -25.532088886237958 10.28557521937308 3.2
      vertex -25.532088886237958 10.28557521937308 23.8
    endloop
  endfacet
  facet normal 0.737277336810122 -0.6755902076156626 0
    outer loop
      vertex -25.532088886237958 10.28557521937308 3.2
      vertex -25.414213562373096 10.414213562373096 3.2
      vertex -25.414213562373096 10.414213562373096 23.8
    endloop
  endfacet
  facet normal 0.6755902076156569 -0.7372773368101271 0
    outer loop
      vertex -25.414213562373096 10.414213562373096 3.2
      vertex -25.28557521937308 10.532088886237956 3.2
      vertex -25.28557521937308 10.532088886237956 23.8
    endloop
  endfacet
  facet normal 0.6087614290087251 -0.7933533402912317 0
    outer loop
      vertex -25.28557521937308 10.532088886237956 3.2
      vertex -25.147152872702094 10.638304088577984 3.2
      vertex -25.147152872702094 10.638304088577984 23.8
    endloop
  endfacet
  facet normal 0.5372996083468162 -0.8433914458128905 0
    outer loop
      vertex -25.147152872702094 10.638304088577984 3.2
      vertex -25 10.732050807568877 3.2
      vertex -25 10.732050807568877 23.8
    endloop
  endfacet
  facet normal 0.4617486132350406 -0.8870108331782183 0
    outer loop
      vertex -25 10.732050807568877 3.2
      vertex -24.8452365234814 10.8126155740733 3.2
      vertex -24.8452365234814 10.8126155740733 23.8
    endloop
  endfacet
  facet normal 0.38268343236509317 -0.9238795325112854 0
    outer loop
      vertex -24.8452365234814 10.8126155740733 3.2
      vertex -24.68404028665134 10.879385241571818 3.2
      vertex -24.68404028665134 10.879385241571818 23.8
    endloop
  endfacet
  facet normal 0.30070579950426685 -0.9537169507482289 0
    outer loop
      vertex -24.68404028665134 10.879385241571818 3.2
      vertex -24.51763809020504 10.931851652578137 3.2
      vertex -24.51763809020504 10.931851652578137 23.8
    endloop
  endfacet
  facet normal 0.2164396139381013 -0.9762960071199337 0
    outer loop
      vertex -24.51763809020504 10.931851652578137 3.2
      vertex -24.34729635533386 10.969615506024416 3.2
      vertex -24.34729635533386 10.969615506024416 23.8
    endloop
  endfacet
  facet normal 0.13052619222004877 -0.9914448613738108 0
    outer loop
      vertex -24.34729635533386 10.969615506024416 3.2
      vertex -24.174311485495316 10.99238939618349 3.2
      vertex -24.174311485495316 10.99238939618349 23.8
    endloop
  endfacet
  facet normal 0.0436193873653384 -0.9990482215818576 0
    outer loop
      vertex -24.174311485495316 10.99238939618349 3.2
      vertex -24 11 3.2
      vertex -24 11 23.8
    endloop
  endfacet
  facet normal 0 -1 0
    outer loop
      vertex -24 11 3.2
      vertex -23.5 11 4
      vertex -24 11 23.8
    endloop
  endfacet
  facet normal 0 0 1
    outer loop
      vertex -11.792426363597018 2.5598501384030996 3.2
      vertex -11.5625 2.7063293868263707 3.2
      vertex -23.5 9.5 3.2
    endloop
  endfacet
  facet normal 0 0 1
    outer loop
      vertex -11.5625 2.7063293868263707 3.2
      vertex -11.320682067939686 2.832211834489531 3.2
      vertex -23.5 9.5 3.2
    endloop
  endfacet
  facet normal 0 0 1
    outer loop
      vertex -11.320682067939686 2.832211834489531 3.2
      vertex -11.068812947892715 2.936539439955964 3.2
      vertex -23.5 9.5 3.2
    endloop
  endfacet
  facet normal 0 0 1
    outer loop
      vertex -11.068812947892715 2.936539439955964 3.2
      vertex -10.808809515945377 3.0185182071533387 3.2
      vertex -23.5 9.5 3.2
    endloop
  endfacet
  facet normal 0 0 1
    outer loop
      vertex -10.808809515945377 3.0185182071533387 3.2
      vertex -10.542650555209157 3.07752422816315 3.2
      vertex -23.5 9.5 3.2
    endloop
  endfacet
  facet normal 0 0 1
    outer loop
      vertex -10.542650555209157 3.07752422816315 3.2
      vertex -10.272361696086431 3.113108431536705 3.2
      vertex -23.5 9.5 3.2
    endloop
  endfacet
  facet normal 0 0 1
    outer loop
      vertex -10.272361696086431 3.113108431536705 3.2
      vertex -10 3.125 3.2
      vertex -23.5 9.5 3.2
    endloop
  endfacet
  facet normal 0 0 1
    outer loop
      vertex -10 3.125 3.2
      vertex -9.727638303913569 3.113108431536705 3.2
      vertex -23.5 9.5 3.2
    endloop
  endfacet
  facet normal 0 0 1
    outer loop
      vertex -9.727638303913569 3.113108431536705 3.2
      vertex -9.457349444790843 3.07752422816315 3.2
      vertex -23.5 9.5 3.2
    endloop
  endfacet
  facet normal 0 0 1
    outer loop
      vertex -9.457349444790843 3.07752422816315 3.2
      vertex -9.191190484054623 3.0185182071533387 3.2
      vertex -23.5 9.5 3.2
    endloop
  endfacet
  facet normal 0 0 1
    outer loop
      vertex -9.191190484054623 3.0185182071533387 3.2
      vertex 7.29367061317363 -1.5625 3.2
      vertex -23.5 9.5 3.2
    endloop
  endfacet
  facet normal 0 0 1
    outer loop
      vertex -6.981481792846661 0.8088095159453773 3.2
      vertex 7.29367061317363 -1.5625 3.2
      vertex -7.063460560044036 1.0688129478927149 3.2
    endloop
  endfacet
  facet normal 0 0 1
    outer loop
      vertex -7.063460560044036 1.0688129478927149 3.2
      vertex 7.29367061317363 -1.5625 3.2
      vertex -7.167788165510469 1.3206820679396858 3.2
    endloop
  endfacet
  facet normal 0 0 1
    outer loop
      vertex -7.29367061317363 1.5625 3.2
      vertex 7.29367061317363 -1.5625 3.2
      vertex -7.4401498615969 1.792426363597019 3.2
    endloop
  endfacet
  facet normal 0 0 1
    outer loop
      vertex -7.4401498615969 1.792426363597019 3.2
      vertex 7.29367061317363 -1.5625 3.2
      vertex -7.606111115253193 2.008711280270435 3.2
    endloop
  endfacet
  facet normal 0 0 1
    outer loop
      vertex -7.167788165510469 1.3206820679396858 3.2
      vertex 7.29367061317363 -1.5625 3.2
      vertex -7.29367061317363 1.5625 3.2
    endloop
  endfacet
  facet normal 0 0 1
    outer loop
      vertex -7.991288719729565 2.393888884746807 3.2
      vertex 7.29367061317363 -1.5625 3.2
      vertex -8.207573636402982 2.5598501384030996 3.2
    endloop
  endfacet
  facet normal 0 0 1
    outer loop
      vertex -8.4375 2.7063293868263707 3.2
      vertex -8.207573636402982 2.5598501384030996 3.2
      vertex 7.29367061317363 -1.5625 3.2
    endloop
  endfacet
  facet normal 0 0 1
    outer loop
      vertex -9.191190484054623 3.0185182071533387 3.2
      vertex -8.931187052107285 2.936539439955964 3.2
      vertex 7.29367061317363 -1.5625 3.2
    endloop
  endfacet
  facet normal 0 0 1
    outer loop
      vertex -8.4375 2.7063293868263707 3.2
      vertex 7.29367061317363 -1.5625 3.2
      vertex -8.679317932060314 2.832211834489531 3.2
    endloop
  endfacet
  facet normal 0 0 1
    outer loop
      vertex -8.931187052107285 2.936539439955964 3.2
      vertex -8.679317932060314 2.832211834489531 3.2
      vertex 7.29367061317363 -1.5625 3.2
    endloop
  endfacet
  facet normal 0 0 1
    outer loop
      vertex -7.991288719729565 2.393888884746807 3.2
      vertex -7.790291308792038 2.2097086912079615 3.2
      vertex 7.29367061317363 -1.5625 3.2
    endloop
  endfacet
  facet normal 0 0 1
    outer loop
      vertex -7.606111115253193 2.008711280270435 3.2
      vertex 7.29367061317363 -1.5625 3.2
      vertex -7.790291308792038 2.2097086912079615 3.2
    endloop
  endfacet
  facet normal 0 0 1
    outer loop
      vertex 7.29367061317363 -1.5625 3.2
      vertex 7.167788165510469 -1.3206820679396858 3.2
      vertex -23.5 9.5 3.2
    endloop
  endfacet
  facet normal 0 0 1
    outer loop
      vertex 7.167788165510469 -1.3206820679396858 3.2
      vertex 7.063460560044036 -1.0688129478927149 3.2
      vertex -23.5 9.5 3.2
    endloop
  endfacet
  facet normal 0 0 1
    outer loop
      vertex 7.063460560044036 -1.0688129478927149 3.2
      vertex 6.981481792846661 -0.8088095159453773 3.2
      vertex -23.5 9.5 3.2
    endloop
  endfacet
  facet normal 0 0 1
    outer loop
      vertex 6.981481792846661 -0.8088095159453773 3.2
      vertex 6.92247577183685 -0.5426505552091573 3.2
      vertex -23.5 9.5 3.2
    endloop
  endfacet
  facet normal 0 0 1
    outer loop
      vertex 6.8868915684632945 -0.27236169608643174 3.2
      vertex -23.5 9.5 3.2
      vertex 6.92247577183685 -0.5426505552091573 3.2
    endloop
  endfacet
  facet normal 0 0 1
    outer loop
      vertex 6.8868915684632945 -0.27236169608643174 3.2
      vertex 6.875 0 3.2
      vertex -23.5 9.5 3.2
    endloop
  endfacet
  facet normal 0 0 1
    outer loop
      vertex 6.875 0 3.2
      vertex 6.8868915684632945 0.27236169608643174 3.2
      vertex -23.5 9.5 3.2
    endloop
  endfacet
  facet normal 0 0 1
    outer loop
      vertex 6.8868915684632945 0.27236169608643174 3.2
      vertex 6.92247577183685 0.5426505552091573 3.2
      vertex -23.5 9.5 3.2
    endloop
  endfacet
  facet normal 0 0 1
    outer loop
      vertex 6.92247577183685 0.5426505552091573 3.2
      vertex 6.981481792846661 0.8088095159453773 3.2
      vertex -23.5 9.5 3.2
    endloop
  endfacet
  facet normal 0 0 1
    outer loop
      vertex 6.981481792846661 0.8088095159453773 3.2
      vertex 7.063460560044036 1.0688129478927149 3.2
      vertex -23.5 9.5 3.2
    endloop
  endfacet
  facet normal 0 0 1
    outer loop
      vertex 7.063460560044036 1.0688129478927149 3.2
      vertex 7.167788165510469 1.3206820679396858 3.2
      vertex -23.5 9.5 3.2
    endloop
  endfacet
  facet normal 0 0 1
    outer loop
      vertex 7.167788165510469 1.3206820679396858 3.2
      vertex 7.29367061317363 1.5625 3.2
      vertex -23.5 9.5 3.2
    endloop
  endfacet
  facet normal 0 0 1
    outer loop
      vertex 7.29367061317363 1.5625 3.2
      vertex 7.4401498615969 1.792426363597019 3.2
      vertex -23.5 9.5 3.2
    endloop
  endfacet
  facet normal 0 0 1
    outer loop
      vertex 7.4401498615969 1.792426363597019 3.2
      vertex 7.606111115253193 2.008711280270435 3.2
      vertex -23.5 9.5 3.2
    endloop
  endfacet
  facet normal 0 0 1
    outer loop
      vertex 7.606111115253193 2.008711280270435 3.2
      vertex 7.790291308792038 2.2097086912079615 3.2
      vertex -23.5 9.5 3.2
    endloop
  endfacet
  facet normal 0 0 1
    outer loop
      vertex 7.790291308792038 2.2097086912079615 3.2
      vertex 7.991288719729565 2.393888884746807 3.2
      vertex -23.5 9.5 3.2
    endloop
  endfacet
  facet normal 0 0 1
    outer loop
      vertex 7.991288719729565 2.393888884746807 3.2
      vertex 8.207573636402982 2.5598501384030996 3.2
      vertex -23.5 9.5 3.2
    endloop
  endfacet
  facet normal 0 0 1
    outer loop
      vertex 8.207573636402982 2.5598501384030996 3.2
      vertex 8.4375 2.7063293868263707 3.2
      vertex -23.5 9.5 3.2
    endloop
  endfacet
  facet normal 0 0 1
    outer loop
      vertex 8.4375 2.7063293868263707 3.2
      vertex 8.679317932060314 2.832211834489531 3.2
      vertex -23.5 9.5 3.2
    endloop
  endfacet
  facet normal 0 0 1
    outer loop
      vertex 8.679317932060314 2.832211834489531 3.2
      vertex 8.931187052107285 2.936539439955964 3.2
      vertex -23.5 9.5 3.2
    endloop
  endfacet
  facet normal 0 0 1
    outer loop
      vertex 8.931187052107285 2.936539439955964 3.2
      vertex 9.191190484054623 3.0185182071533387 3.2
      vertex -23.5 9.5 3.2
    endloop
  endfacet
  facet normal 0 0 1
    outer loop
      vertex 9.191190484054623 3.0185182071533387 3.2
      vertex 9.457349444790843 3.07752422816315 3.2
      vertex -23.5 9.5 3.2
    endloop
  endfacet
  facet normal 0 0 1
    outer loop
      vertex 9.457349444790843 3.07752422816315 3.2
      vertex 9.727638303913569 3.113108431536705 3.2
      vertex -23.5 9.5 3.2
    endloop
  endfacet
  facet normal 0 0 1
    outer loop
      vertex 9.727638303913569 3.113108431536705 3.2
      vertex 10 3.125 3.2
      vertex -23.5 9.5 3.2
    endloop
  endfacet
  facet normal 0 0 1
    outer loop
      vertex 10 3.125 3.2
      vertex 10.272361696086431 3.113108431536705 3.2
      vertex -23.5 9.5 3.2
    endloop
  endfacet
  facet normal 0 0 1
    outer loop
      vertex 10.272361696086431 3.113108431536705 3.2
      vertex 10.542650555209157 3.07752422816315 3.2
      vertex -23.5 9.5 3.2
    endloop
  endfacet
  facet normal 0 -1 0
    outer loop
      vertex -24 11 23.8
      vertex -23.5 11 4
      vertex 23.5 11 4
    endloop
  endfacet
  facet normal 0.9990482215818576 -0.0436193873653384 0
    outer loop
      vertex -26 9 3.2
      vertex -25.99238939618349 9.174311485495316 23.8
      vertex -26 9 23.8
    endloop
  endfacet
  facet normal 0.9914448613738095 -0.13052619222005876 0
    outer loop
      vertex -25.99238939618349 9.174311485495316 3.2
      vertex -25.969615506024414 9.34729635533386 23.8
      vertex -25.99238939618349 9.174311485495316 23.8
    endloop
  endfacet
  facet normal 0.9762960071199343 -0.21643961393809918 0
    outer loop
      vertex -25.969615506024414 9.34729635533386 3.2
      vertex -25.931851652578136 9.517638090205041 23.8
      vertex -25.969615506024414 9.34729635533386 23.8
    endloop
  endfacet
  facet normal 0.9537169507482299 -0.3007057995042634 0
    outer loop
      vertex -25.931851652578136 9.517638090205041 3.2
      vertex -25.879385241571818 9.684040286651337 23.8
      vertex -25.931851652578136 9.517638090205041 23.8
    endloop
  endfacet
  facet normal 0.9238795325112817 -0.3826834323651019 0
    outer loop
      vertex -25.879385241571818 9.684040286651337 3.2
      vertex -25.8126155740733 9.845236523481399 23.8
      vertex -25.879385241571818 9.684040286651337 23.8
    endloop
  endfacet
  facet normal 0.8870108331782287 -0.46174861323502037 0
    outer loop
      vertex -25.8126155740733 9.845236523481399 3.2
      vertex -25.73205080756888 10 23.8
      vertex -25.8126155740733 9.845236523481399 23.8
    endloop
  endfacet
  facet normal 0.8433914458128784 -0.5372996083468354 0
    outer loop
      vertex -25.73205080756888 10 3.2
      vertex -25.638304088577982 10.147152872702092 23.8
      vertex -25.73205080756888 10 23.8
    endloop
  endfacet
  facet normal 0.7933533402912454 -0.6087614290087073 0
    outer loop
      vertex -25.638304088577982 10.147152872702092 3.2
      vertex -25.532088886237958 10.28557521937308 23.8
      vertex -25.638304088577982 10.147152872702092 23.8
    endloop
  endfacet
  facet normal 0.737277336810122 -0.6755902076156626 0
    outer loop
      vertex -25.532088886237958 10.28557521937308 3.2
      vertex -25.414213562373096 10.414213562373096 23.8
      vertex -25.532088886237958 10.28557521937308 23.8
    endloop
  endfacet
  facet normal 0.6755902076156569 -0.7372773368101271 0
    outer loop
      vertex -25.414213562373096 10.414213562373096 3.2
      vertex -25.28557521937308 10.532088886237956 23.8
      vertex -25.414213562373096 10.414213562373096 23.8
    endloop
  endfacet
  facet normal 0.6087614290087251 -0.7933533402912317 0
    outer loop
      vertex -25.28557521937308 10.532088886237956 3.2
      vertex -25.147152872702094 10.638304088577984 23.8
      vertex -25.28557521937308 10.532088886237956 23.8
    endloop
  endfacet
  facet normal 0.5372996083468162 -0.8433914458128905 0
    outer loop
      vertex -25.147152872702094 10.638304088577984 3.2
      vertex -25 10.732050807568877 23.8
      vertex -25.147152872702094 10.638304088577984 23.8
    endloop
  endfacet
  facet normal 0.4617486132350406 -0.8870108331782183 0
    outer loop
      vertex -25 10.732050807568877 3.2
      vertex -24.8452365234814 10.8126155740733 23.8
      vertex -25 10.732050807568877 23.8
    endloop
  endfacet
  facet normal 0.38268343236509317 -0.9238795325112854 0
    outer loop
      vertex -24.8452365234814 10.8126155740733 3.2
      vertex -24.68404028665134 10.879385241571818 23.8
      vertex -24.8452365234814 10.8126155740733 23.8
    endloop
  endfacet
  facet normal 0.30070579950426685 -0.9537169507482289 0
    outer loop
      vertex -24.68404028665134 10.879385241571818 3.2
      vertex -24.51763809020504 10.931851652578137 23.8
      vertex -24.68404028665134 10.879385241571818 23.8
    endloop
  endfacet
  facet normal 0.2164396139381013 -0.9762960071199337 0
    outer loop
      vertex -24.51763809020504 10.931851652578137 3.2
      vertex -24.34729635533386 10.969615506024416 23.8
      vertex -24.51763809020504 10.931851652578137 23.8
    endloop
  endfacet
  facet normal 0.13052619222004877 -0.9914448613738108 0
    outer loop
      vertex -24.34729635533386 10.969615506024416 3.2
      vertex -24.174311485495316 10.99238939618349 23.8
      vertex -24.34729635533386 10.969615506024416 23.8
    endloop
  endfacet
  facet normal 0.0436193873653384 -0.9990482215818576 0
    outer loop
      vertex -24.174311485495316 10.99238939618349 3.2
      vertex -24 11 23.8
      vertex -24.174311485495316 10.99238939618349 23.8
    endloop
  endfacet
  facet normal 0 0 1
    outer loop
      vertex 10 -3.125 3.2
      vertex -23.5 -9.5 3.2
      vertex 23.5 -9.5 3.2
    endloop
  endfacet
  facet normal 0 1 0
    outer loop
      vertex 24 -11 23.8
      vertex 23.5 -11 4
      vertex -23.5 -11 4
    endloop
  endfacet
  facet normal 0 0 1
    outer loop
      vertex -8.4375 -2.7063293868263707 3.2
      vertex 8.679317932060314 -2.8322118344895313 3.2
      vertex 8.4375 -2.7063293868263707 3.2
    endloop
  endfacet
  facet normal 0 0 1
    outer loop
      vertex -8.207573636402982 -2.5598501384030996 3.2
      vertex 8.4375 -2.7063293868263707 3.2
      vertex 8.207573636402982 -2.5598501384030996 3.2
    endloop
  endfacet
  facet normal 0 0 1
    outer loop
      vertex -9.191190484054623 -3.0185182071533387 3.2
      vertex 9.457349444790843 -3.07752422816315 3.2
      vertex 9.191190484054623 -3.0185182071533387 3.2
    endloop
  endfacet
  facet normal 0 0 1
    outer loop
      vertex -8.931187052107285 -2.936539439955964 3.2
      vertex 9.191190484054623 -3.0185182071533387 3.2
      vertex 8.931187052107285 -2.936539439955964 3.2
    endloop
  endfacet
  facet normal 0 0 1
    outer loop
      vertex -9.457349444790843 -3.07752422816315 3.2
      vertex 9.727638303913567 -3.113108431536705 3.2
      vertex 9.457349444790843 -3.07752422816315 3.2
    endloop
  endfacet
  facet normal 0 0 1
    outer loop
      vertex -9.727638303913569 -3.113108431536705 3.2
      vertex 10 -3.125 3.2
      vertex 9.727638303913567 -3.113108431536705 3.2
    endloop
  endfacet
  facet normal 0 0 1
    outer loop
      vertex -8.679317932060314 -2.832211834489531 3.2
      vertex 8.931187052107285 -2.936539439955964 3.2
      vertex 8.679317932060314 -2.8322118344895313 3.2
    endloop
  endfacet
  facet normal 0 0 1
    outer loop
      vertex -7.790291308792038 -2.2097086912079615 3.2
      vertex 8.207573636402982 -2.5598501384030996 3.2
      vertex 7.991288719729565 -2.393888884746807 3.2
    endloop
  endfacet
  facet normal 0 0 1
    outer loop
      vertex -7.606111115253193 -2.008711280270435 3.2
      vertex 7.991288719729565 -2.393888884746807 3.2
      vertex 7.790291308792038 -2.2097086912079615 3.2
    endloop
  endfacet
  facet normal 0 0 1
    outer loop
      vertex -7.606111115253193 -2.008711280270435 3.2
      vertex 7.790291308792038 -2.2097086912079615 3.2
      vertex 7.606111115253193 -2.008711280270435 3.2
    endloop
  endfacet
  facet normal 0 0 1
    outer loop
      vertex -7.29367061317363 -1.5625 3.2
      vertex 7.606111115253193 -2.008711280270435 3.2
      vertex 7.4401498615969 -1.792426363597019 3.2
    endloop
  endfacet
  facet normal 0 0 1
    outer loop
      vertex -7.063460560044036 -1.0688129478927149 3.2
      vertex 7.4401498615969 -1.792426363597019 3.2
      vertex 7.29367061317363 -1.5625 3.2
    endloop
  endfacet
  facet normal 0 0 1
    outer loop
      vertex 10 -3.125 3.2
      vertex 26 -9 3.2
      vertex 10.272361696086431 -3.113108431536705 3.2
    endloop
  endfacet
  facet normal 0 0 1
    outer loop
      vertex 10.272361696086431 -3.113108431536705 3.2
      vertex 26 -9 3.2
      vertex 10.542650555209157 -3.07752422816315 3.2
    endloop
  endfacet
  facet normal 0 0 1
    outer loop
      vertex 10 -3.125 3.2
      vertex 23.5 -9.5 3.2
      vertex 26 -9 3.2
    endloop
  endfacet
  facet normal 0 0 1
    outer loop
      vertex 24 -11 3.2
      vertex 24.174311485495316 -10.99238939618349 3.2
      vertex 24.34729635533386 -10.969615506024416 3.2
    endloop
  endfacet
  facet normal 0 0 1
    outer loop
      vertex 24 -11 3.2
      vertex 24.34729635533386 -10.969615506024416 3.2
      vertex 24.68404028665134 -10.879385241571818 3.2
    endloop
  endfacet
  facet normal 0 0 1
    outer loop
      vertex 24.34729635533386 -10.969615506024416 3.2
      vertex 24.51763809020504 -10.931851652578137 3.2
      vertex 24.68404028665134 -10.879385241571818 3.2
    endloop
  endfacet
  facet normal 0 1 0
    outer loop
      vertex 24 -11 3.2
      vertex 23.5 -11 3.2
      vertex 23.5 -11 4
    endloop
  endfacet
  facet normal 0 0 1
    outer loop
      vertex 24 -11 3.2
      vertex 23.5 -9.5 3.2
      vertex 23.5 -11 3.2
    endloop
  endfacet
  facet normal 0 0 1
    outer loop
      vertex 24.68404028665134 -10.879385241571818 3.2
      vertex 24.8452365234814 -10.8126155740733 3.2
      vertex 25 -10.732050807568877 3.2
    endloop
  endfacet
  facet normal 0 0 1
    outer loop
      vertex 24 -11 3.2
      vertex 24.68404028665134 -10.879385241571818 3.2
      vertex 25.414213562373096 -10.414213562373096 3.2
    endloop
  endfacet
  facet normal 0 0 1
    outer loop
      vertex 24.68404028665134 -10.879385241571818 3.2
      vertex 25 -10.732050807568877 3.2
      vertex 25.414213562373096 -10.414213562373096 3.2
    endloop
  endfacet
  facet normal 0 0 1
    outer loop
      vertex 25 -10.732050807568877 3.2
      vertex 25.147152872702094 -10.638304088577984 3.2
      vertex 25.414213562373096 -10.414213562373096 3.2
    endloop
  endfacet
  facet normal 0 0 1
    outer loop
      vertex 25.147152872702094 -10.638304088577984 3.2
      vertex 25.28557521937308 -10.532088886237956 3.2
      vertex 25.414213562373096 -10.414213562373096 3.2
    endloop
  endfacet
  facet normal 0 0 1
    outer loop
      vertex 24 -11 3.2
      vertex 25.414213562373096 -10.414213562373096 3.2
      vertex 26 -9 3.2
    endloop
  endfacet
  facet normal 0 0 1
    outer loop
      vertex 25.414213562373096 -10.414213562373096 3.2
      vertex 25.532088886237958 -10.28557521937308 3.2
      vertex 25.73205080756888 -10 3.2
    endloop
  endfacet
  facet normal 0 0 1
    outer loop
      vertex 25.532088886237958 -10.28557521937308 3.2
      vertex 25.638304088577982 -10.147152872702092 3.2
      vertex 25.73205080756888 -10 3.2
    endloop
  endfacet
  facet normal 0 0 1
    outer loop
      vertex 24 -11 3.2
      vertex 26 -9 3.2
      vertex 23.5 -9.5 3.2
    endloop
  endfacet
  facet normal 0 0 1
    outer loop
      vertex 25.414213562373096 -10.414213562373096 3.2
      vertex 25.73205080756888 -10 3.2
      vertex 25.879385241571818 -9.684040286651337 3.2
    endloop
  endfacet
  facet normal 0 0 1
    outer loop
      vertex 25.73205080756888 -10 3.2
      vertex 25.8126155740733 -9.845236523481399 3.2
      vertex 25.879385241571818 -9.684040286651337 3.2
    endloop
  endfacet
  facet normal 0 0 1
    outer loop
      vertex 25.414213562373096 -10.414213562373096 3.2
      vertex 25.879385241571818 -9.684040286651337 3.2
      vertex 26 -9 3.2
    endloop
  endfacet
  facet normal 0 0 1
    outer loop
      vertex 25.879385241571818 -9.684040286651337 3.2
      vertex 25.931851652578136 -9.517638090205041 3.2
      vertex 25.969615506024414 -9.34729635533386 3.2
    endloop
  endfacet
  facet normal 0 0 1
    outer loop
      vertex 25.879385241571818 -9.684040286651337 3.2
      vertex 25.969615506024414 -9.34729635533386 3.2
      vertex 26 -9 3.2
    endloop
  endfacet
  facet normal 0 0 1
    outer loop
      vertex 25.969615506024414 -9.34729635533386 3.2
      vertex 25.99238939618349 -9.174311485495316 3.2
      vertex 26 -9 3.2
    endloop
  endfacet
  facet normal -0.0436193873653384 0.9990482215818576 0
    outer loop
      vertex 24 -11 3.2
      vertex 24 -11 23.8
      vertex 24.174311485495316 -10.99238939618349 3.2
    endloop
  endfacet
  facet normal 0 1 0
    outer loop
      vertex 24 -11 3.2
      vertex 23.5 -11 4
      vertex 24 -11 23.8
    endloop
  endfacet
  facet normal -0.13052619222004877 0.9914448613738108 0
    outer loop
      vertex 24.174311485495316 -10.99238939618349 3.2
      vertex 24.174311485495316 -10.99238939618349 23.8
      vertex 24.34729635533386 -10.969615506024416 3.2
    endloop
  endfacet
  facet normal -0.2164396139381013 0.9762960071199337 0
    outer loop
      vertex 24.34729635533386 -10.969615506024416 3.2
      vertex 24.34729635533386 -10.969615506024416 23.8
      vertex 24.51763809020504 -10.931851652578137 3.2
    endloop
  endfacet
  facet normal -0.30070579950426685 0.9537169507482289 0
    outer loop
      vertex 24.51763809020504 -10.931851652578137 3.2
      vertex 24.51763809020504 -10.931851652578137 23.8
      vertex 24.68404028665134 -10.879385241571818 3.2
    endloop
  endfacet
  facet normal -0.38268343236509317 0.9238795325112854 0
    outer loop
      vertex 24.68404028665134 -10.879385241571818 3.2
      vertex 24.68404028665134 -10.879385241571818 23.8
      vertex 24.8452365234814 -10.8126155740733 3.2
    endloop
  endfacet
  facet normal -0.4617486132350406 0.8870108331782183 0
    outer loop
      vertex 24.8452365234814 -10.8126155740733 3.2
      vertex 24.8452365234814 -10.8126155740733 23.8
      vertex 25 -10.732050807568877 3.2
    endloop
  endfacet
  facet normal -0.5372996083468162 0.8433914458128905 0
    outer loop
      vertex 25 -10.732050807568877 3.2
      vertex 25 -10.732050807568877 23.8
      vertex 25.147152872702094 -10.638304088577984 3.2
    endloop
  endfacet
  facet normal -0.6087614290087251 0.7933533402912317 0
    outer loop
      vertex 25.147152872702094 -10.638304088577984 3.2
      vertex 25.147152872702094 -10.638304088577984 23.8
      vertex 25.28557521937308 -10.532088886237956 3.2
    endloop
  endfacet
  facet normal -0.6755902076156569 0.7372773368101271 0
    outer loop
      vertex 25.28557521937308 -10.532088886237956 3.2
      vertex 25.28557521937308 -10.532088886237956 23.8
      vertex 25.414213562373096 -10.414213562373096 3.2
    endloop
  endfacet
  facet normal -0.737277336810122 0.6755902076156626 0
    outer loop
      vertex 25.414213562373096 -10.414213562373096 3.2
      vertex 25.414213562373096 -10.414213562373096 23.8
      vertex 25.532088886237958 -10.28557521937308 3.2
    endloop
  endfacet
  facet normal -0.7933533402912454 0.6087614290087073 0
    outer loop
      vertex 25.532088886237958 -10.28557521937308 3.2
      vertex 25.532088886237958 -10.28557521937308 23.8
      vertex 25.638304088577982 -10.147152872702092 3.2
    endloop
  endfacet
  facet normal -0.8433914458128784 0.5372996083468354 0
    outer loop
      vertex 25.638304088577982 -10.147152872702092 3.2
      vertex 25.638304088577982 -10.147152872702092 23.8
      vertex 25.73205080756888 -10 3.2
    endloop
  endfacet
  facet normal -0.8870108331782287 0.46174861323502037 0
    outer loop
      vertex 25.73205080756888 -10 3.2
      vertex 25.73205080756888 -10 23.8
      vertex 25.8126155740733 -9.845236523481399 3.2
    endloop
  endfacet
  facet normal -0.9238795325112817 0.3826834323651019 0
    outer loop
      vertex 25.8126155740733 -9.845236523481399 3.2
      vertex 25.8126155740733 -9.845236523481399 23.8
      vertex 25.879385241571818 -9.684040286651337 3.2
    endloop
  endfacet
  facet normal -0.9537169507482299 0.3007057995042634 0
    outer loop
      vertex 25.879385241571818 -9.684040286651337 3.2
      vertex 25.879385241571818 -9.684040286651337 23.8
      vertex 25.931851652578136 -9.517638090205041 3.2
    endloop
  endfacet
  facet normal -0.9762960071199343 0.21643961393809918 0
    outer loop
      vertex 25.931851652578136 -9.517638090205041 3.2
      vertex 25.931851652578136 -9.517638090205041 23.8
      vertex 25.969615506024414 -9.34729635533386 3.2
    endloop
  endfacet
  facet normal -0.9914448613738095 0.13052619222005876 0
    outer loop
      vertex 25.969615506024414 -9.34729635533386 3.2
      vertex 25.969615506024414 -9.34729635533386 23.8
      vertex 25.99238939618349 -9.174311485495316 3.2
    endloop
  endfacet
  facet normal -0.9990482215818576 0.0436193873653384 0
    outer loop
      vertex 25.99238939618349 -9.174311485495316 3.2
      vertex 25.99238939618349 -9.174311485495316 23.8
      vertex 26 -9 3.2
    endloop
  endfacet
  facet normal 0 0 1
    outer loop
      vertex 10.542650555209157 -3.07752422816315 3.2
      vertex 26 -9 3.2
      vertex 10.808809515945377 -3.0185182071533387 3.2
    endloop
  endfacet
  facet normal 0 0 1
    outer loop
      vertex 10.808809515945377 -3.0185182071533387 3.2
      vertex 26 -9 3.2
      vertex 11.068812947892715 -2.936539439955964 3.2
    endloop
  endfacet
  facet normal 0 0 1
    outer loop
      vertex 11.068812947892715 -2.936539439955964 3.2
      vertex 26 -9 3.2
      vertex 11.320682067939686 -2.832211834489531 3.2
    endloop
  endfacet
  facet normal 0 0 1
    outer loop
      vertex 11.320682067939686 -2.832211834489531 3.2
      vertex 26 -9 3.2
      vertex 11.5625 -2.7063293868263707 3.2
    endloop
  endfacet
  facet normal 0 0 1
    outer loop
      vertex 11.5625 -2.7063293868263707 3.2
      vertex 26 -9 3.2
      vertex 11.792426363597018 -2.5598501384030996 3.2
    endloop
  endfacet
  facet normal 0 0 1
    outer loop
      vertex 11.792426363597018 -2.5598501384030996 3.2
      vertex 26 -9 3.2
      vertex 12.008711280270434 -2.393888884746807 3.2
    endloop
  endfacet
  facet normal 0 0 1
    outer loop
      vertex 12.008711280270434 -2.393888884746807 3.2
      vertex 26 -9 3.2
      vertex 12.209708691207961 -2.2097086912079615 3.2
    endloop
  endfacet
  facet normal 0 0 1
    outer loop
      vertex 12.209708691207961 -2.2097086912079615 3.2
      vertex 26 -9 3.2
      vertex 12.393888884746808 -2.008711280270435 3.2
    endloop
  endfacet
  facet normal 0 0 1
    outer loop
      vertex 12.393888884746808 -2.008711280270435 3.2
      vertex 26 -9 3.2
      vertex 12.5598501384031 -1.792426363597019 3.2
    endloop
  endfacet
  facet normal 0 0 1
    outer loop
      vertex 12.5598501384031 -1.792426363597019 3.2
      vertex 26 -9 3.2
      vertex 12.70632938682637 -1.5625 3.2
    endloop
  endfacet
  facet normal 0 0 1
    outer loop
      vertex 12.70632938682637 -1.5625 3.2
      vertex 26 -9 3.2
      vertex 12.83221183448953 -1.3206820679396858 3.2
    endloop
  endfacet
  facet normal 0 0 1
    outer loop
      vertex 12.83221183448953 -1.3206820679396858 3.2
      vertex 26 -9 3.2
      vertex 12.936539439955965 -1.0688129478927149 3.2
    endloop
  endfacet
  facet normal 0 0 1
    outer loop
      vertex 12.936539439955965 -1.0688129478927149 3.2
      vertex 26 -9 3.2
      vertex 13.018518207153338 -0.8088095159453773 3.2
    endloop
  endfacet
  facet normal 0 0 1
    outer loop
      vertex 13.018518207153338 -0.8088095159453773 3.2
      vertex 26 -9 3.2
      vertex 23.5 9.5 3.2
    endloop
  endfacet
  facet normal -0.0436193873653384 0.9990482215818576 0
    outer loop
      vertex 24.174311485495316 -10.99238939618349 3.2
      vertex 24 -11 23.8
      vertex 24.174311485495316 -10.99238939618349 23.8
    endloop
  endfacet
  facet normal -0.13052619222004877 0.9914448613738108 0
    outer loop
      vertex 24.34729635533386 -10.969615506024416 3.2
      vertex 24.174311485495316 -10.99238939618349 23.8
      vertex 24.34729635533386 -10.969615506024416 23.8
    endloop
  endfacet
  facet normal -0.2164396139381013 0.9762960071199337 0
    outer loop
      vertex 24.51763809020504 -10.931851652578137 3.2
      vertex 24.34729635533386 -10.969615506024416 23.8
      vertex 24.51763809020504 -10.931851652578137 23.8
    endloop
  endfacet
  facet normal -0.30070579950426685 0.9537169507482289 0
    outer loop
      vertex 24.68404028665134 -10.879385241571818 3.2
      vertex 24.51763809020504 -10.931851652578137 23.8
      vertex 24.68404028665134 -10.879385241571818 23.8
    endloop
  endfacet
  facet normal -0.38268343236509317 0.9238795325112854 0
    outer loop
      vertex 24.8452365234814 -10.8126155740733 3.2
      vertex 24.68404028665134 -10.879385241571818 23.8
      vertex 24.8452365234814 -10.8126155740733 23.8
    endloop
  endfacet
  facet normal -0.4617486132350406 0.8870108331782183 0
    outer loop
      vertex 25 -10.732050807568877 3.2
      vertex 24.8452365234814 -10.8126155740733 23.8
      vertex 25 -10.732050807568877 23.8
    endloop
  endfacet
  facet normal -0.5372996083468162 0.8433914458128905 0
    outer loop
      vertex 25.147152872702094 -10.638304088577984 3.2
      vertex 25 -10.732050807568877 23.8
      vertex 25.147152872702094 -10.638304088577984 23.8
    endloop
  endfacet
  facet normal -0.6087614290087251 0.7933533402912317 0
    outer loop
      vertex 25.28557521937308 -10.532088886237956 3.2
      vertex 25.147152872702094 -10.638304088577984 23.8
      vertex 25.28557521937308 -10.532088886237956 23.8
    endloop
  endfacet
  facet normal -0.6755902076156569 0.7372773368101271 0
    outer loop
      vertex 25.414213562373096 -10.414213562373096 3.2
      vertex 25.28557521937308 -10.532088886237956 23.8
      vertex 25.414213562373096 -10.414213562373096 23.8
    endloop
  endfacet
  facet normal -0.737277336810122 0.6755902076156626 0
    outer loop
      vertex 25.532088886237958 -10.28557521937308 3.2
      vertex 25.414213562373096 -10.414213562373096 23.8
      vertex 25.532088886237958 -10.28557521937308 23.8
    endloop
  endfacet
  facet normal -0.7933533402912454 0.6087614290087073 0
    outer loop
      vertex 25.638304088577982 -10.147152872702092 3.2
      vertex 25.532088886237958 -10.28557521937308 23.8
      vertex 25.638304088577982 -10.147152872702092 23.8
    endloop
  endfacet
  facet normal -0.8433914458128784 0.5372996083468354 0
    outer loop
      vertex 25.73205080756888 -10 3.2
      vertex 25.638304088577982 -10.147152872702092 23.8
      vertex 25.73205080756888 -10 23.8
    endloop
  endfacet
  facet normal -0.8870108331782287 0.46174861323502037 0
    outer loop
      vertex 25.8126155740733 -9.845236523481399 3.2
      vertex 25.73205080756888 -10 23.8
      vertex 25.8126155740733 -9.845236523481399 23.8
    endloop
  endfacet
  facet normal -0.9238795325112817 0.3826834323651019 0
    outer loop
      vertex 25.879385241571818 -9.684040286651337 3.2
      vertex 25.8126155740733 -9.845236523481399 23.8
      vertex 25.879385241571818 -9.684040286651337 23.8
    endloop
  endfacet
  facet normal -0.9537169507482299 0.3007057995042634 0
    outer loop
      vertex 25.931851652578136 -9.517638090205041 3.2
      vertex 25.879385241571818 -9.684040286651337 23.8
      vertex 25.931851652578136 -9.517638090205041 23.8
    endloop
  endfacet
  facet normal -0.9762960071199343 0.21643961393809918 0
    outer loop
      vertex 25.969615506024414 -9.34729635533386 3.2
      vertex 25.931851652578136 -9.517638090205041 23.8
      vertex 25.969615506024414 -9.34729635533386 23.8
    endloop
  endfacet
  facet normal -0.9914448613738095 0.13052619222005876 0
    outer loop
      vertex 25.99238939618349 -9.174311485495316 3.2
      vertex 25.969615506024414 -9.34729635533386 23.8
      vertex 25.99238939618349 -9.174311485495316 23.8
    endloop
  endfacet
  facet normal -0.9990482215818576 0.0436193873653384 0
    outer loop
      vertex 26 -9 3.2
      vertex 25.99238939618349 -9.174311485495316 23.8
      vertex 26 -9 23.8
    endloop
  endfacet
  facet normal -1 0 0
    outer loop
      vertex 26 -9 3.2
      vertex 26 -9 23.8
      vertex 26 9 23.8
    endloop
  endfacet
  facet normal 0 0 1
    outer loop
      vertex 11.5625 2.7063293868263707 3.2
      vertex 23.5 9.5 3.2
      vertex 11.320682067939686 2.832211834489531 3.2
    endloop
  endfacet
  facet normal 0 0 1
    outer loop
      vertex 11.5625 2.7063293868263707 3.2
      vertex 11.792426363597018 2.5598501384030996 3.2
      vertex 23.5 9.5 3.2
    endloop
  endfacet
  facet normal 0 0 1
    outer loop
      vertex 10.542650555209157 3.07752422816315 3.2
      vertex 10.808809515945377 3.0185182071533387 3.2
      vertex 23.5 9.5 3.2
    endloop
  endfacet
  facet normal 0 0 1
    outer loop
      vertex 10.808809515945377 3.0185182071533387 3.2
      vertex 11.068812947892715 2.936539439955964 3.2
      vertex 23.5 9.5 3.2
    endloop
  endfacet
  facet normal 0 0 1
    outer loop
      vertex 11.320682067939686 2.832211834489531 3.2
      vertex 23.5 9.5 3.2
      vertex 11.068812947892715 2.936539439955964 3.2
    endloop
  endfacet
  facet normal 0 0 1
    outer loop
      vertex 10.542650555209157 3.07752422816315 3.2
      vertex 23.5 9.5 3.2
      vertex -23.5 9.5 3.2
    endloop
  endfacet
  facet normal 0 0 1
    outer loop
      vertex 13.018518207153338 -0.8088095159453773 3.2
      vertex 23.5 9.5 3.2
      vertex 13.07752422816315 -0.5426505552091573 3.2
    endloop
  endfacet
  facet normal 0 0 1
    outer loop
      vertex 13.07752422816315 -0.5426505552091573 3.2
      vertex 23.5 9.5 3.2
      vertex 13.113108431536705 -0.27236169608643174 3.2
    endloop
  endfacet
  facet normal 0 0 1
    outer loop
      vertex 13.113108431536705 -0.27236169608643174 3.2
      vertex 23.5 9.5 3.2
      vertex 13.125 0 3.2
    endloop
  endfacet
  facet normal 0 0 1
    outer loop
      vertex 13.125 0 3.2
      vertex 23.5 9.5 3.2
      vertex 13.113108431536705 0.27236169608643174 3.2
    endloop
  endfacet
  facet normal 0 0 1
    outer loop
      vertex 13.113108431536705 0.27236169608643174 3.2
      vertex 23.5 9.5 3.2
      vertex 13.07752422816315 0.5426505552091573 3.2
    endloop
  endfacet
  facet normal 0 0 1
    outer loop
      vertex 13.07752422816315 0.5426505552091573 3.2
      vertex 23.5 9.5 3.2
      vertex 13.018518207153338 0.8088095159453773 3.2
    endloop
  endfacet
  facet normal 0 0 1
    outer loop
      vertex 13.018518207153338 0.8088095159453773 3.2
      vertex 23.5 9.5 3.2
      vertex 12.936539439955965 1.0688129478927149 3.2
    endloop
  endfacet
  facet normal 0 0 1
    outer loop
      vertex 12.936539439955965 1.0688129478927149 3.2
      vertex 23.5 9.5 3.2
      vertex 12.83221183448953 1.3206820679396858 3.2
    endloop
  endfacet
  facet normal 0 0 1
    outer loop
      vertex 12.70632938682637 1.5625 3.2
      vertex 12.83221183448953 1.3206820679396858 3.2
      vertex 23.5 9.5 3.2
    endloop
  endfacet
  facet normal 0 0 1
    outer loop
      vertex 12.5598501384031 1.792426363597019 3.2
      vertex 23.5 9.5 3.2
      vertex 12.393888884746808 2.008711280270435 3.2
    endloop
  endfacet
  facet normal 0 0 1
    outer loop
      vertex 12.393888884746808 2.008711280270435 3.2
      vertex 23.5 9.5 3.2
      vertex 12.209708691207961 2.2097086912079615 3.2
    endloop
  endfacet
  facet normal 0 0 1
    outer loop
      vertex 12.70632938682637 1.5625 3.2
      vertex 23.5 9.5 3.2
      vertex 12.5598501384031 1.792426363597019 3.2
    endloop
  endfacet
  facet normal 0 0 1
    outer loop
      vertex 12.209708691207961 2.2097086912079615 3.2
      vertex 23.5 9.5 3.2
      vertex 12.008711280270434 2.393888884746807 3.2
    endloop
  endfacet
  facet normal 0 0 1
    outer loop
      vertex 11.792426363597018 2.5598501384030996 3.2
      vertex 12.008711280270434 2.393888884746807 3.2
      vertex 23.5 9.5 3.2
    endloop
  endfacet
  facet normal 0 0 1
    outer loop
      vertex 26 -9 3.2
      vertex 26 9 3.2
      vertex 25.99238939618349 9.174311485495316 3.2
    endloop
  endfacet
  facet normal 0 0 1
    outer loop
      vertex 26 -9 3.2
      vertex 25.99238939618349 9.174311485495316 3.2
      vertex 24.68404028665134 10.879385241571818 3.2
    endloop
  endfacet
  facet normal 0 0 1
    outer loop
      vertex 26 -9 3.2
      vertex 24.68404028665134 10.879385241571818 3.2
      vertex 23.5 9.5 3.2
    endloop
  endfacet
  facet normal -1 0 0
    outer loop
      vertex 26 -9 3.2
      vertex 26 9 23.8
      vertex 26 9 3.2
    endloop
  endfacet
  facet normal 0 0 1
    outer loop
      vertex 25.99238939618349 9.174311485495316 3.2
      vertex 25.969615506024414 9.34729635533386 3.2
      vertex 25.931851652578136 9.517638090205041 3.2
    endloop
  endfacet
  facet normal 0 0 1
    outer loop
      vertex 25.99238939618349 9.174311485495316 3.2
      vertex 25.931851652578136 9.517638090205041 3.2
      vertex 25.879385241571818 9.684040286651337 3.2
    endloop
  endfacet
  facet normal 0 0 1
    outer loop
      vertex 25.99238939618349 9.174311485495316 3.2
      vertex 25.879385241571818 9.684040286651337 3.2
      vertex 25.73205080756888 10 3.2
    endloop
  endfacet
  facet normal 0 0 1
    outer loop
      vertex 25.99238939618349 9.174311485495316 3.2
      vertex 25.73205080756888 10 3.2
      vertex 25.532088886237958 10.28557521937308 3.2
    endloop
  endfacet
  facet normal 0 0 1
    outer loop
      vertex 25.879385241571818 9.684040286651337 3.2
      vertex 25.8126155740733 9.845236523481399 3.2
      vertex 25.73205080756888 10 3.2
    endloop
  endfacet
  facet normal 0 0 1
    outer loop
      vertex 24.68404028665134 10.879385241571818 3.2
      vertex 24 11 3.2
      vertex 23.5 9.5 3.2
    endloop
  endfacet
  facet normal 0 0 1
    outer loop
      vertex 24 11 3.2
      vertex 23.5 11 3.2
      vertex 23.5 9.5 3.2
    endloop
  endfacet
  facet normal 0 0 1
    outer loop
      vertex 25.99238939618349 9.174311485495316 3.2
      vertex 25.532088886237958 10.28557521937308 3.2
      vertex 24.68404028665134 10.879385241571818 3.2
    endloop
  endfacet
  facet normal 0 0 1
    outer loop
      vertex 25.532088886237958 10.28557521937308 3.2
      vertex 25.414213562373096 10.414213562373096 3.2
      vertex 25.147152872702094 10.638304088577984 3.2
    endloop
  endfacet
  facet normal 0 0 1
    outer loop
      vertex 24.68404028665134 10.879385241571818 3.2
      vertex 25.147152872702094 10.638304088577984 3.2
      vertex 24.8452365234814 10.8126155740733 3.2
    endloop
  endfacet
  facet normal 0 0 1
    outer loop
      vertex 24.8452365234814 10.8126155740733 3.2
      vertex 25.147152872702094 10.638304088577984 3.2
      vertex 25 10.732050807568877 3.2
    endloop
  endfacet
  facet normal 0 0 1
    outer loop
      vertex 25.414213562373096 10.414213562373096 3.2
      vertex 25.28557521937308 10.532088886237956 3.2
      vertex 25.147152872702094 10.638304088577984 3.2
    endloop
  endfacet
  facet normal 0 0 1
    outer loop
      vertex 25.532088886237958 10.28557521937308 3.2
      vertex 25.147152872702094 10.638304088577984 3.2
      vertex 24.68404028665134 10.879385241571818 3.2
    endloop
  endfacet
  facet normal 0 0 1
    outer loop
      vertex 24 11 3.2
      vertex 24.34729635533386 10.969615506024416 3.2
      vertex 24.174311485495316 10.99238939618349 3.2
    endloop
  endfacet
  facet normal 0 0 1
    outer loop
      vertex 24.68404028665134 10.879385241571818 3.2
      vertex 24.34729635533386 10.969615506024416 3.2
      vertex 24 11 3.2
    endloop
  endfacet
  facet normal 0 0 1
    outer loop
      vertex 24.68404028665134 10.879385241571818 3.2
      vertex 24.51763809020504 10.931851652578137 3.2
      vertex 24.34729635533386 10.969615506024416 3.2
    endloop
  endfacet
  facet normal 0 -1 0
    outer loop
      vertex 24 11 3.2
      vertex 23.5 11 4
      vertex 23.5 11 3.2
    endloop
  endfacet
  facet normal 0 0 1
    outer loop
      vertex 25.73205080756888 10 3.2
      vertex 25.638304088577982 10.147152872702092 3.2
      vertex 25.532088886237958 10.28557521937308 3.2
    endloop
  endfacet
  facet normal -0.9990482215818576 -0.0436193873653384 0
    outer loop
      vertex 26 9 3.2
      vertex 26 9 23.8
      vertex 25.99238939618349 9.174311485495316 3.2
    endloop
  endfacet
  facet normal -0.9914448613738095 -0.13052619222005876 0
    outer loop
      vertex 25.99238939618349 9.174311485495316 3.2
      vertex 25.99238939618349 9.174311485495316 23.8
      vertex 25.969615506024414 9.34729635533386 3.2
    endloop
  endfacet
  facet normal -0.9762960071199343 -0.21643961393809918 0
    outer loop
      vertex 25.969615506024414 9.34729635533386 3.2
      vertex 25.969615506024414 9.34729635533386 23.8
      vertex 25.931851652578136 9.517638090205041 3.2
    endloop
  endfacet
  facet normal -0.9537169507482299 -0.3007057995042634 0
    outer loop
      vertex 25.931851652578136 9.517638090205041 3.2
      vertex 25.931851652578136 9.517638090205041 23.8
      vertex 25.879385241571818 9.684040286651337 3.2
    endloop
  endfacet
  facet normal -0.9238795325112817 -0.3826834323651019 0
    outer loop
      vertex 25.879385241571818 9.684040286651337 3.2
      vertex 25.879385241571818 9.684040286651337 23.8
      vertex 25.8126155740733 9.845236523481399 3.2
    endloop
  endfacet
  facet normal -0.8870108331782287 -0.46174861323502037 0
    outer loop
      vertex 25.8126155740733 9.845236523481399 3.2
      vertex 25.8126155740733 9.845236523481399 23.8
      vertex 25.73205080756888 10 3.2
    endloop
  endfacet
  facet normal -0.8433914458128784 -0.5372996083468354 0
    outer loop
      vertex 25.73205080756888 10 3.2
      vertex 25.73205080756888 10 23.8
      vertex 25.638304088577982 10.147152872702092 3.2
    endloop
  endfacet
  facet normal -0.737277336810122 -0.6755902076156626 0
    outer loop
      vertex 25.532088886237958 10.28557521937308 3.2
      vertex 25.532088886237958 10.28557521937308 23.8
      vertex 25.414213562373096 10.414213562373096 3.2
    endloop
  endfacet
  facet normal -0.6755902076156569 -0.7372773368101271 0
    outer loop
      vertex 25.414213562373096 10.414213562373096 3.2
      vertex 25.414213562373096 10.414213562373096 23.8
      vertex 25.28557521937308 10.532088886237956 3.2
    endloop
  endfacet
  facet normal -0.5372996083468162 -0.8433914458128905 0
    outer loop
      vertex 25 10.732050807568877 3.2
      vertex 25.147152872702094 10.638304088577984 3.2
      vertex 25.147152872702094 10.638304088577984 23.8
    endloop
  endfacet
  facet normal -0.38268343236509317 -0.9238795325112854 0
    outer loop
      vertex 24.68404028665134 10.879385241571818 3.2
      vertex 24.8452365234814 10.8126155740733 3.2
      vertex 24.8452365234814 10.8126155740733 23.8
    endloop
  endfacet
  facet normal -0.4617486132350406 -0.8870108331782183 0
    outer loop
      vertex 24.8452365234814 10.8126155740733 3.2
      vertex 25 10.732050807568877 3.2
      vertex 25 10.732050807568877 23.8
    endloop
  endfacet
  facet normal -0.6087614290087251 -0.7933533402912317 0
    outer loop
      vertex 25.28557521937308 10.532088886237956 3.2
      vertex 25.28557521937308 10.532088886237956 23.8
      vertex 25.147152872702094 10.638304088577984 3.2
    endloop
  endfacet
  facet normal -0.0436193873653384 -0.9990482215818576 0
    outer loop
      vertex 24 11 3.2
      vertex 24.174311485495316 10.99238939618349 3.2
      vertex 24.174311485495316 10.99238939618349 23.8
    endloop
  endfacet
  facet normal 0 -1 0
    outer loop
      vertex 24 11 3.2
      vertex 24 11 23.8
      vertex 23.5 11 4
    endloop
  endfacet
  facet normal -0.13052619222004877 -0.9914448613738108 0
    outer loop
      vertex 24.34729635533386 10.969615506024416 3.2
      vertex 24.34729635533386 10.969615506024416 23.8
      vertex 24.174311485495316 10.99238939618349 3.2
    endloop
  endfacet
  facet normal -0.2164396139381013 -0.9762960071199337 0
    outer loop
      vertex 24.34729635533386 10.969615506024416 3.2
      vertex 24.51763809020504 10.931851652578137 3.2
      vertex 24.51763809020504 10.931851652578137 23.8
    endloop
  endfacet
  facet normal -0.30070579950426685 -0.9537169507482289 0
    outer loop
      vertex 24.68404028665134 10.879385241571818 3.2
      vertex 24.68404028665134 10.879385241571818 23.8
      vertex 24.51763809020504 10.931851652578137 3.2
    endloop
  endfacet
  facet normal -0.7933533402912454 -0.6087614290087073 0
    outer loop
      vertex 25.532088886237958 10.28557521937308 3.2
      vertex 25.638304088577982 10.147152872702092 3.2
      vertex 25.638304088577982 10.147152872702092 23.8
    endloop
  endfacet
  facet normal 0 -1 0
    outer loop
      vertex -24 11 23.8
      vertex 23.5 11 4
      vertex 24 11 23.8
    endloop
  endfacet
  facet normal -0.9990482215818576 -0.0436193873653384 0
    outer loop
      vertex 25.99238939618349 9.174311485495316 3.2
      vertex 26 9 23.8
      vertex 25.99238939618349 9.174311485495316 23.8
    endloop
  endfacet
  facet normal -0.9914448613738095 -0.13052619222005876 0
    outer loop
      vertex 25.969615506024414 9.34729635533386 3.2
      vertex 25.99238939618349 9.174311485495316 23.8
      vertex 25.969615506024414 9.34729635533386 23.8
    endloop
  endfacet
  facet normal -0.9762960071199343 -0.21643961393809918 0
    outer loop
      vertex 25.931851652578136 9.517638090205041 3.2
      vertex 25.969615506024414 9.34729635533386 23.8
      vertex 25.931851652578136 9.517638090205041 23.8
    endloop
  endfacet
  facet normal -0.9537169507482299 -0.3007057995042634 0
    outer loop
      vertex 25.879385241571818 9.684040286651337 3.2
      vertex 25.931851652578136 9.517638090205041 23.8
      vertex 25.879385241571818 9.684040286651337 23.8
    endloop
  endfacet
  facet normal -0.9238795325112817 -0.3826834323651019 0
    outer loop
      vertex 25.8126155740733 9.845236523481399 3.2
      vertex 25.879385241571818 9.684040286651337 23.8
      vertex 25.8126155740733 9.845236523481399 23.8
    endloop
  endfacet
  facet normal -0.8870108331782287 -0.46174861323502037 0
    outer loop
      vertex 25.73205080756888 10 3.2
      vertex 25.8126155740733 9.845236523481399 23.8
      vertex 25.73205080756888 10 23.8
    endloop
  endfacet
  facet normal -0.7933533402912454 -0.6087614290087073 0
    outer loop
      vertex 25.532088886237958 10.28557521937308 3.2
      vertex 25.638304088577982 10.147152872702092 23.8
      vertex 25.532088886237958 10.28557521937308 23.8
    endloop
  endfacet
  facet normal -0.737277336810122 -0.6755902076156626 0
    outer loop
      vertex 25.414213562373096 10.414213562373096 3.2
      vertex 25.532088886237958 10.28557521937308 23.8
      vertex 25.414213562373096 10.414213562373096 23.8
    endloop
  endfacet
  facet normal -0.38268343236509317 -0.9238795325112854 0
    outer loop
      vertex 24.68404028665134 10.879385241571818 3.2
      vertex 24.8452365234814 10.8126155740733 23.8
      vertex 24.68404028665134 10.879385241571818 23.8
    endloop
  endfacet
  facet normal -0.5372996083468162 -0.8433914458128905 0
    outer loop
      vertex 25 10.732050807568877 3.2
      vertex 25.147152872702094 10.638304088577984 23.8
      vertex 25 10.732050807568877 23.8
    endloop
  endfacet
  facet normal -0.4617486132350406 -0.8870108331782183 0
    outer loop
      vertex 24.8452365234814 10.8126155740733 3.2
      vertex 25 10.732050807568877 23.8
      vertex 24.8452365234814 10.8126155740733 23.8
    endloop
  endfacet
  facet normal -0.6755902076156569 -0.7372773368101271 0
    outer loop
      vertex 25.28557521937308 10.532088886237956 3.2
      vertex 25.414213562373096 10.414213562373096 23.8
      vertex 25.28557521937308 10.532088886237956 23.8
    endloop
  endfacet
  facet normal -0.6087614290087251 -0.7933533402912317 0
    outer loop
      vertex 25.147152872702094 10.638304088577984 3.2
      vertex 25.28557521937308 10.532088886237956 23.8
      vertex 25.147152872702094 10.638304088577984 23.8
    endloop
  endfacet
  facet normal -0.0436193873653384 -0.9990482215818576 0
    outer loop
      vertex 24 11 3.2
      vertex 24.174311485495316 10.99238939618349 23.8
      vertex 24 11 23.8
    endloop
  endfacet
  facet normal -0.13052619222004877 -0.9914448613738108 0
    outer loop
      vertex 24.174311485495316 10.99238939618349 3.2
      vertex 24.34729635533386 10.969615506024416 23.8
      vertex 24.174311485495316 10.99238939618349 23.8
    endloop
  endfacet
  facet normal -0.2164396139381013 -0.9762960071199337 0
    outer loop
      vertex 24.34729635533386 10.969615506024416 3.2
      vertex 24.51763809020504 10.931851652578137 23.8
      vertex 24.34729635533386 10.969615506024416 23.8
    endloop
  endfacet
  facet normal -0.30070579950426685 -0.9537169507482289 0
    outer loop
      vertex 24.51763809020504 10.931851652578137 3.2
      vertex 24.68404028665134 10.879385241571818 23.8
      vertex 24.51763809020504 10.931851652578137 23.8
    endloop
  endfacet
  facet normal -0.8433914458128784 -0.5372996083468354 0
    outer loop
      vertex 25.638304088577982 10.147152872702092 3.2
      vertex 25.73205080756888 10 23.8
      vertex 25.638304088577982 10.147152872702092 23.8
    endloop
  endfacet
  facet normal 0 0 1
    outer loop
      vertex -30.06556966910027 -0.4788282006559362 13.8
      vertex -30.01883090185131 -0.5916655664369792 13.8
      vertex -30.01883090185131 0.5916655664369792 13.8
    endloop
  endfacet
  facet normal 0 0 1
    outer loop
      vertex -30.06556966910027 -0.4788282006559362 13.8
      vertex -30.06556966910027 0.4788282006559362 13.8
      vertex -30.102296156804695 -0.36234666314352904 13.8
    endloop
  endfacet
  facet normal 0 0 1
    outer loop
      vertex -30.102296156804695 -0.36234666314352904 13.8
      vertex -30.102296156804695 0.36234666314352904 13.8
      vertex -30.128730854217093 -0.24310744873370244 13.8
    endloop
  endfacet
  facet normal 0 0 1
    outer loop
      vertex -30.128730854217093 -0.24310744873370244 13.8
      vertex -30.128730854217093 0.24310744873370244 13.8
      vertex -30.144672577328443 -0.12201803984672142 13.8
    endloop
  endfacet
  facet normal 0 0 1
    outer loop
      vertex -29.896812862004587 -0.8030070108914644 13.8
      vertex -29.896812862004587 0.8030070108914644 13.8
      vertex -29.962435565298215 -0.7 13.8
    endloop
  endfacet
  facet normal 0 0 1
    outer loop
      vertex -29.822462220366567 -0.8999026535611548 13.8
      vertex -29.822462220366567 0.8999026535611548 13.8
      vertex -29.896812862004587 -0.8030070108914644 13.8
    endloop
  endfacet
  facet normal 0 0 1
    outer loop
      vertex -29.649902653561156 -1.0724622203665692 13.8
      vertex -29.649902653561156 1.0724622203665692 13.8
      vertex -29.739949493661168 -0.9899494936611666 13.8
    endloop
  endfacet
  facet normal 0 0 1
    outer loop
      vertex -29.553007010891463 -1.1468128620045885 13.8
      vertex -29.553007010891463 1.1468128620045885 13.8
      vertex -29.649902653561156 -1.0724622203665692 13.8
    endloop
  endfacet
  facet normal 0 0 1
    outer loop
      vertex -29.822462220366567 -0.8999026535611548 13.8
      vertex -29.739949493661168 -0.9899494936611666 13.8
      vertex -29.739949493661168 0.9899494936611666 13.8
    endloop
  endfacet
  facet normal 0 0 1
    outer loop
      vertex -29.962435565298215 -0.7 13.8
      vertex -29.962435565298215 0.7 13.8
      vertex -30.01883090185131 -0.5916655664369792 13.8
    endloop
  endfacet
  facet normal 0 0 1
    outer loop
      vertex -29.34166556643698 -1.2688309018513098 13.8
      vertex -29.228828200655936 -1.3155696691002716 13.8
      vertex -29.228828200655936 1.3155696691002716 13.8
    endloop
  endfacet
  facet normal 0 0 1
    outer loop
      vertex -29.228828200655936 -1.3155696691002716 13.8
      vertex -29.11234666314353 -1.3522961568046956 13.8
      vertex -29.11234666314353 1.3522961568046956 13.8
    endloop
  endfacet
  facet normal 0 0 1
    outer loop
      vertex -29.11234666314353 -1.3522961568046956 13.8
      vertex -28.993107448733703 -1.378730854217091 13.8
      vertex -28.993107448733703 1.378730854217091 13.8
    endloop
  endfacet
  facet normal 0 0 1
    outer loop
      vertex -28.993107448733703 -1.378730854217091 13.8
      vertex -28.872018039846722 -1.3946725773284436 13.8
      vertex -28.872018039846722 1.3946725773284436 13.8
    endloop
  endfacet
  facet normal 0 0 1
    outer loop
      vertex -28.872018039846722 -1.3946725773284436 13.8
      vertex -28.75 -1.4 13.8
      vertex -28.75 1.4 13.8
    endloop
  endfacet
  facet normal 0 0 1
    outer loop
      vertex -28.75 -1.4 13.8
      vertex -28.627981960153278 -1.3946725773284436 13.8
      vertex -28.627981960153278 1.3946725773284436 13.8
    endloop
  endfacet
  facet normal 0 0 1
    outer loop
      vertex -28.627981960153278 -1.3946725773284436 13.8
      vertex -28.506892551266297 -1.378730854217091 13.8
      vertex -28.506892551266297 1.378730854217091 13.8
    endloop
  endfacet
  facet normal 0 0 1
    outer loop
      vertex -29.553007010891463 -1.1468128620045885 13.8
      vertex -29.45 -1.212435565298214 13.8
      vertex -29.45 1.212435565298214 13.8
    endloop
  endfacet
  facet normal 0 0 1
    outer loop
      vertex -29.34166556643698 -1.2688309018513098 13.8
      vertex -29.34166556643698 1.2688309018513098 13.8
      vertex -29.45 -1.212435565298214 13.8
    endloop
  endfacet
  facet normal 0 0 1
    outer loop
      vertex -28.506892551266297 -1.378730854217091 13.8
      vertex -28.38765333685647 -1.3522961568046956 13.8
      vertex -28.38765333685647 1.3522961568046956 13.8
    endloop
  endfacet
  facet normal 0 0 1
    outer loop
      vertex -28.38765333685647 -1.3522961568046956 13.8
      vertex -28.271171799344064 -1.3155696691002716 13.8
      vertex -28.271171799344064 1.3155696691002716 13.8
    endloop
  endfacet
  facet normal 0 0 1
    outer loop
      vertex -28.271171799344064 -1.3155696691002716 13.8
      vertex -28.15833443356302 -1.2688309018513098 13.8
      vertex -28.15833443356302 1.2688309018513098 13.8
    endloop
  endfacet
  facet normal 0 0 1
    outer loop
      vertex -28.15833443356302 -1.2688309018513098 13.8
      vertex -28.05 -1.212435565298214 13.8
      vertex -28.05 1.212435565298214 13.8
    endloop
  endfacet
  facet normal 0 0 1
    outer loop
      vertex -28.05 -1.212435565298214 13.8
      vertex -27.946992989108537 -1.1468128620045885 13.8
      vertex -27.946992989108537 1.1468128620045885 13.8
    endloop
  endfacet
  facet normal 0 0 1
    outer loop
      vertex -27.946992989108537 -1.1468128620045885 13.8
      vertex -27.850097346438844 -1.0724622203665692 13.8
      vertex -27.850097346438844 1.0724622203665692 13.8
    endloop
  endfacet
  facet normal 0 0 1
    outer loop
      vertex -27.850097346438844 -1.0724622203665692 13.8
      vertex -27.760050506338832 -0.9899494936611666 13.8
      vertex -27.760050506338832 0.9899494936611666 13.8
    endloop
  endfacet
  facet normal 0 0 1
    outer loop
      vertex -27.760050506338832 -0.9899494936611666 13.8
      vertex -27.677537779633433 -0.8999026535611548 13.8
      vertex -27.677537779633433 0.8999026535611548 13.8
    endloop
  endfacet
  facet normal 0 0 1
    outer loop
      vertex -27.677537779633433 -0.8999026535611548 13.8
      vertex -27.603187137995413 -0.8030070108914644 13.8
      vertex -27.603187137995413 0.8030070108914644 13.8
    endloop
  endfacet
  facet normal 0 0 1
    outer loop
      vertex -27.603187137995413 -0.8030070108914644 13.8
      vertex -27.537564434701785 -0.7 13.8
      vertex -27.537564434701785 0.7 13.8
    endloop
  endfacet
  facet normal 0 0 1
    outer loop
      vertex -27.537564434701785 -0.7 13.8
      vertex -27.48116909814869 -0.5916655664369792 13.8
      vertex -27.48116909814869 0.5916655664369792 13.8
    endloop
  endfacet
  facet normal 0 0 1
    outer loop
      vertex -27.48116909814869 -0.5916655664369792 13.8
      vertex -27.43443033089973 -0.4788282006559362 13.8
      vertex -27.43443033089973 0.4788282006559362 13.8
    endloop
  endfacet
  facet normal 0 0 1
    outer loop
      vertex -27.43443033089973 -0.4788282006559362 13.8
      vertex -27.397703843195305 -0.36234666314352904 13.8
      vertex -27.397703843195305 0.36234666314352904 13.8
    endloop
  endfacet
  facet normal 0 0 1
    outer loop
      vertex -27.397703843195305 -0.36234666314352904 13.8
      vertex -27.371269145782907 -0.24310744873370244 13.8
      vertex -27.371269145782907 0.24310744873370244 13.8
    endloop
  endfacet
  facet normal 0 0 1
    outer loop
      vertex -27.371269145782907 -0.24310744873370244 13.8
      vertex -27.355327422671557 -0.12201803984672142 13.8
      vertex -27.355327422671557 0.12201803984672142 13.8
    endloop
  endfacet
  facet normal 0.6087614290087094 0.7933533402912438 0
    outer loop
      vertex -29.553007010891463 -1.1468128620045885 13.8
      vertex -29.649902653561156 -1.0724622203665692 13.8
      vertex -29.649902653561156 -1.0724622203665692 23.8
    endloop
  endfacet
  facet normal 0.7372773368101389 0.6755902076156441 0
    outer loop
      vertex -29.822462220366567 -0.8999026535611548 13.8
      vertex -29.822462220366567 -0.8999026535611548 23.8
      vertex -29.739949493661168 -0.9899494936611666 13.8
    endloop
  endfacet
  facet normal 0.6755902076156585 0.7372773368101256 0
    outer loop
      vertex -29.649902653561156 -1.0724622203665692 13.8
      vertex -29.739949493661168 -0.9899494936611666 13.8
      vertex -29.739949493661168 -0.9899494936611666 23.8
    endloop
  endfacet
  facet normal 0.9238795325112898 0.3826834323650824 0
    outer loop
      vertex -30.06556966910027 -0.4788282006559362 13.8
      vertex -30.06556966910027 -0.4788282006559362 23.8
      vertex -30.01883090185131 -0.5916655664369792 13.8
    endloop
  endfacet
  facet normal 0.8433914458128796 0.5372996083468332 0
    outer loop
      vertex -29.896812862004587 -0.8030070108914644 13.8
      vertex -29.962435565298215 -0.7 13.8
      vertex -29.962435565298215 -0.7 23.8
    endloop
  endfacet
  facet normal 0.7933533402912322 0.6087614290087248 0
    outer loop
      vertex -29.822462220366567 -0.8999026535611548 13.8
      vertex -29.896812862004587 -0.8030070108914644 13.8
      vertex -29.896812862004587 -0.8030070108914644 23.8
    endloop
  endfacet
  facet normal 0.8870108331782247 0.46174861323502814 0
    outer loop
      vertex -29.962435565298215 -0.7 13.8
      vertex -30.01883090185131 -0.5916655664369792 13.8
      vertex -30.01883090185131 -0.5916655664369792 23.8
    endloop
  endfacet
  facet normal 0.9537169507482259 0.3007057995042758 0
    outer loop
      vertex -30.06556966910027 -0.4788282006559362 13.8
      vertex -30.102296156804695 -0.36234666314352904 13.8
      vertex -30.102296156804695 -0.36234666314352904 23.8
    endloop
  endfacet
  facet normal 0.9762960071199291 0.2164396139381219 0
    outer loop
      vertex -30.102296156804695 -0.36234666314352904 13.8
      vertex -30.128730854217093 -0.24310744873370244 13.8
      vertex -30.128730854217093 -0.24310744873370244 23.8
    endloop
  endfacet
  facet normal 0.9914448613738129 0.13052619222003276 0
    outer loop
      vertex -30.128730854217093 -0.24310744873370244 13.8
      vertex -30.144672577328443 -0.12201803984672142 13.8
      vertex -30.144672577328443 -0.12201803984672142 23.8
    endloop
  endfacet
  facet normal 0.9990482215818579 0.04361938736533259 0
    outer loop
      vertex -30.144672577328443 -0.12201803984672142 13.8
      vertex -30.15 0 13.8
      vertex -30.15 0 23.8
    endloop
  endfacet
  facet normal 0.3826834323650887 0.9238795325112872 0
    outer loop
      vertex -29.34166556643698 -1.2688309018513098 13.8
      vertex -29.34166556643698 -1.2688309018513098 23.8
      vertex -29.228828200655936 -1.3155696691002716 13.8
    endloop
  endfacet
  facet normal 0.21643961393810027 0.976296007119934 0
    outer loop
      vertex -29.11234666314353 -1.3522961568046956 13.8
      vertex -29.11234666314353 -1.3522961568046956 23.8
      vertex -28.993107448733703 -1.378730854217091 13.8
    endloop
  endfacet
  facet normal 0.30070579950427584 0.953716950748226 0
    outer loop
      vertex -29.228828200655936 -1.3155696691002716 13.8
      vertex -29.228828200655936 -1.3155696691002716 23.8
      vertex -29.11234666314353 -1.3522961568046956 13.8
    endloop
  endfacet
  facet normal 0.13052619222005268 0.9914448613738103 0
    outer loop
      vertex -28.993107448733703 -1.378730854217091 13.8
      vertex -28.993107448733703 -1.378730854217091 23.8
      vertex -28.872018039846722 -1.3946725773284436 13.8
    endloop
  endfacet
  facet normal 0.043619387365335986 0.9990482215818579 0
    outer loop
      vertex -28.872018039846722 -1.3946725773284436 13.8
      vertex -28.872018039846722 -1.3946725773284436 23.8
      vertex -28.75 -1.4 13.8
    endloop
  endfacet
  facet normal -0.043619387365335986 0.9990482215818579 0
    outer loop
      vertex -28.75 -1.4 13.8
      vertex -28.75 -1.4 23.8
      vertex -28.627981960153278 -1.3946725773284436 13.8
    endloop
  endfacet
  facet normal -0.13052619222005268 0.9914448613738103 0
    outer loop
      vertex -28.627981960153278 -1.3946725773284436 13.8
      vertex -28.627981960153278 -1.3946725773284436 23.8
      vertex -28.506892551266297 -1.378730854217091 13.8
    endloop
  endfacet
  facet normal 0.46174861323503824 0.8870108331782193 0
    outer loop
      vertex -29.34166556643698 -1.2688309018513098 13.8
      vertex -29.45 -1.212435565298214 13.8
      vertex -29.45 -1.212435565298214 23.8
    endloop
  endfacet
  facet normal 0.5372996083468262 0.8433914458128842 0
    outer loop
      vertex -29.553007010891463 -1.1468128620045885 13.8
      vertex -29.553007010891463 -1.1468128620045885 23.8
      vertex -29.45 -1.212435565298214 13.8
    endloop
  endfacet
  facet normal -0.21643961393810027 0.976296007119934 0
    outer loop
      vertex -28.506892551266297 -1.378730854217091 13.8
      vertex -28.506892551266297 -1.378730854217091 23.8
      vertex -28.38765333685647 -1.3522961568046956 13.8
    endloop
  endfacet
  facet normal -0.30070579950427584 0.953716950748226 0
    outer loop
      vertex -28.38765333685647 -1.3522961568046956 13.8
      vertex -28.38765333685647 -1.3522961568046956 23.8
      vertex -28.271171799344064 -1.3155696691002716 13.8
    endloop
  endfacet
  facet normal -0.3826834323650887 0.9238795325112872 0
    outer loop
      vertex -28.271171799344064 -1.3155696691002716 13.8
      vertex -28.271171799344064 -1.3155696691002716 23.8
      vertex -28.15833443356302 -1.2688309018513098 13.8
    endloop
  endfacet
  facet normal -0.46174861323503824 0.8870108331782193 0
    outer loop
      vertex -28.15833443356302 -1.2688309018513098 13.8
      vertex -28.15833443356302 -1.2688309018513098 23.8
      vertex -28.05 -1.212435565298214 13.8
    endloop
  endfacet
  facet normal -0.5372996083468262 0.8433914458128842 0
    outer loop
      vertex -28.05 -1.212435565298214 13.8
      vertex -28.05 -1.212435565298214 23.8
      vertex -27.946992989108537 -1.1468128620045885 13.8
    endloop
  endfacet
  facet normal -0.6087614290087094 0.7933533402912438 0
    outer loop
      vertex -27.946992989108537 -1.1468128620045885 13.8
      vertex -27.946992989108537 -1.1468128620045885 23.8
      vertex -27.850097346438844 -1.0724622203665692 13.8
    endloop
  endfacet
  facet normal -0.6755902076156585 0.7372773368101256 0
    outer loop
      vertex -27.850097346438844 -1.0724622203665692 13.8
      vertex -27.850097346438844 -1.0724622203665692 23.8
      vertex -27.760050506338832 -0.9899494936611666 13.8
    endloop
  endfacet
  facet normal -0.7372773368101389 0.6755902076156441 0
    outer loop
      vertex -27.760050506338832 -0.9899494936611666 13.8
      vertex -27.760050506338832 -0.9899494936611666 23.8
      vertex -27.677537779633433 -0.8999026535611548 13.8
    endloop
  endfacet
  facet normal -0.7933533402912322 0.6087614290087248 0
    outer loop
      vertex -27.677537779633433 -0.8999026535611548 13.8
      vertex -27.677537779633433 -0.8999026535611548 23.8
      vertex -27.603187137995413 -0.8030070108914644 13.8
    endloop
  endfacet
  facet normal -0.8433914458128796 0.5372996083468332 0
    outer loop
      vertex -27.603187137995413 -0.8030070108914644 13.8
      vertex -27.603187137995413 -0.8030070108914644 23.8
      vertex -27.537564434701785 -0.7 13.8
    endloop
  endfacet
  facet normal -0.8870108331782247 0.46174861323502814 0
    outer loop
      vertex -27.537564434701785 -0.7 13.8
      vertex -27.537564434701785 -0.7 23.8
      vertex -27.48116909814869 -0.5916655664369792 13.8
    endloop
  endfacet
  facet normal -0.9238795325112898 0.3826834323650824 0
    outer loop
      vertex -27.48116909814869 -0.5916655664369792 13.8
      vertex -27.48116909814869 -0.5916655664369792 23.8
      vertex -27.43443033089973 -0.4788282006559362 13.8
    endloop
  endfacet
  facet normal -0.9537169507482259 0.3007057995042758 0
    outer loop
      vertex -27.43443033089973 -0.4788282006559362 13.8
      vertex -27.43443033089973 -0.4788282006559362 23.8
      vertex -27.397703843195305 -0.36234666314352904 13.8
    endloop
  endfacet
  facet normal -0.9762960071199291 0.2164396139381219 0
    outer loop
      vertex -27.397703843195305 -0.36234666314352904 13.8
      vertex -27.397703843195305 -0.36234666314352904 23.8
      vertex -27.371269145782907 -0.24310744873370244 13.8
    endloop
  endfacet
  facet normal -0.9914448613738129 0.13052619222003276 0
    outer loop
      vertex -27.371269145782907 -0.24310744873370244 13.8
      vertex -27.371269145782907 -0.24310744873370244 23.8
      vertex -27.355327422671557 -0.12201803984672142 13.8
    endloop
  endfacet
  facet normal -0.9990482215818579 0.04361938736533259 0
    outer loop
      vertex -27.355327422671557 -0.12201803984672142 13.8
      vertex -27.355327422671557 -0.12201803984672142 23.8
      vertex -27.35 0 13.8
    endloop
  endfacet
  facet normal 0.6087614290087094 0.7933533402912438 0
    outer loop
      vertex -29.553007010891463 -1.1468128620045885 13.8
      vertex -29.649902653561156 -1.0724622203665692 23.8
      vertex -29.553007010891463 -1.1468128620045885 23.8
    endloop
  endfacet
  facet normal 0.7933533402912322 0.6087614290087248 0
    outer loop
      vertex -29.822462220366567 -0.8999026535611548 13.8
      vertex -29.896812862004587 -0.8030070108914644 23.8
      vertex -29.822462220366567 -0.8999026535611548 23.8
    endloop
  endfacet
  facet normal 0.6755902076156585 0.7372773368101256 0
    outer loop
      vertex -29.649902653561156 -1.0724622203665692 13.8
      vertex -29.739949493661168 -0.9899494936611666 23.8
      vertex -29.649902653561156 -1.0724622203665692 23.8
    endloop
  endfacet
  facet normal 0.7372773368101389 0.6755902076156441 0
    outer loop
      vertex -29.739949493661168 -0.9899494936611666 13.8
      vertex -29.822462220366567 -0.8999026535611548 23.8
      vertex -29.739949493661168 -0.9899494936611666 23.8
    endloop
  endfacet
  facet normal 0.9238795325112898 0.3826834323650824 0
    outer loop
      vertex -30.01883090185131 -0.5916655664369792 13.8
      vertex -30.06556966910027 -0.4788282006559362 23.8
      vertex -30.01883090185131 -0.5916655664369792 23.8
    endloop
  endfacet
  facet normal 0.9537169507482259 0.3007057995042758 0
    outer loop
      vertex -30.06556966910027 -0.4788282006559362 13.8
      vertex -30.102296156804695 -0.36234666314352904 23.8
      vertex -30.06556966910027 -0.4788282006559362 23.8
    endloop
  endfacet
  facet normal 0.8433914458128796 0.5372996083468332 0
    outer loop
      vertex -29.896812862004587 -0.8030070108914644 13.8
      vertex -29.962435565298215 -0.7 23.8
      vertex -29.896812862004587 -0.8030070108914644 23.8
    endloop
  endfacet
  facet normal 0.8870108331782247 0.46174861323502814 0
    outer loop
      vertex -29.962435565298215 -0.7 13.8
      vertex -30.01883090185131 -0.5916655664369792 23.8
      vertex -29.962435565298215 -0.7 23.8
    endloop
  endfacet
  facet normal 0.9762960071199291 0.2164396139381219 0
    outer loop
      vertex -30.102296156804695 -0.36234666314352904 13.8
      vertex -30.128730854217093 -0.24310744873370244 23.8
      vertex -30.102296156804695 -0.36234666314352904 23.8
    endloop
  endfacet
  facet normal 0.9914448613738129 0.13052619222003276 0
    outer loop
      vertex -30.128730854217093 -0.24310744873370244 13.8
      vertex -30.144672577328443 -0.12201803984672142 23.8
      vertex -30.128730854217093 -0.24310744873370244 23.8
    endloop
  endfacet
  facet normal 0.9990482215818579 0.04361938736533259 0
    outer loop
      vertex -30.144672577328443 -0.12201803984672142 13.8
      vertex -30.15 0 23.8
      vertex -30.144672577328443 -0.12201803984672142 23.8
    endloop
  endfacet
  facet normal 0.3826834323650887 0.9238795325112872 0
    outer loop
      vertex -29.228828200655936 -1.3155696691002716 13.8
      vertex -29.34166556643698 -1.2688309018513098 23.8
      vertex -29.228828200655936 -1.3155696691002716 23.8
    endloop
  endfacet
  facet normal 0.30070579950427584 0.953716950748226 0
    outer loop
      vertex -29.11234666314353 -1.3522961568046956 13.8
      vertex -29.228828200655936 -1.3155696691002716 23.8
      vertex -29.11234666314353 -1.3522961568046956 23.8
    endloop
  endfacet
  facet normal 0.21643961393810027 0.976296007119934 0
    outer loop
      vertex -28.993107448733703 -1.378730854217091 13.8
      vertex -29.11234666314353 -1.3522961568046956 23.8
      vertex -28.993107448733703 -1.378730854217091 23.8
    endloop
  endfacet
  facet normal 0.13052619222005268 0.9914448613738103 0
    outer loop
      vertex -28.872018039846722 -1.3946725773284436 13.8
      vertex -28.993107448733703 -1.378730854217091 23.8
      vertex -28.872018039846722 -1.3946725773284436 23.8
    endloop
  endfacet
  facet normal 0.043619387365335986 0.9990482215818579 0
    outer loop
      vertex -28.75 -1.4 13.8
      vertex -28.872018039846722 -1.3946725773284436 23.8
      vertex -28.75 -1.4 23.8
    endloop
  endfacet
  facet normal -0.043619387365335986 0.9990482215818579 0
    outer loop
      vertex -28.627981960153278 -1.3946725773284436 13.8
      vertex -28.75 -1.4 23.8
      vertex -28.627981960153278 -1.3946725773284436 23.8
    endloop
  endfacet
  facet normal -0.13052619222005268 0.9914448613738103 0
    outer loop
      vertex -28.506892551266297 -1.378730854217091 13.8
      vertex -28.627981960153278 -1.3946725773284436 23.8
      vertex -28.506892551266297 -1.378730854217091 23.8
    endloop
  endfacet
  facet normal 0.5372996083468262 0.8433914458128842 0
    outer loop
      vertex -29.45 -1.212435565298214 13.8
      vertex -29.553007010891463 -1.1468128620045885 23.8
      vertex -29.45 -1.212435565298214 23.8
    endloop
  endfacet
  facet normal 0.46174861323503824 0.8870108331782193 0
    outer loop
      vertex -29.34166556643698 -1.2688309018513098 13.8
      vertex -29.45 -1.212435565298214 23.8
      vertex -29.34166556643698 -1.2688309018513098 23.8
    endloop
  endfacet
  facet normal -0.21643961393810027 0.976296007119934 0
    outer loop
      vertex -28.38765333685647 -1.3522961568046956 13.8
      vertex -28.506892551266297 -1.378730854217091 23.8
      vertex -28.38765333685647 -1.3522961568046956 23.8
    endloop
  endfacet
  facet normal -0.30070579950427584 0.953716950748226 0
    outer loop
      vertex -28.271171799344064 -1.3155696691002716 13.8
      vertex -28.38765333685647 -1.3522961568046956 23.8
      vertex -28.271171799344064 -1.3155696691002716 23.8
    endloop
  endfacet
  facet normal -0.3826834323650887 0.9238795325112872 0
    outer loop
      vertex -28.15833443356302 -1.2688309018513098 13.8
      vertex -28.271171799344064 -1.3155696691002716 23.8
      vertex -28.15833443356302 -1.2688309018513098 23.8
    endloop
  endfacet
  facet normal -0.46174861323503824 0.8870108331782193 0
    outer loop
      vertex -28.05 -1.212435565298214 13.8
      vertex -28.15833443356302 -1.2688309018513098 23.8
      vertex -28.05 -1.212435565298214 23.8
    endloop
  endfacet
  facet normal -0.5372996083468262 0.8433914458128842 0
    outer loop
      vertex -27.946992989108537 -1.1468128620045885 13.8
      vertex -28.05 -1.212435565298214 23.8
      vertex -27.946992989108537 -1.1468128620045885 23.8
    endloop
  endfacet
  facet normal -0.6087614290087094 0.7933533402912438 0
    outer loop
      vertex -27.850097346438844 -1.0724622203665692 13.8
      vertex -27.946992989108537 -1.1468128620045885 23.8
      vertex -27.850097346438844 -1.0724622203665692 23.8
    endloop
  endfacet
  facet normal -0.6755902076156585 0.7372773368101256 0
    outer loop
      vertex -27.760050506338832 -0.9899494936611666 13.8
      vertex -27.850097346438844 -1.0724622203665692 23.8
      vertex -27.760050506338832 -0.9899494936611666 23.8
    endloop
  endfacet
  facet normal -0.7372773368101389 0.6755902076156441 0
    outer loop
      vertex -27.677537779633433 -0.8999026535611548 13.8
      vertex -27.760050506338832 -0.9899494936611666 23.8
      vertex -27.677537779633433 -0.8999026535611548 23.8
    endloop
  endfacet
  facet normal -0.7933533402912322 0.6087614290087248 0
    outer loop
      vertex -27.603187137995413 -0.8030070108914644 13.8
      vertex -27.677537779633433 -0.8999026535611548 23.8
      vertex -27.603187137995413 -0.8030070108914644 23.8
    endloop
  endfacet
  facet normal -0.8433914458128796 0.5372996083468332 0
    outer loop
      vertex -27.537564434701785 -0.7 13.8
      vertex -27.603187137995413 -0.8030070108914644 23.8
      vertex -27.537564434701785 -0.7 23.8
    endloop
  endfacet
  facet normal -0.8870108331782247 0.46174861323502814 0
    outer loop
      vertex -27.48116909814869 -0.5916655664369792 13.8
      vertex -27.537564434701785 -0.7 23.8
      vertex -27.48116909814869 -0.5916655664369792 23.8
    endloop
  endfacet
  facet normal -0.9238795325112898 0.3826834323650824 0
    outer loop
      vertex -27.43443033089973 -0.4788282006559362 13.8
      vertex -27.48116909814869 -0.5916655664369792 23.8
      vertex -27.43443033089973 -0.4788282006559362 23.8
    endloop
  endfacet
  facet normal -0.9537169507482259 0.3007057995042758 0
    outer loop
      vertex -27.397703843195305 -0.36234666314352904 13.8
      vertex -27.43443033089973 -0.4788282006559362 23.8
      vertex -27.397703843195305 -0.36234666314352904 23.8
    endloop
  endfacet
  facet normal -0.9762960071199291 0.2164396139381219 0
    outer loop
      vertex -27.371269145782907 -0.24310744873370244 13.8
      vertex -27.397703843195305 -0.36234666314352904 23.8
      vertex -27.371269145782907 -0.24310744873370244 23.8
    endloop
  endfacet
  facet normal -0.9914448613738129 0.13052619222003276 0
    outer loop
      vertex -27.355327422671557 -0.12201803984672142 13.8
      vertex -27.371269145782907 -0.24310744873370244 23.8
      vertex -27.355327422671557 -0.12201803984672142 23.8
    endloop
  endfacet
  facet normal -0.9990482215818579 0.04361938736533259 0
    outer loop
      vertex -27.355327422671557 -0.12201803984672142 23.8
      vertex -27.35 0 23.8
      vertex -27.35 0 13.8
    endloop
  endfacet
  facet normal 0 0 1
    outer loop
      vertex -30.144672577328443 -0.12201803984672142 13.8
      vertex -30.144672577328443 0.12201803984672142 13.8
      vertex -30.15 0 13.8
    endloop
  endfacet
  facet normal 0 0 1
    outer loop
      vertex -30.144672577328443 -0.12201803984672142 13.8
      vertex -30.128730854217093 0.24310744873370244 13.8
      vertex -30.144672577328443 0.12201803984672142 13.8
    endloop
  endfacet
  facet normal 0 0 1
    outer loop
      vertex -30.128730854217093 -0.24310744873370244 13.8
      vertex -30.102296156804695 0.36234666314352904 13.8
      vertex -30.128730854217093 0.24310744873370244 13.8
    endloop
  endfacet
  facet normal 0 0 1
    outer loop
      vertex -30.102296156804695 -0.36234666314352904 13.8
      vertex -30.06556966910027 0.4788282006559362 13.8
      vertex -30.102296156804695 0.36234666314352904 13.8
    endloop
  endfacet
  facet normal 0 0 1
    outer loop
      vertex -30.06556966910027 -0.4788282006559362 13.8
      vertex -30.01883090185131 0.5916655664369792 13.8
      vertex -30.06556966910027 0.4788282006559362 13.8
    endloop
  endfacet
  facet normal 0 0 1
    outer loop
      vertex -30.01883090185131 -0.5916655664369792 13.8
      vertex -29.962435565298215 0.7 13.8
      vertex -30.01883090185131 0.5916655664369792 13.8
    endloop
  endfacet
  facet normal 0 0 1
    outer loop
      vertex -29.962435565298215 -0.7 13.8
      vertex -29.896812862004587 0.8030070108914644 13.8
      vertex -29.962435565298215 0.7 13.8
    endloop
  endfacet
  facet normal 0 0 1
    outer loop
      vertex -29.896812862004587 -0.8030070108914644 13.8
      vertex -29.822462220366567 0.8999026535611548 13.8
      vertex -29.896812862004587 0.8030070108914644 13.8
    endloop
  endfacet
  facet normal 0 0 1
    outer loop
      vertex -29.822462220366567 -0.8999026535611548 13.8
      vertex -29.739949493661168 0.9899494936611666 13.8
      vertex -29.822462220366567 0.8999026535611548 13.8
    endloop
  endfacet
  facet normal 0 0 1
    outer loop
      vertex -29.739949493661168 -0.9899494936611666 13.8
      vertex -29.649902653561156 1.0724622203665692 13.8
      vertex -29.739949493661168 0.9899494936611666 13.8
    endloop
  endfacet
  facet normal 0 0 1
    outer loop
      vertex -29.649902653561156 -1.0724622203665692 13.8
      vertex -29.553007010891463 1.1468128620045885 13.8
      vertex -29.649902653561156 1.0724622203665692 13.8
    endloop
  endfacet
  facet normal 0 0 1
    outer loop
      vertex -29.553007010891463 -1.1468128620045885 13.8
      vertex -29.45 1.212435565298214 13.8
      vertex -29.553007010891463 1.1468128620045885 13.8
    endloop
  endfacet
  facet normal 0 0 1
    outer loop
      vertex -29.45 -1.212435565298214 13.8
      vertex -29.34166556643698 1.2688309018513098 13.8
      vertex -29.45 1.212435565298214 13.8
    endloop
  endfacet
  facet normal 0 0 1
    outer loop
      vertex -29.34166556643698 -1.2688309018513098 13.8
      vertex -29.228828200655936 1.3155696691002716 13.8
      vertex -29.34166556643698 1.2688309018513098 13.8
    endloop
  endfacet
  facet normal 0 0 1
    outer loop
      vertex -29.228828200655936 -1.3155696691002716 13.8
      vertex -29.11234666314353 1.3522961568046956 13.8
      vertex -29.228828200655936 1.3155696691002716 13.8
    endloop
  endfacet
  facet normal 0 0 1
    outer loop
      vertex -29.11234666314353 -1.3522961568046956 13.8
      vertex -28.993107448733703 1.378730854217091 13.8
      vertex -29.11234666314353 1.3522961568046956 13.8
    endloop
  endfacet
  facet normal 0 0 1
    outer loop
      vertex -28.993107448733703 -1.378730854217091 13.8
      vertex -28.872018039846722 1.3946725773284436 13.8
      vertex -28.993107448733703 1.378730854217091 13.8
    endloop
  endfacet
  facet normal 0 0 1
    outer loop
      vertex -28.872018039846722 -1.3946725773284436 13.8
      vertex -28.75 1.4 13.8
      vertex -28.872018039846722 1.3946725773284436 13.8
    endloop
  endfacet
  facet normal 0 0 1
    outer loop
      vertex -28.75 -1.4 13.8
      vertex -28.627981960153278 1.3946725773284436 13.8
      vertex -28.75 1.4 13.8
    endloop
  endfacet
  facet normal 0 0 1
    outer loop
      vertex -28.627981960153278 -1.3946725773284436 13.8
      vertex -28.506892551266297 1.378730854217091 13.8
      vertex -28.627981960153278 1.3946725773284436 13.8
    endloop
  endfacet
  facet normal 0 0 1
    outer loop
      vertex -28.15833443356302 -1.2688309018513098 13.8
      vertex -28.05 1.212435565298214 13.8
      vertex -28.15833443356302 1.2688309018513098 13.8
    endloop
  endfacet
  facet normal 0 0 1
    outer loop
      vertex -28.05 -1.212435565298214 13.8
      vertex -27.946992989108537 1.1468128620045885 13.8
      vertex -28.05 1.212435565298214 13.8
    endloop
  endfacet
  facet normal 0 0 1
    outer loop
      vertex -27.946992989108537 -1.1468128620045885 13.8
      vertex -27.850097346438844 1.0724622203665692 13.8
      vertex -27.946992989108537 1.1468128620045885 13.8
    endloop
  endfacet
  facet normal 0 0 1
    outer loop
      vertex -27.850097346438844 -1.0724622203665692 13.8
      vertex -27.760050506338832 0.9899494936611666 13.8
      vertex -27.850097346438844 1.0724622203665692 13.8
    endloop
  endfacet
  facet normal 0 0 1
    outer loop
      vertex -27.760050506338832 -0.9899494936611666 13.8
      vertex -27.677537779633433 0.8999026535611548 13.8
      vertex -27.760050506338832 0.9899494936611666 13.8
    endloop
  endfacet
  facet normal 0 0 1
    outer loop
      vertex -27.603187137995413 -0.8030070108914644 13.8
      vertex -27.537564434701785 0.7 13.8
      vertex -27.603187137995413 0.8030070108914644 13.8
    endloop
  endfacet
  facet normal 0 0 1
    outer loop
      vertex -27.677537779633433 -0.8999026535611548 13.8
      vertex -27.603187137995413 0.8030070108914644 13.8
      vertex -27.677537779633433 0.8999026535611548 13.8
    endloop
  endfacet
  facet normal 0 0 1
    outer loop
      vertex -28.506892551266297 -1.378730854217091 13.8
      vertex -28.38765333685647 1.3522961568046956 13.8
      vertex -28.506892551266297 1.378730854217091 13.8
    endloop
  endfacet
  facet normal 0 0 1
    outer loop
      vertex -28.38765333685647 -1.3522961568046956 13.8
      vertex -28.271171799344064 1.3155696691002716 13.8
      vertex -28.38765333685647 1.3522961568046956 13.8
    endloop
  endfacet
  facet normal 0 0 1
    outer loop
      vertex -28.271171799344064 -1.3155696691002716 13.8
      vertex -28.15833443356302 1.2688309018513098 13.8
      vertex -28.271171799344064 1.3155696691002716 13.8
    endloop
  endfacet
  facet normal 0 0 1
    outer loop
      vertex -27.355327422671557 -0.12201803984672142 13.8
      vertex -27.35 0 13.8
      vertex -27.355327422671557 0.12201803984672142 13.8
    endloop
  endfacet
  facet normal 0 0 1
    outer loop
      vertex -27.371269145782907 -0.24310744873370244 13.8
      vertex -27.355327422671557 0.12201803984672142 13.8
      vertex -27.371269145782907 0.24310744873370244 13.8
    endloop
  endfacet
  facet normal 0 0 1
    outer loop
      vertex -27.397703843195305 -0.36234666314352904 13.8
      vertex -27.371269145782907 0.24310744873370244 13.8
      vertex -27.397703843195305 0.36234666314352904 13.8
    endloop
  endfacet
  facet normal 0 0 1
    outer loop
      vertex -27.537564434701785 -0.7 13.8
      vertex -27.48116909814869 0.5916655664369792 13.8
      vertex -27.537564434701785 0.7 13.8
    endloop
  endfacet
  facet normal 0 0 1
    outer loop
      vertex -27.48116909814869 -0.5916655664369792 13.8
      vertex -27.43443033089973 0.4788282006559362 13.8
      vertex -27.48116909814869 0.5916655664369792 13.8
    endloop
  endfacet
  facet normal 0 0 1
    outer loop
      vertex -27.43443033089973 -0.4788282006559362 13.8
      vertex -27.397703843195305 0.36234666314352904 13.8
      vertex -27.43443033089973 0.4788282006559362 13.8
    endloop
  endfacet
  facet normal 0.9990482215818579 -0.04361938736533259 0
    outer loop
      vertex -30.15 0 13.8
      vertex -30.144672577328443 0.12201803984672142 13.8
      vertex -30.144672577328443 0.12201803984672142 23.8
    endloop
  endfacet
  facet normal 0.9914448613738129 -0.13052619222003276 0
    outer loop
      vertex -30.144672577328443 0.12201803984672142 13.8
      vertex -30.128730854217093 0.24310744873370244 13.8
      vertex -30.128730854217093 0.24310744873370244 23.8
    endloop
  endfacet
  facet normal 0.9762960071199291 -0.2164396139381219 0
    outer loop
      vertex -30.128730854217093 0.24310744873370244 13.8
      vertex -30.102296156804695 0.36234666314352904 13.8
      vertex -30.102296156804695 0.36234666314352904 23.8
    endloop
  endfacet
  facet normal 0.9537169507482259 -0.3007057995042758 0
    outer loop
      vertex -30.102296156804695 0.36234666314352904 13.8
      vertex -30.06556966910027 0.4788282006559362 13.8
      vertex -30.06556966910027 0.4788282006559362 23.8
    endloop
  endfacet
  facet normal 0.9238795325112898 -0.3826834323650824 0
    outer loop
      vertex -30.06556966910027 0.4788282006559362 13.8
      vertex -30.01883090185131 0.5916655664369792 13.8
      vertex -30.01883090185131 0.5916655664369792 23.8
    endloop
  endfacet
  facet normal 0.8870108331782247 -0.46174861323502814 0
    outer loop
      vertex -30.01883090185131 0.5916655664369792 13.8
      vertex -29.962435565298215 0.7 13.8
      vertex -29.962435565298215 0.7 23.8
    endloop
  endfacet
  facet normal 0.8433914458128796 -0.5372996083468332 0
    outer loop
      vertex -29.962435565298215 0.7 13.8
      vertex -29.896812862004587 0.8030070108914644 13.8
      vertex -29.896812862004587 0.8030070108914644 23.8
    endloop
  endfacet
  facet normal 0.7933533402912322 -0.6087614290087248 0
    outer loop
      vertex -29.896812862004587 0.8030070108914644 13.8
      vertex -29.822462220366567 0.8999026535611548 13.8
      vertex -29.822462220366567 0.8999026535611548 23.8
    endloop
  endfacet
  facet normal 0.7372773368101389 -0.6755902076156441 0
    outer loop
      vertex -29.822462220366567 0.8999026535611548 13.8
      vertex -29.739949493661168 0.9899494936611666 13.8
      vertex -29.739949493661168 0.9899494936611666 23.8
    endloop
  endfacet
  facet normal 0.6755902076156585 -0.7372773368101256 0
    outer loop
      vertex -29.739949493661168 0.9899494936611666 13.8
      vertex -29.649902653561156 1.0724622203665692 13.8
      vertex -29.649902653561156 1.0724622203665692 23.8
    endloop
  endfacet
  facet normal 0.6087614290087094 -0.7933533402912438 0
    outer loop
      vertex -29.649902653561156 1.0724622203665692 13.8
      vertex -29.553007010891463 1.1468128620045885 13.8
      vertex -29.553007010891463 1.1468128620045885 23.8
    endloop
  endfacet
  facet normal -0.7933533402912322 -0.6087614290087248 0
    outer loop
      vertex -27.603187137995413 0.8030070108914644 13.8
      vertex -27.603187137995413 0.8030070108914644 23.8
      vertex -27.677537779633433 0.8999026535611548 13.8
    endloop
  endfacet
  facet normal 0.5372996083468262 -0.8433914458128842 0
    outer loop
      vertex -29.553007010891463 1.1468128620045885 13.8
      vertex -29.45 1.212435565298214 13.8
      vertex -29.45 1.212435565298214 23.8
    endloop
  endfacet
  facet normal 0.46174861323503824 -0.8870108331782193 0
    outer loop
      vertex -29.45 1.212435565298214 13.8
      vertex -29.34166556643698 1.2688309018513098 13.8
      vertex -29.34166556643698 1.2688309018513098 23.8
    endloop
  endfacet
  facet normal 0.3826834323650887 -0.9238795325112872 0
    outer loop
      vertex -29.34166556643698 1.2688309018513098 13.8
      vertex -29.228828200655936 1.3155696691002716 13.8
      vertex -29.228828200655936 1.3155696691002716 23.8
    endloop
  endfacet
  facet normal 0.30070579950427584 -0.953716950748226 0
    outer loop
      vertex -29.228828200655936 1.3155696691002716 13.8
      vertex -29.11234666314353 1.3522961568046956 13.8
      vertex -29.11234666314353 1.3522961568046956 23.8
    endloop
  endfacet
  facet normal 0.21643961393810027 -0.976296007119934 0
    outer loop
      vertex -29.11234666314353 1.3522961568046956 13.8
      vertex -28.993107448733703 1.378730854217091 13.8
      vertex -28.993107448733703 1.378730854217091 23.8
    endloop
  endfacet
  facet normal 0.13052619222005268 -0.9914448613738103 0
    outer loop
      vertex -28.993107448733703 1.378730854217091 13.8
      vertex -28.872018039846722 1.3946725773284436 13.8
      vertex -28.872018039846722 1.3946725773284436 23.8
    endloop
  endfacet
  facet normal 0.043619387365335986 -0.9990482215818579 0
    outer loop
      vertex -28.872018039846722 1.3946725773284436 13.8
      vertex -28.75 1.4 13.8
      vertex -28.75 1.4 23.8
    endloop
  endfacet
  facet normal -0.043619387365335986 -0.9990482215818579 0
    outer loop
      vertex -28.75 1.4 13.8
      vertex -28.627981960153278 1.3946725773284436 13.8
      vertex -28.627981960153278 1.3946725773284436 23.8
    endloop
  endfacet
  facet normal -0.13052619222005268 -0.9914448613738103 0
    outer loop
      vertex -28.627981960153278 1.3946725773284436 13.8
      vertex -28.506892551266297 1.378730854217091 13.8
      vertex -28.506892551266297 1.378730854217091 23.8
    endloop
  endfacet
  facet normal -0.46174861323503824 -0.8870108331782193 0
    outer loop
      vertex -28.05 1.212435565298214 13.8
      vertex -28.05 1.212435565298214 23.8
      vertex -28.15833443356302 1.2688309018513098 13.8
    endloop
  endfacet
  facet normal -0.7372773368101389 -0.6755902076156441 0
    outer loop
      vertex -27.677537779633433 0.8999026535611548 13.8
      vertex -27.677537779633433 0.8999026535611548 23.8
      vertex -27.760050506338832 0.9899494936611666 13.8
    endloop
  endfacet
  facet normal -0.6755902076156585 -0.7372773368101256 0
    outer loop
      vertex -27.760050506338832 0.9899494936611666 13.8
      vertex -27.760050506338832 0.9899494936611666 23.8
      vertex -27.850097346438844 1.0724622203665692 13.8
    endloop
  endfacet
  facet normal -0.6087614290087094 -0.7933533402912438 0
    outer loop
      vertex -27.946992989108537 1.1468128620045885 13.8
      vertex -27.850097346438844 1.0724622203665692 13.8
      vertex -27.850097346438844 1.0724622203665692 23.8
    endloop
  endfacet
  facet normal -0.5372996083468262 -0.8433914458128842 0
    outer loop
      vertex -27.946992989108537 1.1468128620045885 13.8
      vertex -27.946992989108537 1.1468128620045885 23.8
      vertex -28.05 1.212435565298214 13.8
    endloop
  endfacet
  facet normal -0.30070579950427584 -0.953716950748226 0
    outer loop
      vertex -28.38765333685647 1.3522961568046956 13.8
      vertex -28.271171799344064 1.3155696691002716 13.8
      vertex -28.271171799344064 1.3155696691002716 23.8
    endloop
  endfacet
  facet normal -0.21643961393810027 -0.976296007119934 0
    outer loop
      vertex -28.38765333685647 1.3522961568046956 13.8
      vertex -28.38765333685647 1.3522961568046956 23.8
      vertex -28.506892551266297 1.378730854217091 13.8
    endloop
  endfacet
  facet normal -0.3826834323650887 -0.9238795325112872 0
    outer loop
      vertex -28.271171799344064 1.3155696691002716 13.8
      vertex -28.15833443356302 1.2688309018513098 13.8
      vertex -28.15833443356302 1.2688309018513098 23.8
    endloop
  endfacet
  facet normal -0.9990482215818579 -0.04361938736533259 0
    outer loop
      vertex -27.35 0 13.8
      vertex -27.35 0 23.8
      vertex -27.355327422671557 0.12201803984672142 13.8
    endloop
  endfacet
  facet normal -0.9914448613738129 -0.13052619222003276 0
    outer loop
      vertex -27.355327422671557 0.12201803984672142 13.8
      vertex -27.355327422671557 0.12201803984672142 23.8
      vertex -27.371269145782907 0.24310744873370244 13.8
    endloop
  endfacet
  facet normal -0.9762960071199291 -0.2164396139381219 0
    outer loop
      vertex -27.371269145782907 0.24310744873370244 13.8
      vertex -27.371269145782907 0.24310744873370244 23.8
      vertex -27.397703843195305 0.36234666314352904 13.8
    endloop
  endfacet
  facet normal -0.9537169507482259 -0.3007057995042758 0
    outer loop
      vertex -27.397703843195305 0.36234666314352904 13.8
      vertex -27.397703843195305 0.36234666314352904 23.8
      vertex -27.43443033089973 0.4788282006559362 13.8
    endloop
  endfacet
  facet normal -0.9238795325112898 -0.3826834323650824 0
    outer loop
      vertex -27.43443033089973 0.4788282006559362 13.8
      vertex -27.43443033089973 0.4788282006559362 23.8
      vertex -27.48116909814869 0.5916655664369792 13.8
    endloop
  endfacet
  facet normal -0.8870108331782247 -0.46174861323502814 0
    outer loop
      vertex -27.48116909814869 0.5916655664369792 13.8
      vertex -27.48116909814869 0.5916655664369792 23.8
      vertex -27.537564434701785 0.7 13.8
    endloop
  endfacet
  facet normal -0.8433914458128796 -0.5372996083468332 0
    outer loop
      vertex -27.603187137995413 0.8030070108914644 13.8
      vertex -27.537564434701785 0.7 13.8
      vertex -27.537564434701785 0.7 23.8
    endloop
  endfacet
  facet normal 0.9990482215818579 -0.04361938736533259 0
    outer loop
      vertex -30.15 0 13.8
      vertex -30.144672577328443 0.12201803984672142 23.8
      vertex -30.15 0 23.8
    endloop
  endfacet
  facet normal 0.9914448613738129 -0.13052619222003276 0
    outer loop
      vertex -30.144672577328443 0.12201803984672142 13.8
      vertex -30.128730854217093 0.24310744873370244 23.8
      vertex -30.144672577328443 0.12201803984672142 23.8
    endloop
  endfacet
  facet normal 0.9762960071199291 -0.2164396139381219 0
    outer loop
      vertex -30.128730854217093 0.24310744873370244 13.8
      vertex -30.102296156804695 0.36234666314352904 23.8
      vertex -30.128730854217093 0.24310744873370244 23.8
    endloop
  endfacet
  facet normal 0.9537169507482259 -0.3007057995042758 0
    outer loop
      vertex -30.102296156804695 0.36234666314352904 13.8
      vertex -30.06556966910027 0.4788282006559362 23.8
      vertex -30.102296156804695 0.36234666314352904 23.8
    endloop
  endfacet
  facet normal 0.9238795325112898 -0.3826834323650824 0
    outer loop
      vertex -30.06556966910027 0.4788282006559362 13.8
      vertex -30.01883090185131 0.5916655664369792 23.8
      vertex -30.06556966910027 0.4788282006559362 23.8
    endloop
  endfacet
  facet normal 0.8870108331782247 -0.46174861323502814 0
    outer loop
      vertex -30.01883090185131 0.5916655664369792 13.8
      vertex -29.962435565298215 0.7 23.8
      vertex -30.01883090185131 0.5916655664369792 23.8
    endloop
  endfacet
  facet normal 0.8433914458128796 -0.5372996083468332 0
    outer loop
      vertex -29.962435565298215 0.7 13.8
      vertex -29.896812862004587 0.8030070108914644 23.8
      vertex -29.962435565298215 0.7 23.8
    endloop
  endfacet
  facet normal 0.7933533402912322 -0.6087614290087248 0
    outer loop
      vertex -29.896812862004587 0.8030070108914644 13.8
      vertex -29.822462220366567 0.8999026535611548 23.8
      vertex -29.896812862004587 0.8030070108914644 23.8
    endloop
  endfacet
  facet normal 0.7372773368101389 -0.6755902076156441 0
    outer loop
      vertex -29.822462220366567 0.8999026535611548 13.8
      vertex -29.739949493661168 0.9899494936611666 23.8
      vertex -29.822462220366567 0.8999026535611548 23.8
    endloop
  endfacet
  facet normal 0.6755902076156585 -0.7372773368101256 0
    outer loop
      vertex -29.739949493661168 0.9899494936611666 13.8
      vertex -29.649902653561156 1.0724622203665692 23.8
      vertex -29.739949493661168 0.9899494936611666 23.8
    endloop
  endfacet
  facet normal 0.6087614290087094 -0.7933533402912438 0
    outer loop
      vertex -29.649902653561156 1.0724622203665692 13.8
      vertex -29.553007010891463 1.1468128620045885 23.8
      vertex -29.649902653561156 1.0724622203665692 23.8
    endloop
  endfacet
  facet normal -0.8433914458128796 -0.5372996083468332 0
    outer loop
      vertex -27.603187137995413 0.8030070108914644 13.8
      vertex -27.537564434701785 0.7 23.8
      vertex -27.603187137995413 0.8030070108914644 23.8
    endloop
  endfacet
  facet normal 0.5372996083468262 -0.8433914458128842 0
    outer loop
      vertex -29.553007010891463 1.1468128620045885 13.8
      vertex -29.45 1.212435565298214 23.8
      vertex -29.553007010891463 1.1468128620045885 23.8
    endloop
  endfacet
  facet normal 0.46174861323503824 -0.8870108331782193 0
    outer loop
      vertex -29.45 1.212435565298214 13.8
      vertex -29.34166556643698 1.2688309018513098 23.8
      vertex -29.45 1.212435565298214 23.8
    endloop
  endfacet
  facet normal 0.3826834323650887 -0.9238795325112872 0
    outer loop
      vertex -29.34166556643698 1.2688309018513098 13.8
      vertex -29.228828200655936 1.3155696691002716 23.8
      vertex -29.34166556643698 1.2688309018513098 23.8
    endloop
  endfacet
  facet normal 0.30070579950427584 -0.953716950748226 0
    outer loop
      vertex -29.228828200655936 1.3155696691002716 13.8
      vertex -29.11234666314353 1.3522961568046956 23.8
      vertex -29.228828200655936 1.3155696691002716 23.8
    endloop
  endfacet
  facet normal 0.21643961393810027 -0.976296007119934 0
    outer loop
      vertex -29.11234666314353 1.3522961568046956 13.8
      vertex -28.993107448733703 1.378730854217091 23.8
      vertex -29.11234666314353 1.3522961568046956 23.8
    endloop
  endfacet
  facet normal 0.13052619222005268 -0.9914448613738103 0
    outer loop
      vertex -28.993107448733703 1.378730854217091 13.8
      vertex -28.872018039846722 1.3946725773284436 23.8
      vertex -28.993107448733703 1.378730854217091 23.8
    endloop
  endfacet
  facet normal 0.043619387365335986 -0.9990482215818579 0
    outer loop
      vertex -28.872018039846722 1.3946725773284436 13.8
      vertex -28.75 1.4 23.8
      vertex -28.872018039846722 1.3946725773284436 23.8
    endloop
  endfacet
  facet normal -0.043619387365335986 -0.9990482215818579 0
    outer loop
      vertex -28.75 1.4 13.8
      vertex -28.627981960153278 1.3946725773284436 23.8
      vertex -28.75 1.4 23.8
    endloop
  endfacet
  facet normal -0.13052619222005268 -0.9914448613738103 0
    outer loop
      vertex -28.627981960153278 1.3946725773284436 13.8
      vertex -28.506892551266297 1.378730854217091 23.8
      vertex -28.627981960153278 1.3946725773284436 23.8
    endloop
  endfacet
  facet normal -0.46174861323503824 -0.8870108331782193 0
    outer loop
      vertex -28.15833443356302 1.2688309018513098 13.8
      vertex -28.05 1.212435565298214 23.8
      vertex -28.15833443356302 1.2688309018513098 23.8
    endloop
  endfacet
  facet normal -0.6755902076156585 -0.7372773368101256 0
    outer loop
      vertex -27.850097346438844 1.0724622203665692 13.8
      vertex -27.760050506338832 0.9899494936611666 23.8
      vertex -27.850097346438844 1.0724622203665692 23.8
    endloop
  endfacet
  facet normal -0.7933533402912322 -0.6087614290087248 0
    outer loop
      vertex -27.677537779633433 0.8999026535611548 13.8
      vertex -27.603187137995413 0.8030070108914644 23.8
      vertex -27.677537779633433 0.8999026535611548 23.8
    endloop
  endfacet
  facet normal -0.7372773368101389 -0.6755902076156441 0
    outer loop
      vertex -27.760050506338832 0.9899494936611666 13.8
      vertex -27.677537779633433 0.8999026535611548 23.8
      vertex -27.760050506338832 0.9899494936611666 23.8
    endloop
  endfacet
  facet normal -0.6087614290087094 -0.7933533402912438 0
    outer loop
      vertex -27.946992989108537 1.1468128620045885 13.8
      vertex -27.850097346438844 1.0724622203665692 23.8
      vertex -27.946992989108537 1.1468128620045885 23.8
    endloop
  endfacet
  facet normal -0.5372996083468262 -0.8433914458128842 0
    outer loop
      vertex -28.05 1.212435565298214 13.8
      vertex -27.946992989108537 1.1468128620045885 23.8
      vertex -28.05 1.212435565298214 23.8
    endloop
  endfacet
  facet normal -0.30070579950427584 -0.953716950748226 0
    outer loop
      vertex -28.38765333685647 1.3522961568046956 13.8
      vertex -28.271171799344064 1.3155696691002716 23.8
      vertex -28.38765333685647 1.3522961568046956 23.8
    endloop
  endfacet
  facet normal -0.21643961393810027 -0.976296007119934 0
    outer loop
      vertex -28.506892551266297 1.378730854217091 13.8
      vertex -28.38765333685647 1.3522961568046956 23.8
      vertex -28.506892551266297 1.378730854217091 23.8
    endloop
  endfacet
  facet normal -0.3826834323650887 -0.9238795325112872 0
    outer loop
      vertex -28.271171799344064 1.3155696691002716 13.8
      vertex -28.15833443356302 1.2688309018513098 23.8
      vertex -28.271171799344064 1.3155696691002716 23.8
    endloop
  endfacet
  facet normal -0.9990482215818579 -0.04361938736533259 0
    outer loop
      vertex -27.355327422671557 0.12201803984672142 13.8
      vertex -27.35 0 23.8
      vertex -27.355327422671557 0.12201803984672142 23.8
    endloop
  endfacet
  facet normal -0.9914448613738129 -0.13052619222003276 0
    outer loop
      vertex -27.371269145782907 0.24310744873370244 13.8
      vertex -27.355327422671557 0.12201803984672142 23.8
      vertex -27.371269145782907 0.24310744873370244 23.8
    endloop
  endfacet
  facet normal -0.9762960071199291 -0.2164396139381219 0
    outer loop
      vertex -27.397703843195305 0.36234666314352904 13.8
      vertex -27.371269145782907 0.24310744873370244 23.8
      vertex -27.397703843195305 0.36234666314352904 23.8
    endloop
  endfacet
  facet normal -0.9537169507482259 -0.3007057995042758 0
    outer loop
      vertex -27.43443033089973 0.4788282006559362 13.8
      vertex -27.397703843195305 0.36234666314352904 23.8
      vertex -27.43443033089973 0.4788282006559362 23.8
    endloop
  endfacet
  facet normal -0.9238795325112898 -0.3826834323650824 0
    outer loop
      vertex -27.48116909814869 0.5916655664369792 13.8
      vertex -27.43443033089973 0.4788282006559362 23.8
      vertex -27.48116909814869 0.5916655664369792 23.8
    endloop
  endfacet
  facet normal -0.8870108331782247 -0.46174861323502814 0
    outer loop
      vertex -27.537564434701785 0.7 13.8
      vertex -27.48116909814869 0.5916655664369792 23.8
      vertex -27.537564434701785 0.7 23.8
    endloop
  endfacet
  facet normal 0 0 1
    outer loop
      vertex 27.43443033089973 -0.4788282006559362 13.8
      vertex 27.43443033089973 0.4788282006559362 13.8
      vertex 27.397703843195305 -0.36234666314352904 13.8
    endloop
  endfacet
  facet normal 0 0 1
    outer loop
      vertex 27.48116909814869 -0.5916655664369792 13.8
      vertex 27.48116909814869 0.5916655664369792 13.8
      vertex 27.43443033089973 -0.4788282006559362 13.8
    endloop
  endfacet
  facet normal 0 0 1
    outer loop
      vertex 27.537564434701785 -0.7 13.8
      vertex 27.537564434701785 0.7 13.8
      vertex 27.48116909814869 -0.5916655664369792 13.8
    endloop
  endfacet
  facet normal 0 0 1
    outer loop
      vertex 27.397703843195305 -0.36234666314352904 13.8
      vertex 27.397703843195305 0.36234666314352904 13.8
      vertex 27.371269145782907 -0.24310744873370244 13.8
    endloop
  endfacet
  facet normal 0 0 1
    outer loop
      vertex 27.371269145782907 -0.24310744873370244 13.8
      vertex 27.371269145782907 0.24310744873370244 13.8
      vertex 27.355327422671557 -0.12201803984672142 13.8
    endloop
  endfacet
  facet normal 0 0 1
    outer loop
      vertex 28.15833443356302 -1.2688309018513098 13.8
      vertex 28.271171799344064 -1.3155696691002716 13.8
      vertex 28.271171799344064 1.3155696691002716 13.8
    endloop
  endfacet
  facet normal 0 0 1
    outer loop
      vertex 28.271171799344064 -1.3155696691002716 13.8
      vertex 28.38765333685647 -1.3522961568046956 13.8
      vertex 28.38765333685647 1.3522961568046956 13.8
    endloop
  endfacet
  facet normal 0 0 1
    outer loop
      vertex 28.506892551266297 -1.378730854217091 13.8
      vertex 28.506892551266297 1.378730854217091 13.8
      vertex 28.38765333685647 -1.3522961568046956 13.8
    endloop
  endfacet
  facet normal 0 0 1
    outer loop
      vertex 27.677537779633433 -0.8999026535611548 13.8
      vertex 27.677537779633433 0.8999026535611548 13.8
      vertex 27.603187137995413 -0.8030070108914644 13.8
    endloop
  endfacet
  facet normal 0 0 1
    outer loop
      vertex 27.537564434701785 -0.7 13.8
      vertex 27.603187137995413 -0.8030070108914644 13.8
      vertex 27.603187137995413 0.8030070108914644 13.8
    endloop
  endfacet
  facet normal 0 0 1
    outer loop
      vertex 27.760050506338832 -0.9899494936611666 13.8
      vertex 27.760050506338832 0.9899494936611666 13.8
      vertex 27.677537779633433 -0.8999026535611548 13.8
    endloop
  endfacet
  facet normal 0 0 1
    outer loop
      vertex 27.850097346438844 -1.0724622203665692 13.8
      vertex 27.850097346438844 1.0724622203665692 13.8
      vertex 27.760050506338832 -0.9899494936611666 13.8
    endloop
  endfacet
  facet normal 0 0 1
    outer loop
      vertex 27.850097346438844 -1.0724622203665692 13.8
      vertex 27.946992989108537 -1.1468128620045885 13.8
      vertex 27.946992989108537 1.1468128620045885 13.8
    endloop
  endfacet
  facet normal 0 0 1
    outer loop
      vertex 28.05 -1.212435565298214 13.8
      vertex 28.05 1.212435565298214 13.8
      vertex 27.946992989108537 -1.1468128620045885 13.8
    endloop
  endfacet
  facet normal 0 0 1
    outer loop
      vertex 28.15833443356302 -1.2688309018513098 13.8
      vertex 28.15833443356302 1.2688309018513098 13.8
      vertex 28.05 -1.212435565298214 13.8
    endloop
  endfacet
  facet normal 0 0 1
    outer loop
      vertex 28.506892551266297 -1.378730854217091 13.8
      vertex 28.627981960153278 -1.3946725773284436 13.8
      vertex 28.627981960153278 1.3946725773284436 13.8
    endloop
  endfacet
  facet normal 0 0 1
    outer loop
      vertex 28.627981960153278 -1.3946725773284436 13.8
      vertex 28.75 -1.4 13.8
      vertex 28.75 1.4 13.8
    endloop
  endfacet
  facet normal 0 0 1
    outer loop
      vertex 28.75 -1.4 13.8
      vertex 28.872018039846722 -1.3946725773284436 13.8
      vertex 28.872018039846722 1.3946725773284436 13.8
    endloop
  endfacet
  facet normal 0 0 1
    outer loop
      vertex 28.872018039846722 -1.3946725773284436 13.8
      vertex 28.993107448733703 -1.378730854217091 13.8
      vertex 28.993107448733703 1.378730854217091 13.8
    endloop
  endfacet
  facet normal 0 0 1
    outer loop
      vertex 28.993107448733703 -1.378730854217091 13.8
      vertex 29.11234666314353 -1.3522961568046956 13.8
      vertex 29.11234666314353 1.3522961568046956 13.8
    endloop
  endfacet
  facet normal 0 0 1
    outer loop
      vertex 29.11234666314353 -1.3522961568046956 13.8
      vertex 29.228828200655936 -1.3155696691002716 13.8
      vertex 29.228828200655936 1.3155696691002716 13.8
    endloop
  endfacet
  facet normal 0 0 1
    outer loop
      vertex 29.228828200655936 -1.3155696691002716 13.8
      vertex 29.34166556643698 -1.2688309018513098 13.8
      vertex 29.34166556643698 1.2688309018513098 13.8
    endloop
  endfacet
  facet normal 0 0 1
    outer loop
      vertex 29.34166556643698 -1.2688309018513098 13.8
      vertex 29.45 -1.212435565298214 13.8
      vertex 29.45 1.212435565298214 13.8
    endloop
  endfacet
  facet normal 0 0 1
    outer loop
      vertex 29.45 -1.212435565298214 13.8
      vertex 29.553007010891463 -1.1468128620045885 13.8
      vertex 29.553007010891463 1.1468128620045885 13.8
    endloop
  endfacet
  facet normal 0 0 1
    outer loop
      vertex 29.553007010891463 -1.1468128620045885 13.8
      vertex 29.649902653561156 -1.0724622203665692 13.8
      vertex 29.649902653561156 1.0724622203665692 13.8
    endloop
  endfacet
  facet normal 0 0 1
    outer loop
      vertex 29.649902653561156 -1.0724622203665692 13.8
      vertex 29.739949493661168 -0.9899494936611666 13.8
      vertex 29.739949493661168 0.9899494936611666 13.8
    endloop
  endfacet
  facet normal 0 0 1
    outer loop
      vertex 29.739949493661168 -0.9899494936611666 13.8
      vertex 29.822462220366567 -0.8999026535611548 13.8
      vertex 29.822462220366567 0.8999026535611548 13.8
    endloop
  endfacet
  facet normal 0 0 1
    outer loop
      vertex 29.822462220366567 -0.8999026535611548 13.8
      vertex 29.896812862004587 -0.8030070108914644 13.8
      vertex 29.896812862004587 0.8030070108914644 13.8
    endloop
  endfacet
  facet normal 0 0 1
    outer loop
      vertex 29.896812862004587 -0.8030070108914644 13.8
      vertex 29.962435565298215 -0.7 13.8
      vertex 29.962435565298215 0.7 13.8
    endloop
  endfacet
  facet normal 0 0 1
    outer loop
      vertex 29.962435565298215 -0.7 13.8
      vertex 30.01883090185131 -0.5916655664369792 13.8
      vertex 30.01883090185131 0.5916655664369792 13.8
    endloop
  endfacet
  facet normal 0 0 1
    outer loop
      vertex 30.01883090185131 -0.5916655664369792 13.8
      vertex 30.06556966910027 -0.4788282006559362 13.8
      vertex 30.06556966910027 0.4788282006559362 13.8
    endloop
  endfacet
  facet normal 0 0 1
    outer loop
      vertex 30.06556966910027 -0.4788282006559362 13.8
      vertex 30.102296156804695 -0.36234666314352904 13.8
      vertex 30.102296156804695 0.36234666314352904 13.8
    endloop
  endfacet
  facet normal 0 0 1
    outer loop
      vertex 30.102296156804695 -0.36234666314352904 13.8
      vertex 30.128730854217093 -0.24310744873370244 13.8
      vertex 30.128730854217093 0.24310744873370244 13.8
    endloop
  endfacet
  facet normal 0 0 1
    outer loop
      vertex 30.128730854217093 -0.24310744873370244 13.8
      vertex 30.144672577328443 -0.12201803984672142 13.8
      vertex 30.144672577328443 0.12201803984672142 13.8
    endloop
  endfacet
  facet normal 0.8433914458128796 0.5372996083468332 0
    outer loop
      vertex 27.537564434701785 -0.7 13.8
      vertex 27.537564434701785 -0.7 23.8
      vertex 27.603187137995413 -0.8030070108914644 13.8
    endloop
  endfacet
  facet normal 0.8870108331782247 0.46174861323502814 0
    outer loop
      vertex 27.537564434701785 -0.7 13.8
      vertex 27.48116909814869 -0.5916655664369792 13.8
      vertex 27.48116909814869 -0.5916655664369792 23.8
    endloop
  endfacet
  facet normal 0.9238795325112898 0.3826834323650824 0
    outer loop
      vertex 27.48116909814869 -0.5916655664369792 13.8
      vertex 27.43443033089973 -0.4788282006559362 13.8
      vertex 27.43443033089973 -0.4788282006559362 23.8
    endloop
  endfacet
  facet normal 0.9537169507482259 0.3007057995042758 0
    outer loop
      vertex 27.43443033089973 -0.4788282006559362 13.8
      vertex 27.397703843195305 -0.36234666314352904 13.8
      vertex 27.397703843195305 -0.36234666314352904 23.8
    endloop
  endfacet
  facet normal 0.9762960071199291 0.2164396139381219 0
    outer loop
      vertex 27.397703843195305 -0.36234666314352904 13.8
      vertex 27.371269145782907 -0.24310744873370244 13.8
      vertex 27.371269145782907 -0.24310744873370244 23.8
    endloop
  endfacet
  facet normal 0.9914448613738129 0.13052619222003276 0
    outer loop
      vertex 27.371269145782907 -0.24310744873370244 13.8
      vertex 27.355327422671557 -0.12201803984672142 13.8
      vertex 27.355327422671557 -0.12201803984672142 23.8
    endloop
  endfacet
  facet normal 0.9990482215818579 0.04361938736533259 0
    outer loop
      vertex 27.355327422671557 -0.12201803984672142 13.8
      vertex 27.35 0 13.8
      vertex 27.35 0 23.8
    endloop
  endfacet
  facet normal 0.3826834323650887 0.9238795325112872 0
    outer loop
      vertex 28.15833443356302 -1.2688309018513098 13.8
      vertex 28.15833443356302 -1.2688309018513098 23.8
      vertex 28.271171799344064 -1.3155696691002716 13.8
    endloop
  endfacet
  facet normal 0.21643961393810027 0.976296007119934 0
    outer loop
      vertex 28.506892551266297 -1.378730854217091 13.8
      vertex 28.38765333685647 -1.3522961568046956 13.8
      vertex 28.38765333685647 -1.3522961568046956 23.8
    endloop
  endfacet
  facet normal 0.30070579950427584 0.953716950748226 0
    outer loop
      vertex 28.271171799344064 -1.3155696691002716 13.8
      vertex 28.271171799344064 -1.3155696691002716 23.8
      vertex 28.38765333685647 -1.3522961568046956 13.8
    endloop
  endfacet
  facet normal 0.5372996083468262 0.8433914458128842 0
    outer loop
      vertex 28.05 -1.212435565298214 13.8
      vertex 27.946992989108537 -1.1468128620045885 13.8
      vertex 27.946992989108537 -1.1468128620045885 23.8
    endloop
  endfacet
  facet normal 0.6087614290087094 0.7933533402912438 0
    outer loop
      vertex 27.850097346438844 -1.0724622203665692 13.8
      vertex 27.850097346438844 -1.0724622203665692 23.8
      vertex 27.946992989108537 -1.1468128620045885 13.8
    endloop
  endfacet
  facet normal 0.6755902076156585 0.7372773368101256 0
    outer loop
      vertex 27.850097346438844 -1.0724622203665692 13.8
      vertex 27.760050506338832 -0.9899494936611666 13.8
      vertex 27.760050506338832 -0.9899494936611666 23.8
    endloop
  endfacet
  facet normal 0.7372773368101389 0.6755902076156441 0
    outer loop
      vertex 27.760050506338832 -0.9899494936611666 13.8
      vertex 27.677537779633433 -0.8999026535611548 13.8
      vertex 27.677537779633433 -0.8999026535611548 23.8
    endloop
  endfacet
  facet normal 0.46174861323503824 0.8870108331782193 0
    outer loop
      vertex 28.15833443356302 -1.2688309018513098 13.8
      vertex 28.05 -1.212435565298214 13.8
      vertex 28.05 -1.212435565298214 23.8
    endloop
  endfacet
  facet normal 0.13052619222005268 0.9914448613738103 0
    outer loop
      vertex 28.506892551266297 -1.378730854217091 13.8
      vertex 28.506892551266297 -1.378730854217091 23.8
      vertex 28.627981960153278 -1.3946725773284436 13.8
    endloop
  endfacet
  facet normal 0.043619387365335986 0.9990482215818579 0
    outer loop
      vertex 28.627981960153278 -1.3946725773284436 13.8
      vertex 28.627981960153278 -1.3946725773284436 23.8
      vertex 28.75 -1.4 13.8
    endloop
  endfacet
  facet normal -0.043619387365335986 0.9990482215818579 0
    outer loop
      vertex 28.75 -1.4 13.8
      vertex 28.75 -1.4 23.8
      vertex 28.872018039846722 -1.3946725773284436 13.8
    endloop
  endfacet
  facet normal -0.13052619222005268 0.9914448613738103 0
    outer loop
      vertex 28.872018039846722 -1.3946725773284436 13.8
      vertex 28.872018039846722 -1.3946725773284436 23.8
      vertex 28.993107448733703 -1.378730854217091 13.8
    endloop
  endfacet
  facet normal -0.21643961393810027 0.976296007119934 0
    outer loop
      vertex 28.993107448733703 -1.378730854217091 13.8
      vertex 28.993107448733703 -1.378730854217091 23.8
      vertex 29.11234666314353 -1.3522961568046956 13.8
    endloop
  endfacet
  facet normal -0.30070579950427584 0.953716950748226 0
    outer loop
      vertex 29.11234666314353 -1.3522961568046956 13.8
      vertex 29.11234666314353 -1.3522961568046956 23.8
      vertex 29.228828200655936 -1.3155696691002716 13.8
    endloop
  endfacet
  facet normal -0.3826834323650887 0.9238795325112872 0
    outer loop
      vertex 29.228828200655936 -1.3155696691002716 13.8
      vertex 29.228828200655936 -1.3155696691002716 23.8
      vertex 29.34166556643698 -1.2688309018513098 13.8
    endloop
  endfacet
  facet normal -0.46174861323503824 0.8870108331782193 0
    outer loop
      vertex 29.34166556643698 -1.2688309018513098 13.8
      vertex 29.34166556643698 -1.2688309018513098 23.8
      vertex 29.45 -1.212435565298214 13.8
    endloop
  endfacet
  facet normal -0.5372996083468262 0.8433914458128842 0
    outer loop
      vertex 29.45 -1.212435565298214 13.8
      vertex 29.45 -1.212435565298214 23.8
      vertex 29.553007010891463 -1.1468128620045885 13.8
    endloop
  endfacet
  facet normal 0.7933533402912322 0.6087614290087248 0
    outer loop
      vertex 27.677537779633433 -0.8999026535611548 13.8
      vertex 27.603187137995413 -0.8030070108914644 13.8
      vertex 27.603187137995413 -0.8030070108914644 23.8
    endloop
  endfacet
  facet normal -0.6087614290087094 0.7933533402912438 0
    outer loop
      vertex 29.553007010891463 -1.1468128620045885 13.8
      vertex 29.553007010891463 -1.1468128620045885 23.8
      vertex 29.649902653561156 -1.0724622203665692 13.8
    endloop
  endfacet
  facet normal -0.6755902076156585 0.7372773368101256 0
    outer loop
      vertex 29.649902653561156 -1.0724622203665692 13.8
      vertex 29.649902653561156 -1.0724622203665692 23.8
      vertex 29.739949493661168 -0.9899494936611666 13.8
    endloop
  endfacet
  facet normal -0.7372773368101389 0.6755902076156441 0
    outer loop
      vertex 29.739949493661168 -0.9899494936611666 13.8
      vertex 29.739949493661168 -0.9899494936611666 23.8
      vertex 29.822462220366567 -0.8999026535611548 13.8
    endloop
  endfacet
  facet normal -0.7933533402912322 0.6087614290087248 0
    outer loop
      vertex 29.822462220366567 -0.8999026535611548 13.8
      vertex 29.822462220366567 -0.8999026535611548 23.8
      vertex 29.896812862004587 -0.8030070108914644 13.8
    endloop
  endfacet
  facet normal -0.8433914458128796 0.5372996083468332 0
    outer loop
      vertex 29.896812862004587 -0.8030070108914644 13.8
      vertex 29.896812862004587 -0.8030070108914644 23.8
      vertex 29.962435565298215 -0.7 13.8
    endloop
  endfacet
  facet normal -0.8870108331782247 0.46174861323502814 0
    outer loop
      vertex 29.962435565298215 -0.7 13.8
      vertex 29.962435565298215 -0.7 23.8
      vertex 30.01883090185131 -0.5916655664369792 13.8
    endloop
  endfacet
  facet normal -0.9238795325112898 0.3826834323650824 0
    outer loop
      vertex 30.01883090185131 -0.5916655664369792 13.8
      vertex 30.01883090185131 -0.5916655664369792 23.8
      vertex 30.06556966910027 -0.4788282006559362 13.8
    endloop
  endfacet
  facet normal -0.9537169507482259 0.3007057995042758 0
    outer loop
      vertex 30.06556966910027 -0.4788282006559362 13.8
      vertex 30.06556966910027 -0.4788282006559362 23.8
      vertex 30.102296156804695 -0.36234666314352904 13.8
    endloop
  endfacet
  facet normal -0.9762960071199291 0.2164396139381219 0
    outer loop
      vertex 30.102296156804695 -0.36234666314352904 13.8
      vertex 30.102296156804695 -0.36234666314352904 23.8
      vertex 30.128730854217093 -0.24310744873370244 13.8
    endloop
  endfacet
  facet normal -0.9914448613738129 0.13052619222003276 0
    outer loop
      vertex 30.128730854217093 -0.24310744873370244 13.8
      vertex 30.128730854217093 -0.24310744873370244 23.8
      vertex 30.144672577328443 -0.12201803984672142 13.8
    endloop
  endfacet
  facet normal -0.9990482215818579 0.04361938736533259 0
    outer loop
      vertex 30.144672577328443 -0.12201803984672142 13.8
      vertex 30.144672577328443 -0.12201803984672142 23.8
      vertex 30.15 0 13.8
    endloop
  endfacet
  facet normal 0.8870108331782247 0.46174861323502814 0
    outer loop
      vertex 27.537564434701785 -0.7 13.8
      vertex 27.48116909814869 -0.5916655664369792 23.8
      vertex 27.537564434701785 -0.7 23.8
    endloop
  endfacet
  facet normal 0.9238795325112898 0.3826834323650824 0
    outer loop
      vertex 27.48116909814869 -0.5916655664369792 13.8
      vertex 27.43443033089973 -0.4788282006559362 23.8
      vertex 27.48116909814869 -0.5916655664369792 23.8
    endloop
  endfacet
  facet normal 0.9537169507482259 0.3007057995042758 0
    outer loop
      vertex 27.43443033089973 -0.4788282006559362 13.8
      vertex 27.397703843195305 -0.36234666314352904 23.8
      vertex 27.43443033089973 -0.4788282006559362 23.8
    endloop
  endfacet
  facet normal 0.9762960071199291 0.2164396139381219 0
    outer loop
      vertex 27.397703843195305 -0.36234666314352904 13.8
      vertex 27.371269145782907 -0.24310744873370244 23.8
      vertex 27.397703843195305 -0.36234666314352904 23.8
    endloop
  endfacet
  facet normal 0.9914448613738129 0.13052619222003276 0
    outer loop
      vertex 27.371269145782907 -0.24310744873370244 13.8
      vertex 27.355327422671557 -0.12201803984672142 23.8
      vertex 27.371269145782907 -0.24310744873370244 23.8
    endloop
  endfacet
  facet normal 0.9990482215818579 0.04361938736533259 0
    outer loop
      vertex 27.355327422671557 -0.12201803984672142 13.8
      vertex 27.35 0 23.8
      vertex 27.355327422671557 -0.12201803984672142 23.8
    endloop
  endfacet
  facet normal 0.3826834323650887 0.9238795325112872 0
    outer loop
      vertex 28.271171799344064 -1.3155696691002716 13.8
      vertex 28.15833443356302 -1.2688309018513098 23.8
      vertex 28.271171799344064 -1.3155696691002716 23.8
    endloop
  endfacet
  facet normal 0.21643961393810027 0.976296007119934 0
    outer loop
      vertex 28.506892551266297 -1.378730854217091 13.8
      vertex 28.38765333685647 -1.3522961568046956 23.8
      vertex 28.506892551266297 -1.378730854217091 23.8
    endloop
  endfacet
  facet normal 0.30070579950427584 0.953716950748226 0
    outer loop
      vertex 28.38765333685647 -1.3522961568046956 13.8
      vertex 28.271171799344064 -1.3155696691002716 23.8
      vertex 28.38765333685647 -1.3522961568046956 23.8
    endloop
  endfacet
  facet normal 0.5372996083468262 0.8433914458128842 0
    outer loop
      vertex 28.05 -1.212435565298214 13.8
      vertex 27.946992989108537 -1.1468128620045885 23.8
      vertex 28.05 -1.212435565298214 23.8
    endloop
  endfacet
  facet normal 0.6087614290087094 0.7933533402912438 0
    outer loop
      vertex 27.946992989108537 -1.1468128620045885 13.8
      vertex 27.850097346438844 -1.0724622203665692 23.8
      vertex 27.946992989108537 -1.1468128620045885 23.8
    endloop
  endfacet
  facet normal 0.7372773368101389 0.6755902076156441 0
    outer loop
      vertex 27.760050506338832 -0.9899494936611666 13.8
      vertex 27.677537779633433 -0.8999026535611548 23.8
      vertex 27.760050506338832 -0.9899494936611666 23.8
    endloop
  endfacet
  facet normal 0.7933533402912322 0.6087614290087248 0
    outer loop
      vertex 27.677537779633433 -0.8999026535611548 13.8
      vertex 27.603187137995413 -0.8030070108914644 23.8
      vertex 27.677537779633433 -0.8999026535611548 23.8
    endloop
  endfacet
  facet normal 0.6755902076156585 0.7372773368101256 0
    outer loop
      vertex 27.850097346438844 -1.0724622203665692 13.8
      vertex 27.760050506338832 -0.9899494936611666 23.8
      vertex 27.850097346438844 -1.0724622203665692 23.8
    endloop
  endfacet
  facet normal 0.46174861323503824 0.8870108331782193 0
    outer loop
      vertex 28.15833443356302 -1.2688309018513098 13.8
      vertex 28.05 -1.212435565298214 23.8
      vertex 28.15833443356302 -1.2688309018513098 23.8
    endloop
  endfacet
  facet normal 0.13052619222005268 0.9914448613738103 0
    outer loop
      vertex 28.627981960153278 -1.3946725773284436 13.8
      vertex 28.506892551266297 -1.378730854217091 23.8
      vertex 28.627981960153278 -1.3946725773284436 23.8
    endloop
  endfacet
  facet normal 0.043619387365335986 0.9990482215818579 0
    outer loop
      vertex 28.75 -1.4 13.8
      vertex 28.627981960153278 -1.3946725773284436 23.8
      vertex 28.75 -1.4 23.8
    endloop
  endfacet
  facet normal -0.043619387365335986 0.9990482215818579 0
    outer loop
      vertex 28.872018039846722 -1.3946725773284436 13.8
      vertex 28.75 -1.4 23.8
      vertex 28.872018039846722 -1.3946725773284436 23.8
    endloop
  endfacet
  facet normal -0.13052619222005268 0.9914448613738103 0
    outer loop
      vertex 28.993107448733703 -1.378730854217091 13.8
      vertex 28.872018039846722 -1.3946725773284436 23.8
      vertex 28.993107448733703 -1.378730854217091 23.8
    endloop
  endfacet
  facet normal -0.21643961393810027 0.976296007119934 0
    outer loop
      vertex 29.11234666314353 -1.3522961568046956 13.8
      vertex 28.993107448733703 -1.378730854217091 23.8
      vertex 29.11234666314353 -1.3522961568046956 23.8
    endloop
  endfacet
  facet normal -0.30070579950427584 0.953716950748226 0
    outer loop
      vertex 29.228828200655936 -1.3155696691002716 13.8
      vertex 29.11234666314353 -1.3522961568046956 23.8
      vertex 29.228828200655936 -1.3155696691002716 23.8
    endloop
  endfacet
  facet normal -0.3826834323650887 0.9238795325112872 0
    outer loop
      vertex 29.34166556643698 -1.2688309018513098 13.8
      vertex 29.228828200655936 -1.3155696691002716 23.8
      vertex 29.34166556643698 -1.2688309018513098 23.8
    endloop
  endfacet
  facet normal -0.46174861323503824 0.8870108331782193 0
    outer loop
      vertex 29.45 -1.212435565298214 13.8
      vertex 29.34166556643698 -1.2688309018513098 23.8
      vertex 29.45 -1.212435565298214 23.8
    endloop
  endfacet
  facet normal -0.5372996083468262 0.8433914458128842 0
    outer loop
      vertex 29.553007010891463 -1.1468128620045885 13.8
      vertex 29.45 -1.212435565298214 23.8
      vertex 29.553007010891463 -1.1468128620045885 23.8
    endloop
  endfacet
  facet normal 0.8433914458128796 0.5372996083468332 0
    outer loop
      vertex 27.603187137995413 -0.8030070108914644 13.8
      vertex 27.537564434701785 -0.7 23.8
      vertex 27.603187137995413 -0.8030070108914644 23.8
    endloop
  endfacet
  facet normal -0.6087614290087094 0.7933533402912438 0
    outer loop
      vertex 29.649902653561156 -1.0724622203665692 13.8
      vertex 29.553007010891463 -1.1468128620045885 23.8
      vertex 29.649902653561156 -1.0724622203665692 23.8
    endloop
  endfacet
  facet normal -0.6755902076156585 0.7372773368101256 0
    outer loop
      vertex 29.739949493661168 -0.9899494936611666 13.8
      vertex 29.649902653561156 -1.0724622203665692 23.8
      vertex 29.739949493661168 -0.9899494936611666 23.8
    endloop
  endfacet
  facet normal -0.7372773368101389 0.6755902076156441 0
    outer loop
      vertex 29.822462220366567 -0.8999026535611548 13.8
      vertex 29.739949493661168 -0.9899494936611666 23.8
      vertex 29.822462220366567 -0.8999026535611548 23.8
    endloop
  endfacet
  facet normal -0.7933533402912322 0.6087614290087248 0
    outer loop
      vertex 29.896812862004587 -0.8030070108914644 13.8
      vertex 29.822462220366567 -0.8999026535611548 23.8
      vertex 29.896812862004587 -0.8030070108914644 23.8
    endloop
  endfacet
  facet normal -0.8433914458128796 0.5372996083468332 0
    outer loop
      vertex 29.962435565298215 -0.7 13.8
      vertex 29.896812862004587 -0.8030070108914644 23.8
      vertex 29.962435565298215 -0.7 23.8
    endloop
  endfacet
  facet normal -0.8870108331782247 0.46174861323502814 0
    outer loop
      vertex 30.01883090185131 -0.5916655664369792 13.8
      vertex 29.962435565298215 -0.7 23.8
      vertex 30.01883090185131 -0.5916655664369792 23.8
    endloop
  endfacet
  facet normal -0.9238795325112898 0.3826834323650824 0
    outer loop
      vertex 30.06556966910027 -0.4788282006559362 13.8
      vertex 30.01883090185131 -0.5916655664369792 23.8
      vertex 30.06556966910027 -0.4788282006559362 23.8
    endloop
  endfacet
  facet normal -0.9537169507482259 0.3007057995042758 0
    outer loop
      vertex 30.102296156804695 -0.36234666314352904 13.8
      vertex 30.06556966910027 -0.4788282006559362 23.8
      vertex 30.102296156804695 -0.36234666314352904 23.8
    endloop
  endfacet
  facet normal -0.9762960071199291 0.2164396139381219 0
    outer loop
      vertex 30.128730854217093 -0.24310744873370244 13.8
      vertex 30.102296156804695 -0.36234666314352904 23.8
      vertex 30.128730854217093 -0.24310744873370244 23.8
    endloop
  endfacet
  facet normal -0.9914448613738129 0.13052619222003276 0
    outer loop
      vertex 30.144672577328443 -0.12201803984672142 13.8
      vertex 30.128730854217093 -0.24310744873370244 23.8
      vertex 30.144672577328443 -0.12201803984672142 23.8
    endloop
  endfacet
  facet normal -0.9990482215818579 0.04361938736533259 0
    outer loop
      vertex 30.144672577328443 -0.12201803984672142 23.8
      vertex 30.15 0 23.8
      vertex 30.15 0 13.8
    endloop
  endfacet
  facet normal 0 0 1
    outer loop
      vertex 27.355327422671557 -0.12201803984672142 13.8
      vertex 27.355327422671557 0.12201803984672142 13.8
      vertex 27.35 0 13.8
    endloop
  endfacet
  facet normal 0 0 1
    outer loop
      vertex 27.355327422671557 -0.12201803984672142 13.8
      vertex 27.371269145782907 0.24310744873370244 13.8
      vertex 27.355327422671557 0.12201803984672142 13.8
    endloop
  endfacet
  facet normal 0 0 1
    outer loop
      vertex 27.371269145782907 -0.24310744873370244 13.8
      vertex 27.397703843195305 0.36234666314352904 13.8
      vertex 27.371269145782907 0.24310744873370244 13.8
    endloop
  endfacet
  facet normal 0 0 1
    outer loop
      vertex 27.397703843195305 -0.36234666314352904 13.8
      vertex 27.43443033089973 0.4788282006559362 13.8
      vertex 27.397703843195305 0.36234666314352904 13.8
    endloop
  endfacet
  facet normal 0 0 1
    outer loop
      vertex 27.43443033089973 -0.4788282006559362 13.8
      vertex 27.48116909814869 0.5916655664369792 13.8
      vertex 27.43443033089973 0.4788282006559362 13.8
    endloop
  endfacet
  facet normal 0 0 1
    outer loop
      vertex 27.48116909814869 -0.5916655664369792 13.8
      vertex 27.537564434701785 0.7 13.8
      vertex 27.48116909814869 0.5916655664369792 13.8
    endloop
  endfacet
  facet normal 0 0 1
    outer loop
      vertex 27.537564434701785 -0.7 13.8
      vertex 27.603187137995413 0.8030070108914644 13.8
      vertex 27.537564434701785 0.7 13.8
    endloop
  endfacet
  facet normal 0 0 1
    outer loop
      vertex 27.603187137995413 -0.8030070108914644 13.8
      vertex 27.677537779633433 0.8999026535611548 13.8
      vertex 27.603187137995413 0.8030070108914644 13.8
    endloop
  endfacet
  facet normal 0 0 1
    outer loop
      vertex 27.677537779633433 -0.8999026535611548 13.8
      vertex 27.760050506338832 0.9899494936611666 13.8
      vertex 27.677537779633433 0.8999026535611548 13.8
    endloop
  endfacet
  facet normal 0 0 1
    outer loop
      vertex 27.760050506338832 -0.9899494936611666 13.8
      vertex 27.850097346438844 1.0724622203665692 13.8
      vertex 27.760050506338832 0.9899494936611666 13.8
    endloop
  endfacet
  facet normal 0 0 1
    outer loop
      vertex 27.850097346438844 -1.0724622203665692 13.8
      vertex 27.946992989108537 1.1468128620045885 13.8
      vertex 27.850097346438844 1.0724622203665692 13.8
    endloop
  endfacet
  facet normal 0 0 1
    outer loop
      vertex 27.946992989108537 -1.1468128620045885 13.8
      vertex 28.05 1.212435565298214 13.8
      vertex 27.946992989108537 1.1468128620045885 13.8
    endloop
  endfacet
  facet normal 0 0 1
    outer loop
      vertex 28.05 -1.212435565298214 13.8
      vertex 28.15833443356302 1.2688309018513098 13.8
      vertex 28.05 1.212435565298214 13.8
    endloop
  endfacet
  facet normal 0 0 1
    outer loop
      vertex 28.15833443356302 -1.2688309018513098 13.8
      vertex 28.271171799344064 1.3155696691002716 13.8
      vertex 28.15833443356302 1.2688309018513098 13.8
    endloop
  endfacet
  facet normal 0 0 1
    outer loop
      vertex 28.271171799344064 -1.3155696691002716 13.8
      vertex 28.38765333685647 1.3522961568046956 13.8
      vertex 28.271171799344064 1.3155696691002716 13.8
    endloop
  endfacet
  facet normal 0 0 1
    outer loop
      vertex 28.38765333685647 -1.3522961568046956 13.8
      vertex 28.506892551266297 1.378730854217091 13.8
      vertex 28.38765333685647 1.3522961568046956 13.8
    endloop
  endfacet
  facet normal 0 0 1
    outer loop
      vertex 29.34166556643698 -1.2688309018513098 13.8
      vertex 29.45 1.212435565298214 13.8
      vertex 29.34166556643698 1.2688309018513098 13.8
    endloop
  endfacet
  facet normal 0 0 1
    outer loop
      vertex 29.45 -1.212435565298214 13.8
      vertex 29.553007010891463 1.1468128620045885 13.8
      vertex 29.45 1.212435565298214 13.8
    endloop
  endfacet
  facet normal 0 0 1
    outer loop
      vertex 28.506892551266297 -1.378730854217091 13.8
      vertex 28.627981960153278 1.3946725773284436 13.8
      vertex 28.506892551266297 1.378730854217091 13.8
    endloop
  endfacet
  facet normal 0 0 1
    outer loop
      vertex 28.627981960153278 -1.3946725773284436 13.8
      vertex 28.75 1.4 13.8
      vertex 28.627981960153278 1.3946725773284436 13.8
    endloop
  endfacet
  facet normal 0 0 1
    outer loop
      vertex 28.75 -1.4 13.8
      vertex 28.872018039846722 1.3946725773284436 13.8
      vertex 28.75 1.4 13.8
    endloop
  endfacet
  facet normal 0 0 1
    outer loop
      vertex 28.872018039846722 -1.3946725773284436 13.8
      vertex 28.993107448733703 1.378730854217091 13.8
      vertex 28.872018039846722 1.3946725773284436 13.8
    endloop
  endfacet
  facet normal 0 0 1
    outer loop
      vertex 28.993107448733703 -1.378730854217091 13.8
      vertex 29.11234666314353 1.3522961568046956 13.8
      vertex 28.993107448733703 1.378730854217091 13.8
    endloop
  endfacet
  facet normal 0 0 1
    outer loop
      vertex 29.11234666314353 -1.3522961568046956 13.8
      vertex 29.228828200655936 1.3155696691002716 13.8
      vertex 29.11234666314353 1.3522961568046956 13.8
    endloop
  endfacet
  facet normal 0 0 1
    outer loop
      vertex 29.228828200655936 -1.3155696691002716 13.8
      vertex 29.34166556643698 1.2688309018513098 13.8
      vertex 29.228828200655936 1.3155696691002716 13.8
    endloop
  endfacet
  facet normal 0 0 1
    outer loop
      vertex 29.962435565298215 -0.7 13.8
      vertex 30.01883090185131 0.5916655664369792 13.8
      vertex 29.962435565298215 0.7 13.8
    endloop
  endfacet
  facet normal 0 0 1
    outer loop
      vertex 29.739949493661168 -0.9899494936611666 13.8
      vertex 29.822462220366567 0.8999026535611548 13.8
      vertex 29.739949493661168 0.9899494936611666 13.8
    endloop
  endfacet
  facet normal 0 0 1
    outer loop
      vertex 29.553007010891463 -1.1468128620045885 13.8
      vertex 29.649902653561156 1.0724622203665692 13.8
      vertex 29.553007010891463 1.1468128620045885 13.8
    endloop
  endfacet
  facet normal 0 0 1
    outer loop
      vertex 29.649902653561156 -1.0724622203665692 13.8
      vertex 29.739949493661168 0.9899494936611666 13.8
      vertex 29.649902653561156 1.0724622203665692 13.8
    endloop
  endfacet
  facet normal 0 0 1
    outer loop
      vertex 29.822462220366567 -0.8999026535611548 13.8
      vertex 29.896812862004587 0.8030070108914644 13.8
      vertex 29.822462220366567 0.8999026535611548 13.8
    endloop
  endfacet
  facet normal 0 0 1
    outer loop
      vertex 29.896812862004587 -0.8030070108914644 13.8
      vertex 29.962435565298215 0.7 13.8
      vertex 29.896812862004587 0.8030070108914644 13.8
    endloop
  endfacet
  facet normal 0 0 1
    outer loop
      vertex 30.144672577328443 -0.12201803984672142 13.8
      vertex 30.15 0 13.8
      vertex 30.144672577328443 0.12201803984672142 13.8
    endloop
  endfacet
  facet normal 0 0 1
    outer loop
      vertex 30.128730854217093 -0.24310744873370244 13.8
      vertex 30.144672577328443 0.12201803984672142 13.8
      vertex 30.128730854217093 0.24310744873370244 13.8
    endloop
  endfacet
  facet normal 0 0 1
    outer loop
      vertex 30.102296156804695 -0.36234666314352904 13.8
      vertex 30.128730854217093 0.24310744873370244 13.8
      vertex 30.102296156804695 0.36234666314352904 13.8
    endloop
  endfacet
  facet normal 0 0 1
    outer loop
      vertex 30.06556966910027 -0.4788282006559362 13.8
      vertex 30.102296156804695 0.36234666314352904 13.8
      vertex 30.06556966910027 0.4788282006559362 13.8
    endloop
  endfacet
  facet normal 0 0 1
    outer loop
      vertex 30.01883090185131 -0.5916655664369792 13.8
      vertex 30.06556966910027 0.4788282006559362 13.8
      vertex 30.01883090185131 0.5916655664369792 13.8
    endloop
  endfacet
  facet normal 0.9990482215818579 -0.04361938736533259 0
    outer loop
      vertex 27.35 0 13.8
      vertex 27.355327422671557 0.12201803984672142 13.8
      vertex 27.355327422671557 0.12201803984672142 23.8
    endloop
  endfacet
  facet normal 0.9914448613738129 -0.13052619222003276 0
    outer loop
      vertex 27.355327422671557 0.12201803984672142 13.8
      vertex 27.371269145782907 0.24310744873370244 13.8
      vertex 27.371269145782907 0.24310744873370244 23.8
    endloop
  endfacet
  facet normal 0.9762960071199291 -0.2164396139381219 0
    outer loop
      vertex 27.371269145782907 0.24310744873370244 13.8
      vertex 27.397703843195305 0.36234666314352904 13.8
      vertex 27.397703843195305 0.36234666314352904 23.8
    endloop
  endfacet
  facet normal 0.9537169507482259 -0.3007057995042758 0
    outer loop
      vertex 27.397703843195305 0.36234666314352904 13.8
      vertex 27.43443033089973 0.4788282006559362 13.8
      vertex 27.43443033089973 0.4788282006559362 23.8
    endloop
  endfacet
  facet normal 0.9238795325112898 -0.3826834323650824 0
    outer loop
      vertex 27.43443033089973 0.4788282006559362 13.8
      vertex 27.48116909814869 0.5916655664369792 13.8
      vertex 27.48116909814869 0.5916655664369792 23.8
    endloop
  endfacet
  facet normal 0.8870108331782247 -0.46174861323502814 0
    outer loop
      vertex 27.48116909814869 0.5916655664369792 13.8
      vertex 27.537564434701785 0.7 13.8
      vertex 27.537564434701785 0.7 23.8
    endloop
  endfacet
  facet normal 0.8433914458128796 -0.5372996083468332 0
    outer loop
      vertex 27.537564434701785 0.7 13.8
      vertex 27.603187137995413 0.8030070108914644 13.8
      vertex 27.603187137995413 0.8030070108914644 23.8
    endloop
  endfacet
  facet normal 0.7933533402912322 -0.6087614290087248 0
    outer loop
      vertex 27.603187137995413 0.8030070108914644 13.8
      vertex 27.677537779633433 0.8999026535611548 13.8
      vertex 27.677537779633433 0.8999026535611548 23.8
    endloop
  endfacet
  facet normal 0.7372773368101389 -0.6755902076156441 0
    outer loop
      vertex 27.677537779633433 0.8999026535611548 13.8
      vertex 27.760050506338832 0.9899494936611666 13.8
      vertex 27.760050506338832 0.9899494936611666 23.8
    endloop
  endfacet
  facet normal 0.6755902076156585 -0.7372773368101256 0
    outer loop
      vertex 27.760050506338832 0.9899494936611666 13.8
      vertex 27.850097346438844 1.0724622203665692 13.8
      vertex 27.850097346438844 1.0724622203665692 23.8
    endloop
  endfacet
  facet normal 0.6087614290087094 -0.7933533402912438 0
    outer loop
      vertex 27.850097346438844 1.0724622203665692 13.8
      vertex 27.946992989108537 1.1468128620045885 13.8
      vertex 27.946992989108537 1.1468128620045885 23.8
    endloop
  endfacet
  facet normal 0.5372996083468262 -0.8433914458128842 0
    outer loop
      vertex 27.946992989108537 1.1468128620045885 13.8
      vertex 28.05 1.212435565298214 13.8
      vertex 28.05 1.212435565298214 23.8
    endloop
  endfacet
  facet normal 0.46174861323503824 -0.8870108331782193 0
    outer loop
      vertex 28.05 1.212435565298214 13.8
      vertex 28.15833443356302 1.2688309018513098 13.8
      vertex 28.15833443356302 1.2688309018513098 23.8
    endloop
  endfacet
  facet normal 0.3826834323650887 -0.9238795325112872 0
    outer loop
      vertex 28.15833443356302 1.2688309018513098 13.8
      vertex 28.271171799344064 1.3155696691002716 13.8
      vertex 28.271171799344064 1.3155696691002716 23.8
    endloop
  endfacet
  facet normal 0.30070579950427584 -0.953716950748226 0
    outer loop
      vertex 28.271171799344064 1.3155696691002716 13.8
      vertex 28.38765333685647 1.3522961568046956 13.8
      vertex 28.38765333685647 1.3522961568046956 23.8
    endloop
  endfacet
  facet normal 0.21643961393810027 -0.976296007119934 0
    outer loop
      vertex 28.38765333685647 1.3522961568046956 13.8
      vertex 28.506892551266297 1.378730854217091 13.8
      vertex 28.506892551266297 1.378730854217091 23.8
    endloop
  endfacet
  facet normal -0.5372996083468262 -0.8433914458128842 0
    outer loop
      vertex 29.45 1.212435565298214 13.8
      vertex 29.553007010891463 1.1468128620045885 13.8
      vertex 29.553007010891463 1.1468128620045885 23.8
    endloop
  endfacet
  facet normal -0.46174861323503824 -0.8870108331782193 0
    outer loop
      vertex 29.45 1.212435565298214 13.8
      vertex 29.45 1.212435565298214 23.8
      vertex 29.34166556643698 1.2688309018513098 13.8
    endloop
  endfacet
  facet normal 0.13052619222005268 -0.9914448613738103 0
    outer loop
      vertex 28.506892551266297 1.378730854217091 13.8
      vertex 28.627981960153278 1.3946725773284436 13.8
      vertex 28.627981960153278 1.3946725773284436 23.8
    endloop
  endfacet
  facet normal 0.043619387365335986 -0.9990482215818579 0
    outer loop
      vertex 28.627981960153278 1.3946725773284436 13.8
      vertex 28.75 1.4 13.8
      vertex 28.75 1.4 23.8
    endloop
  endfacet
  facet normal -0.043619387365335986 -0.9990482215818579 0
    outer loop
      vertex 28.75 1.4 13.8
      vertex 28.872018039846722 1.3946725773284436 13.8
      vertex 28.872018039846722 1.3946725773284436 23.8
    endloop
  endfacet
  facet normal -0.13052619222005268 -0.9914448613738103 0
    outer loop
      vertex 28.872018039846722 1.3946725773284436 13.8
      vertex 28.993107448733703 1.378730854217091 13.8
      vertex 28.993107448733703 1.378730854217091 23.8
    endloop
  endfacet
  facet normal -0.30070579950427584 -0.953716950748226 0
    outer loop
      vertex 29.11234666314353 1.3522961568046956 13.8
      vertex 29.228828200655936 1.3155696691002716 13.8
      vertex 29.228828200655936 1.3155696691002716 23.8
    endloop
  endfacet
  facet normal -0.21643961393810027 -0.976296007119934 0
    outer loop
      vertex 28.993107448733703 1.378730854217091 13.8
      vertex 29.11234666314353 1.3522961568046956 13.8
      vertex 29.11234666314353 1.3522961568046956 23.8
    endloop
  endfacet
  facet normal -0.3826834323650887 -0.9238795325112872 0
    outer loop
      vertex 29.228828200655936 1.3155696691002716 13.8
      vertex 29.34166556643698 1.2688309018513098 13.8
      vertex 29.34166556643698 1.2688309018513098 23.8
    endloop
  endfacet
  facet normal -0.9990482215818579 -0.04361938736533259 0
    outer loop
      vertex 30.15 0 13.8
      vertex 30.15 0 23.8
      vertex 30.144672577328443 0.12201803984672142 13.8
    endloop
  endfacet
  facet normal -0.9914448613738129 -0.13052619222003276 0
    outer loop
      vertex 30.144672577328443 0.12201803984672142 13.8
      vertex 30.144672577328443 0.12201803984672142 23.8
      vertex 30.128730854217093 0.24310744873370244 13.8
    endloop
  endfacet
  facet normal -0.9762960071199291 -0.2164396139381219 0
    outer loop
      vertex 30.128730854217093 0.24310744873370244 13.8
      vertex 30.128730854217093 0.24310744873370244 23.8
      vertex 30.102296156804695 0.36234666314352904 13.8
    endloop
  endfacet
  facet normal -0.9537169507482259 -0.3007057995042758 0
    outer loop
      vertex 30.102296156804695 0.36234666314352904 13.8
      vertex 30.102296156804695 0.36234666314352904 23.8
      vertex 30.06556966910027 0.4788282006559362 13.8
    endloop
  endfacet
  facet normal -0.8870108331782247 -0.46174861323502814 0
    outer loop
      vertex 30.01883090185131 0.5916655664369792 13.8
      vertex 30.01883090185131 0.5916655664369792 23.8
      vertex 29.962435565298215 0.7 13.8
    endloop
  endfacet
  facet normal -0.7933533402912322 -0.6087614290087248 0
    outer loop
      vertex 29.896812862004587 0.8030070108914644 13.8
      vertex 29.896812862004587 0.8030070108914644 23.8
      vertex 29.822462220366567 0.8999026535611548 13.8
    endloop
  endfacet
  facet normal -0.8433914458128796 -0.5372996083468332 0
    outer loop
      vertex 29.962435565298215 0.7 13.8
      vertex 29.962435565298215 0.7 23.8
      vertex 29.896812862004587 0.8030070108914644 13.8
    endloop
  endfacet
  facet normal -0.9238795325112898 -0.3826834323650824 0
    outer loop
      vertex 30.01883090185131 0.5916655664369792 13.8
      vertex 30.06556966910027 0.4788282006559362 13.8
      vertex 30.06556966910027 0.4788282006559362 23.8
    endloop
  endfacet
  facet normal -0.6755902076156585 -0.7372773368101256 0
    outer loop
      vertex 29.739949493661168 0.9899494936611666 13.8
      vertex 29.739949493661168 0.9899494936611666 23.8
      vertex 29.649902653561156 1.0724622203665692 13.8
    endloop
  endfacet
  facet normal -0.7372773368101389 -0.6755902076156441 0
    outer loop
      vertex 29.739949493661168 0.9899494936611666 13.8
      vertex 29.822462220366567 0.8999026535611548 13.8
      vertex 29.822462220366567 0.8999026535611548 23.8
    endloop
  endfacet
  facet normal -0.6087614290087094 -0.7933533402912438 0
    outer loop
      vertex 29.649902653561156 1.0724622203665692 13.8
      vertex 29.649902653561156 1.0724622203665692 23.8
      vertex 29.553007010891463 1.1468128620045885 13.8
    endloop
  endfacet
  facet normal 0.9990482215818579 -0.04361938736533259 0
    outer loop
      vertex 27.35 0 13.8
      vertex 27.355327422671557 0.12201803984672142 23.8
      vertex 27.35 0 23.8
    endloop
  endfacet
  facet normal 0.9914448613738129 -0.13052619222003276 0
    outer loop
      vertex 27.355327422671557 0.12201803984672142 13.8
      vertex 27.371269145782907 0.24310744873370244 23.8
      vertex 27.355327422671557 0.12201803984672142 23.8
    endloop
  endfacet
  facet normal 0.9762960071199291 -0.2164396139381219 0
    outer loop
      vertex 27.371269145782907 0.24310744873370244 13.8
      vertex 27.397703843195305 0.36234666314352904 23.8
      vertex 27.371269145782907 0.24310744873370244 23.8
    endloop
  endfacet
  facet normal 0.9537169507482259 -0.3007057995042758 0
    outer loop
      vertex 27.397703843195305 0.36234666314352904 13.8
      vertex 27.43443033089973 0.4788282006559362 23.8
      vertex 27.397703843195305 0.36234666314352904 23.8
    endloop
  endfacet
  facet normal 0.9238795325112898 -0.3826834323650824 0
    outer loop
      vertex 27.43443033089973 0.4788282006559362 13.8
      vertex 27.48116909814869 0.5916655664369792 23.8
      vertex 27.43443033089973 0.4788282006559362 23.8
    endloop
  endfacet
  facet normal 0.8870108331782247 -0.46174861323502814 0
    outer loop
      vertex 27.48116909814869 0.5916655664369792 13.8
      vertex 27.537564434701785 0.7 23.8
      vertex 27.48116909814869 0.5916655664369792 23.8
    endloop
  endfacet
  facet normal 0.8433914458128796 -0.5372996083468332 0
    outer loop
      vertex 27.537564434701785 0.7 13.8
      vertex 27.603187137995413 0.8030070108914644 23.8
      vertex 27.537564434701785 0.7 23.8
    endloop
  endfacet
  facet normal 0.7933533402912322 -0.6087614290087248 0
    outer loop
      vertex 27.603187137995413 0.8030070108914644 13.8
      vertex 27.677537779633433 0.8999026535611548 23.8
      vertex 27.603187137995413 0.8030070108914644 23.8
    endloop
  endfacet
  facet normal 0.7372773368101389 -0.6755902076156441 0
    outer loop
      vertex 27.677537779633433 0.8999026535611548 13.8
      vertex 27.760050506338832 0.9899494936611666 23.8
      vertex 27.677537779633433 0.8999026535611548 23.8
    endloop
  endfacet
  facet normal 0.6755902076156585 -0.7372773368101256 0
    outer loop
      vertex 27.760050506338832 0.9899494936611666 13.8
      vertex 27.850097346438844 1.0724622203665692 23.8
      vertex 27.760050506338832 0.9899494936611666 23.8
    endloop
  endfacet
  facet normal 0.6087614290087094 -0.7933533402912438 0
    outer loop
      vertex 27.850097346438844 1.0724622203665692 13.8
      vertex 27.946992989108537 1.1468128620045885 23.8
      vertex 27.850097346438844 1.0724622203665692 23.8
    endloop
  endfacet
  facet normal 0.5372996083468262 -0.8433914458128842 0
    outer loop
      vertex 27.946992989108537 1.1468128620045885 13.8
      vertex 28.05 1.212435565298214 23.8
      vertex 27.946992989108537 1.1468128620045885 23.8
    endloop
  endfacet
  facet normal 0.46174861323503824 -0.8870108331782193 0
    outer loop
      vertex 28.05 1.212435565298214 13.8
      vertex 28.15833443356302 1.2688309018513098 23.8
      vertex 28.05 1.212435565298214 23.8
    endloop
  endfacet
  facet normal 0.3826834323650887 -0.9238795325112872 0
    outer loop
      vertex 28.15833443356302 1.2688309018513098 13.8
      vertex 28.271171799344064 1.3155696691002716 23.8
      vertex 28.15833443356302 1.2688309018513098 23.8
    endloop
  endfacet
  facet normal 0.30070579950427584 -0.953716950748226 0
    outer loop
      vertex 28.271171799344064 1.3155696691002716 13.8
      vertex 28.38765333685647 1.3522961568046956 23.8
      vertex 28.271171799344064 1.3155696691002716 23.8
    endloop
  endfacet
  facet normal 0.21643961393810027 -0.976296007119934 0
    outer loop
      vertex 28.38765333685647 1.3522961568046956 13.8
      vertex 28.506892551266297 1.378730854217091 23.8
      vertex 28.38765333685647 1.3522961568046956 23.8
    endloop
  endfacet
  facet normal -0.46174861323503824 -0.8870108331782193 0
    outer loop
      vertex 29.34166556643698 1.2688309018513098 13.8
      vertex 29.45 1.212435565298214 23.8
      vertex 29.34166556643698 1.2688309018513098 23.8
    endloop
  endfacet
  facet normal -0.5372996083468262 -0.8433914458128842 0
    outer loop
      vertex 29.45 1.212435565298214 13.8
      vertex 29.553007010891463 1.1468128620045885 23.8
      vertex 29.45 1.212435565298214 23.8
    endloop
  endfacet
  facet normal 0.13052619222005268 -0.9914448613738103 0
    outer loop
      vertex 28.506892551266297 1.378730854217091 13.8
      vertex 28.627981960153278 1.3946725773284436 23.8
      vertex 28.506892551266297 1.378730854217091 23.8
    endloop
  endfacet
  facet normal 0.043619387365335986 -0.9990482215818579 0
    outer loop
      vertex 28.627981960153278 1.3946725773284436 13.8
      vertex 28.75 1.4 23.8
      vertex 28.627981960153278 1.3946725773284436 23.8
    endloop
  endfacet
  facet normal -0.043619387365335986 -0.9990482215818579 0
    outer loop
      vertex 28.75 1.4 13.8
      vertex 28.872018039846722 1.3946725773284436 23.8
      vertex 28.75 1.4 23.8
    endloop
  endfacet
  facet normal -0.13052619222005268 -0.9914448613738103 0
    outer loop
      vertex 28.872018039846722 1.3946725773284436 13.8
      vertex 28.993107448733703 1.378730854217091 23.8
      vertex 28.872018039846722 1.3946725773284436 23.8
    endloop
  endfacet
  facet normal -0.21643961393810027 -0.976296007119934 0
    outer loop
      vertex 28.993107448733703 1.378730854217091 13.8
      vertex 29.11234666314353 1.3522961568046956 23.8
      vertex 28.993107448733703 1.378730854217091 23.8
    endloop
  endfacet
  facet normal -0.30070579950427584 -0.953716950748226 0
    outer loop
      vertex 29.11234666314353 1.3522961568046956 13.8
      vertex 29.228828200655936 1.3155696691002716 23.8
      vertex 29.11234666314353 1.3522961568046956 23.8
    endloop
  endfacet
  facet normal -0.3826834323650887 -0.9238795325112872 0
    outer loop
      vertex 29.228828200655936 1.3155696691002716 13.8
      vertex 29.34166556643698 1.2688309018513098 23.8
      vertex 29.228828200655936 1.3155696691002716 23.8
    endloop
  endfacet
  facet normal -0.9990482215818579 -0.04361938736533259 0
    outer loop
      vertex 30.144672577328443 0.12201803984672142 13.8
      vertex 30.15 0 23.8
      vertex 30.144672577328443 0.12201803984672142 23.8
    endloop
  endfacet
  facet normal -0.9914448613738129 -0.13052619222003276 0
    outer loop
      vertex 30.128730854217093 0.24310744873370244 13.8
      vertex 30.144672577328443 0.12201803984672142 23.8
      vertex 30.128730854217093 0.24310744873370244 23.8
    endloop
  endfacet
  facet normal -0.9762960071199291 -0.2164396139381219 0
    outer loop
      vertex 30.102296156804695 0.36234666314352904 13.8
      vertex 30.128730854217093 0.24310744873370244 23.8
      vertex 30.102296156804695 0.36234666314352904 23.8
    endloop
  endfacet
  facet normal -0.8870108331782247 -0.46174861323502814 0
    outer loop
      vertex 29.962435565298215 0.7 13.8
      vertex 30.01883090185131 0.5916655664369792 23.8
      vertex 29.962435565298215 0.7 23.8
    endloop
  endfacet
  facet normal -0.8433914458128796 -0.5372996083468332 0
    outer loop
      vertex 29.896812862004587 0.8030070108914644 13.8
      vertex 29.962435565298215 0.7 23.8
      vertex 29.896812862004587 0.8030070108914644 23.8
    endloop
  endfacet
  facet normal -0.9537169507482259 -0.3007057995042758 0
    outer loop
      vertex 30.06556966910027 0.4788282006559362 13.8
      vertex 30.102296156804695 0.36234666314352904 23.8
      vertex 30.06556966910027 0.4788282006559362 23.8
    endloop
  endfacet
  facet normal -0.9238795325112898 -0.3826834323650824 0
    outer loop
      vertex 30.01883090185131 0.5916655664369792 13.8
      vertex 30.06556966910027 0.4788282006559362 23.8
      vertex 30.01883090185131 0.5916655664369792 23.8
    endloop
  endfacet
  facet normal -0.7372773368101389 -0.6755902076156441 0
    outer loop
      vertex 29.739949493661168 0.9899494936611666 13.8
      vertex 29.822462220366567 0.8999026535611548 23.8
      vertex 29.739949493661168 0.9899494936611666 23.8
    endloop
  endfacet
  facet normal -0.6755902076156585 -0.7372773368101256 0
    outer loop
      vertex 29.649902653561156 1.0724622203665692 13.8
      vertex 29.739949493661168 0.9899494936611666 23.8
      vertex 29.649902653561156 1.0724622203665692 23.8
    endloop
  endfacet
  facet normal -0.7933533402912322 -0.6087614290087248 0
    outer loop
      vertex 29.822462220366567 0.8999026535611548 13.8
      vertex 29.896812862004587 0.8030070108914644 23.8
      vertex 29.822462220366567 0.8999026535611548 23.8
    endloop
  endfacet
  facet normal -0.6087614290087094 -0.7933533402912438 0
    outer loop
      vertex 29.553007010891463 1.1468128620045885 13.8
      vertex 29.649902653561156 1.0724622203665692 23.8
      vertex 29.553007010891463 1.1468128620045885 23.8
    endloop
  endfacet
  facet normal 0.1305261922200526 0.9914448613738103 0
    outer loop
      vertex -10.14816476267102 -1.6935309867559674 0
      vertex -10.295201902033781 -1.6741731801207536 0
      vertex -10.295201902033781 -1.6741731801207536 1.3000000000000003
    endloop
  endfacet
  facet normal 0.043619387365335924 0.9990482215818579 0
    outer loop
      vertex -10.14816476267102 -1.6935309867559674 0
      vertex -10.14816476267102 -1.6935309867559674 1.3000000000000003
      vertex -10 -1.7 0
    endloop
  endfacet
  facet normal -0.043619387365335924 0.9990482215818579 0
    outer loop
      vertex -10 -1.7 0
      vertex -10 -1.7 1.3000000000000003
      vertex -9.85183523732898 -1.6935309867559674 0
    endloop
  endfacet
  facet normal 0.1305261922200526 0.9914448613738103 0
    outer loop
      vertex -10.14816476267102 -1.6935309867559674 0
      vertex -10.295201902033781 -1.6741731801207536 1.3000000000000003
      vertex -10.14816476267102 -1.6935309867559674 1.3000000000000003
    endloop
  endfacet
  facet normal 0.043619387365335924 0.9990482215818579 0
    outer loop
      vertex -10 -1.7 0
      vertex -10.14816476267102 -1.6935309867559674 1.3000000000000003
      vertex -10 -1.7 1.3000000000000003
    endloop
  endfacet
  facet normal -0.043619387365335924 0.9990482215818579 0
    outer loop
      vertex -9.85183523732898 -1.6935309867559674 0
      vertex -10 -1.7 1.3000000000000003
      vertex -9.85183523732898 -1.6935309867559674 1.3000000000000003
    endloop
  endfacet
  facet normal -0.1305261922200526 0.9914448613738103 0
    outer loop
      vertex -9.85183523732898 -1.6935309867559674 0
      vertex -9.85183523732898 -1.6935309867559674 1.3000000000000003
      vertex -9.704798097966219 -1.6741731801207536 0
    endloop
  endfacet
  facet normal -0.1305261922200526 0.9914448613738103 0
    outer loop
      vertex -9.85183523732898 -1.6935309867559674 1.3000000000000003
      vertex -9.704798097966219 -1.6741731801207536 1.3000000000000003
      vertex -9.704798097966219 -1.6741731801207536 0
    endloop
  endfacet
  facet normal 0.5372996083468224 0.8433914458128865 0
    outer loop
      vertex -10.85 -1.4722431864335457 0
      vertex -10.975079941796778 -1.392558475291286 0
      vertex -10.975079941796778 -1.392558475291286 1.3000000000000003
    endloop
  endfacet
  facet normal 0.608761429008723 0.7933533402912333 0
    outer loop
      vertex -11.092738936467116 -1.3022755533022627 0
      vertex -11.092738936467116 -1.3022755533022627 1.3000000000000003
      vertex -10.975079941796778 -1.392558475291286 0
    endloop
  endfacet
  facet normal 0.7933533402912332 0.6087614290087232 0
    outer loop
      vertex -11.392558475291287 -0.9750799417967783 0
      vertex -11.392558475291287 -0.9750799417967783 1.3000000000000003
      vertex -11.302275553302263 -1.0927389364671167 0
    endloop
  endfacet
  facet normal 0.8433914458128897 0.5372996083468174 0
    outer loop
      vertex -11.392558475291287 -0.9750799417967783 0
      vertex -11.472243186433545 -0.85 0
      vertex -11.472243186433545 -0.85 1.3000000000000003
    endloop
  endfacet
  facet normal 0.6755902076156597 0.7372773368101246 0
    outer loop
      vertex -11.092738936467116 -1.3022755533022627 0
      vertex -11.20208152801713 -1.2020815280171309 0
      vertex -11.20208152801713 -1.2020815280171309 1.3000000000000003
    endloop
  endfacet
  facet normal 0.7372773368101231 0.6755902076156612 0
    outer loop
      vertex -11.20208152801713 -1.2020815280171309 0
      vertex -11.302275553302263 -1.0927389364671167 0
      vertex -11.302275553302263 -1.0927389364671167 1.3000000000000003
    endloop
  endfacet
  facet normal 0.4617486132350324 0.8870108331782226 0
    outer loop
      vertex -10.85 -1.4722431864335457 0
      vertex -10.85 -1.4722431864335457 1.3000000000000003
      vertex -10.718451044959188 -1.5407232379623048 0
    endloop
  endfacet
  facet normal 0.38268343236509367 0.9238795325112852 0
    outer loop
      vertex -10.718451044959188 -1.5407232379623048 0
      vertex -10.718451044959188 -1.5407232379623048 1.3000000000000003
      vertex -10.581434243653637 -1.5974774553360442 0
    endloop
  endfacet
  facet normal 0.30070579950427123 0.9537169507482275 0
    outer loop
      vertex -10.581434243653637 -1.5974774553360442 0
      vertex -10.581434243653637 -1.5974774553360442 1.3000000000000003
      vertex -10.439992376674285 -1.6420739046914161 0
    endloop
  endfacet
  facet normal 0.21643961393810227 0.9762960071199336 0
    outer loop
      vertex -10.439992376674285 -1.6420739046914161 0
      vertex -10.439992376674285 -1.6420739046914161 1.3000000000000003
      vertex -10.295201902033781 -1.6741731801207536 0
    endloop
  endfacet
  facet normal 0.6755902076156597 0.7372773368101246 0
    outer loop
      vertex -11.092738936467116 -1.3022755533022627 0
      vertex -11.20208152801713 -1.2020815280171309 1.3000000000000003
      vertex -11.092738936467116 -1.3022755533022627 1.3000000000000003
    endloop
  endfacet
  facet normal 0.608761429008723 0.7933533402912333 0
    outer loop
      vertex -10.975079941796778 -1.392558475291286 0
      vertex -11.092738936467116 -1.3022755533022627 1.3000000000000003
      vertex -10.975079941796778 -1.392558475291286 1.3000000000000003
    endloop
  endfacet
  facet normal 0.5372996083468224 0.8433914458128865 0
    outer loop
      vertex -10.85 -1.4722431864335457 0
      vertex -10.975079941796778 -1.392558475291286 1.3000000000000003
      vertex -10.85 -1.4722431864335457 1.3000000000000003
    endloop
  endfacet
  facet normal 0.7933533402912332 0.6087614290087232 0
    outer loop
      vertex -11.302275553302263 -1.0927389364671167 0
      vertex -11.392558475291287 -0.9750799417967783 1.3000000000000003
      vertex -11.302275553302263 -1.0927389364671167 1.3000000000000003
    endloop
  endfacet
  facet normal 0.8433914458128897 0.5372996083468174 0
    outer loop
      vertex -11.392558475291287 -0.9750799417967783 0
      vertex -11.472243186433545 -0.85 1.3000000000000003
      vertex -11.392558475291287 -0.9750799417967783 1.3000000000000003
    endloop
  endfacet
  facet normal 0.7372773368101231 0.6755902076156612 0
    outer loop
      vertex -11.20208152801713 -1.2020815280171309 0
      vertex -11.302275553302263 -1.0927389364671167 1.3000000000000003
      vertex -11.20208152801713 -1.2020815280171309 1.3000000000000003
    endloop
  endfacet
  facet normal 0.38268343236509367 0.9238795325112852 0
    outer loop
      vertex -10.581434243653637 -1.5974774553360442 0
      vertex -10.718451044959188 -1.5407232379623048 1.3000000000000003
      vertex -10.581434243653637 -1.5974774553360442 1.3000000000000003
    endloop
  endfacet
  facet normal 0.4617486132350324 0.8870108331782226 0
    outer loop
      vertex -10.718451044959188 -1.5407232379623048 0
      vertex -10.85 -1.4722431864335457 1.3000000000000003
      vertex -10.718451044959188 -1.5407232379623048 1.3000000000000003
    endloop
  endfacet
  facet normal 0.30070579950427123 0.9537169507482275 0
    outer loop
      vertex -10.439992376674285 -1.6420739046914161 0
      vertex -10.581434243653637 -1.5974774553360442 1.3000000000000003
      vertex -10.439992376674285 -1.6420739046914161 1.3000000000000003
    endloop
  endfacet
  facet normal 0.21643961393810227 0.9762960071199336 0
    outer loop
      vertex -10.295201902033781 -1.6741731801207536 0
      vertex -10.439992376674285 -1.6420739046914161 1.3000000000000003
      vertex -10.295201902033781 -1.6741731801207536 1.3000000000000003
    endloop
  endfacet
  facet normal 0.887010833178222 0.4617486132350333 0
    outer loop
      vertex -11.472243186433545 -0.85 0
      vertex -11.540723237962304 -0.718451044959189 0
      vertex -11.540723237962304 -0.718451044959189 1.3000000000000003
    endloop
  endfacet
  facet normal 0.9238795325112849 0.3826834323650943 0
    outer loop
      vertex -11.540723237962304 -0.718451044959189 0
      vertex -11.597477455336044 -0.5814342436536368 0
      vertex -11.597477455336044 -0.5814342436536368 1.3000000000000003
    endloop
  endfacet
  facet normal 0.9537169507482252 0.30070579950427884 0
    outer loop
      vertex -11.597477455336044 -0.5814342436536368 0
      vertex -11.642073904691417 -0.43999237667428526 0
      vertex -11.642073904691417 -0.43999237667428526 1.3000000000000003
    endloop
  endfacet
  facet normal 0.9762960071199346 0.21643961393809746 0
    outer loop
      vertex -11.642073904691417 -0.43999237667428526 0
      vertex -11.674173180120754 -0.29520190203378155 0
      vertex -11.674173180120754 -0.29520190203378155 1.3000000000000003
    endloop
  endfacet
  facet normal 0.9914448613738109 0.13052619222004788 0
    outer loop
      vertex -11.674173180120754 -0.29520190203378155 0
      vertex -11.693530986755967 -0.14816476267101888 0
      vertex -11.693530986755967 -0.14816476267101888 1.3000000000000003
    endloop
  endfacet
  facet normal 0.9990482215818577 0.04361938736533601 0
    outer loop
      vertex -11.693530986755967 -0.14816476267101888 0
      vertex -11.7 0 0
      vertex -11.7 0 1.3000000000000003
    endloop
  endfacet
  facet normal 0.887010833178222 0.4617486132350333 0
    outer loop
      vertex -11.472243186433545 -0.85 0
      vertex -11.540723237962304 -0.718451044959189 1.3000000000000003
      vertex -11.472243186433545 -0.85 1.3000000000000003
    endloop
  endfacet
  facet normal 0.9238795325112849 0.3826834323650943 0
    outer loop
      vertex -11.540723237962304 -0.718451044959189 0
      vertex -11.597477455336044 -0.5814342436536368 1.3000000000000003
      vertex -11.540723237962304 -0.718451044959189 1.3000000000000003
    endloop
  endfacet
  facet normal 0.9537169507482252 0.30070579950427884 0
    outer loop
      vertex -11.597477455336044 -0.5814342436536368 0
      vertex -11.642073904691417 -0.43999237667428526 1.3000000000000003
      vertex -11.597477455336044 -0.5814342436536368 1.3000000000000003
    endloop
  endfacet
  facet normal 0.9762960071199346 0.21643961393809746 0
    outer loop
      vertex -11.642073904691417 -0.43999237667428526 0
      vertex -11.674173180120754 -0.29520190203378155 1.3000000000000003
      vertex -11.642073904691417 -0.43999237667428526 1.3000000000000003
    endloop
  endfacet
  facet normal 0.9914448613738109 0.13052619222004788 0
    outer loop
      vertex -11.674173180120754 -0.29520190203378155 0
      vertex -11.693530986755967 -0.14816476267101888 1.3000000000000003
      vertex -11.674173180120754 -0.29520190203378155 1.3000000000000003
    endloop
  endfacet
  facet normal 0.9990482215818577 0.04361938736533601 0
    outer loop
      vertex -11.693530986755967 -0.14816476267101888 0
      vertex -11.7 0 1.3000000000000003
      vertex -11.693530986755967 -0.14816476267101888 1.3000000000000003
    endloop
  endfacet
  facet normal -0.21643961393810227 0.9762960071199336 0
    outer loop
      vertex -9.704798097966219 -1.6741731801207536 0
      vertex -9.704798097966219 -1.6741731801207536 1.3000000000000003
      vertex -9.560007623325715 -1.6420739046914161 0
    endloop
  endfacet
  facet normal -0.30070579950427123 0.9537169507482275 0
    outer loop
      vertex -9.560007623325715 -1.6420739046914161 0
      vertex -9.560007623325715 -1.6420739046914161 1.3000000000000003
      vertex -9.418565756346363 -1.5974774553360442 0
    endloop
  endfacet
  facet normal -0.38268343236509367 0.9238795325112852 0
    outer loop
      vertex -9.418565756346363 -1.5974774553360442 0
      vertex -9.418565756346363 -1.5974774553360442 1.3000000000000003
      vertex -9.281548955040812 -1.5407232379623048 0
    endloop
  endfacet
  facet normal -0.4617486132350324 0.8870108331782226 0
    outer loop
      vertex -9.281548955040812 -1.5407232379623048 0
      vertex -9.281548955040812 -1.5407232379623048 1.3000000000000003
      vertex -9.15 -1.4722431864335457 0
    endloop
  endfacet
  facet normal -0.5372996083468224 0.8433914458128865 0
    outer loop
      vertex -9.15 -1.4722431864335457 0
      vertex -9.15 -1.4722431864335457 1.3000000000000003
      vertex -9.024920058203222 -1.392558475291286 0
    endloop
  endfacet
  facet normal -0.608761429008723 0.7933533402912333 0
    outer loop
      vertex -9.024920058203222 -1.392558475291286 0
      vertex -9.024920058203222 -1.392558475291286 1.3000000000000003
      vertex -8.907261063532884 -1.3022755533022627 0
    endloop
  endfacet
  facet normal -0.6755902076156597 0.7372773368101246 0
    outer loop
      vertex -8.907261063532884 -1.3022755533022627 0
      vertex -8.907261063532884 -1.3022755533022627 1.3000000000000003
      vertex -8.79791847198287 -1.2020815280171309 0
    endloop
  endfacet
  facet normal -0.7372773368101231 0.6755902076156612 0
    outer loop
      vertex -8.79791847198287 -1.2020815280171309 0
      vertex -8.79791847198287 -1.2020815280171309 1.3000000000000003
      vertex -8.697724446697737 -1.0927389364671167 0
    endloop
  endfacet
  facet normal -0.7933533402912332 0.6087614290087232 0
    outer loop
      vertex -8.697724446697737 -1.0927389364671167 0
      vertex -8.697724446697737 -1.0927389364671167 1.3000000000000003
      vertex -8.607441524708713 -0.9750799417967783 0
    endloop
  endfacet
  facet normal -0.8433914458128897 0.5372996083468174 0
    outer loop
      vertex -8.607441524708713 -0.9750799417967783 0
      vertex -8.607441524708713 -0.9750799417967783 1.3000000000000003
      vertex -8.527756813566455 -0.85 0
    endloop
  endfacet
  facet normal -0.21643961393810227 0.9762960071199336 0
    outer loop
      vertex -9.560007623325715 -1.6420739046914161 0
      vertex -9.704798097966219 -1.6741731801207536 1.3000000000000003
      vertex -9.560007623325715 -1.6420739046914161 1.3000000000000003
    endloop
  endfacet
  facet normal -0.30070579950427123 0.9537169507482275 0
    outer loop
      vertex -9.418565756346363 -1.5974774553360442 0
      vertex -9.560007623325715 -1.6420739046914161 1.3000000000000003
      vertex -9.418565756346363 -1.5974774553360442 1.3000000000000003
    endloop
  endfacet
  facet normal -0.38268343236509367 0.9238795325112852 0
    outer loop
      vertex -9.281548955040812 -1.5407232379623048 0
      vertex -9.418565756346363 -1.5974774553360442 1.3000000000000003
      vertex -9.281548955040812 -1.5407232379623048 1.3000000000000003
    endloop
  endfacet
  facet normal -0.4617486132350324 0.8870108331782226 0
    outer loop
      vertex -9.15 -1.4722431864335457 0
      vertex -9.281548955040812 -1.5407232379623048 1.3000000000000003
      vertex -9.15 -1.4722431864335457 1.3000000000000003
    endloop
  endfacet
  facet normal -0.5372996083468224 0.8433914458128865 0
    outer loop
      vertex -9.024920058203222 -1.392558475291286 0
      vertex -9.15 -1.4722431864335457 1.3000000000000003
      vertex -9.024920058203222 -1.392558475291286 1.3000000000000003
    endloop
  endfacet
  facet normal -0.608761429008723 0.7933533402912333 0
    outer loop
      vertex -8.907261063532884 -1.3022755533022627 0
      vertex -9.024920058203222 -1.392558475291286 1.3000000000000003
      vertex -8.907261063532884 -1.3022755533022627 1.3000000000000003
    endloop
  endfacet
  facet normal -0.6755902076156597 0.7372773368101246 0
    outer loop
      vertex -8.79791847198287 -1.2020815280171309 0
      vertex -8.907261063532884 -1.3022755533022627 1.3000000000000003
      vertex -8.79791847198287 -1.2020815280171309 1.3000000000000003
    endloop
  endfacet
  facet normal -0.7372773368101231 0.6755902076156612 0
    outer loop
      vertex -8.697724446697737 -1.0927389364671167 0
      vertex -8.79791847198287 -1.2020815280171309 1.3000000000000003
      vertex -8.697724446697737 -1.0927389364671167 1.3000000000000003
    endloop
  endfacet
  facet normal -0.7933533402912332 0.6087614290087232 0
    outer loop
      vertex -8.607441524708713 -0.9750799417967783 0
      vertex -8.697724446697737 -1.0927389364671167 1.3000000000000003
      vertex -8.607441524708713 -0.9750799417967783 1.3000000000000003
    endloop
  endfacet
  facet normal -0.8433914458128897 0.5372996083468174 0
    outer loop
      vertex -8.527756813566455 -0.85 0
      vertex -8.607441524708713 -0.9750799417967783 1.3000000000000003
      vertex -8.527756813566455 -0.85 1.3000000000000003
    endloop
  endfacet
  facet normal -0.887010833178222 0.4617486132350333 0
    outer loop
      vertex -8.527756813566455 -0.85 0
      vertex -8.527756813566455 -0.85 1.3000000000000003
      vertex -8.459276762037696 -0.718451044959189 0
    endloop
  endfacet
  facet normal -0.9238795325112849 0.3826834323650943 0
    outer loop
      vertex -8.459276762037696 -0.718451044959189 0
      vertex -8.459276762037696 -0.718451044959189 1.3000000000000003
      vertex -8.402522544663956 -0.5814342436536368 0
    endloop
  endfacet
  facet normal -0.9537169507482252 0.30070579950427884 0
    outer loop
      vertex -8.402522544663956 -0.5814342436536368 0
      vertex -8.402522544663956 -0.5814342436536368 1.3000000000000003
      vertex -8.357926095308583 -0.43999237667428526 0
    endloop
  endfacet
  facet normal -0.9762960071199346 0.21643961393809746 0
    outer loop
      vertex -8.357926095308583 -0.43999237667428526 0
      vertex -8.357926095308583 -0.43999237667428526 1.3000000000000003
      vertex -8.325826819879246 -0.29520190203378155 0
    endloop
  endfacet
  facet normal -0.9914448613738109 0.13052619222004788 0
    outer loop
      vertex -8.325826819879246 -0.29520190203378155 0
      vertex -8.325826819879246 -0.29520190203378155 1.3000000000000003
      vertex -8.306469013244033 -0.14816476267101888 0
    endloop
  endfacet
  facet normal -0.9990482215818577 0.04361938736533601 0
    outer loop
      vertex -8.306469013244033 -0.14816476267101888 0
      vertex -8.306469013244033 -0.14816476267101888 1.3000000000000003
      vertex -8.3 0 0
    endloop
  endfacet
  facet normal -0.887010833178222 0.4617486132350333 0
    outer loop
      vertex -8.527756813566455 -0.85 1.3000000000000003
      vertex -8.459276762037696 -0.718451044959189 1.3000000000000003
      vertex -8.459276762037696 -0.718451044959189 0
    endloop
  endfacet
  facet normal -0.9238795325112849 0.3826834323650943 0
    outer loop
      vertex -8.402522544663956 -0.5814342436536368 0
      vertex -8.459276762037696 -0.718451044959189 1.3000000000000003
      vertex -8.402522544663956 -0.5814342436536368 1.3000000000000003
    endloop
  endfacet
  facet normal -0.9537169507482252 0.30070579950427884 0
    outer loop
      vertex -8.357926095308583 -0.43999237667428526 0
      vertex -8.402522544663956 -0.5814342436536368 1.3000000000000003
      vertex -8.357926095308583 -0.43999237667428526 1.3000000000000003
    endloop
  endfacet
  facet normal -0.9762960071199346 0.21643961393809746 0
    outer loop
      vertex -8.325826819879246 -0.29520190203378155 0
      vertex -8.357926095308583 -0.43999237667428526 1.3000000000000003
      vertex -8.325826819879246 -0.29520190203378155 1.3000000000000003
    endloop
  endfacet
  facet normal -0.9914448613738109 0.13052619222004788 0
    outer loop
      vertex -8.306469013244033 -0.14816476267101888 0
      vertex -8.325826819879246 -0.29520190203378155 1.3000000000000003
      vertex -8.306469013244033 -0.14816476267101888 1.3000000000000003
    endloop
  endfacet
  facet normal -0.9990482215818577 0.04361938736533601 0
    outer loop
      vertex -8.306469013244033 -0.14816476267101888 1.3000000000000003
      vertex -8.3 0 1.3000000000000003
      vertex -8.3 0 0
    endloop
  endfacet
  facet normal 0.9990482215818577 -0.04361938736533601 0
    outer loop
      vertex -11.7 0 0
      vertex -11.693530986755967 0.14816476267101888 0
      vertex -11.693530986755967 0.14816476267101888 1.3000000000000003
    endloop
  endfacet
  facet normal 0.9914448613738109 -0.13052619222004788 0
    outer loop
      vertex -11.693530986755967 0.14816476267101888 0
      vertex -11.674173180120754 0.29520190203378155 0
      vertex -11.674173180120754 0.29520190203378155 1.3000000000000003
    endloop
  endfacet
  facet normal 0.9762960071199346 -0.21643961393809746 0
    outer loop
      vertex -11.674173180120754 0.29520190203378155 0
      vertex -11.642073904691417 0.43999237667428526 0
      vertex -11.642073904691417 0.43999237667428526 1.3000000000000003
    endloop
  endfacet
  facet normal 0.9537169507482252 -0.30070579950427884 0
    outer loop
      vertex -11.642073904691417 0.43999237667428526 0
      vertex -11.597477455336044 0.5814342436536368 0
      vertex -11.597477455336044 0.5814342436536368 1.3000000000000003
    endloop
  endfacet
  facet normal 0.9238795325112849 -0.3826834323650943 0
    outer loop
      vertex -11.597477455336044 0.5814342436536368 0
      vertex -11.540723237962304 0.718451044959189 0
      vertex -11.540723237962304 0.718451044959189 1.3000000000000003
    endloop
  endfacet
  facet normal 0.887010833178222 -0.4617486132350333 0
    outer loop
      vertex -11.540723237962304 0.718451044959189 0
      vertex -11.472243186433545 0.85 0
      vertex -11.472243186433545 0.85 1.3000000000000003
    endloop
  endfacet
  facet normal 0.9990482215818577 -0.04361938736533601 0
    outer loop
      vertex -11.7 0 0
      vertex -11.693530986755967 0.14816476267101888 1.3000000000000003
      vertex -11.7 0 1.3000000000000003
    endloop
  endfacet
  facet normal 0.9914448613738109 -0.13052619222004788 0
    outer loop
      vertex -11.693530986755967 0.14816476267101888 0
      vertex -11.674173180120754 0.29520190203378155 1.3000000000000003
      vertex -11.693530986755967 0.14816476267101888 1.3000000000000003
    endloop
  endfacet
  facet normal 0.9762960071199346 -0.21643961393809746 0
    outer loop
      vertex -11.674173180120754 0.29520190203378155 0
      vertex -11.642073904691417 0.43999237667428526 1.3000000000000003
      vertex -11.674173180120754 0.29520190203378155 1.3000000000000003
    endloop
  endfacet
  facet normal 0.9537169507482252 -0.30070579950427884 0
    outer loop
      vertex -11.642073904691417 0.43999237667428526 0
      vertex -11.597477455336044 0.5814342436536368 1.3000000000000003
      vertex -11.642073904691417 0.43999237667428526 1.3000000000000003
    endloop
  endfacet
  facet normal 0.9238795325112849 -0.3826834323650943 0
    outer loop
      vertex -11.597477455336044 0.5814342436536368 0
      vertex -11.540723237962304 0.718451044959189 1.3000000000000003
      vertex -11.597477455336044 0.5814342436536368 1.3000000000000003
    endloop
  endfacet
  facet normal 0.887010833178222 -0.4617486132350333 0
    outer loop
      vertex -11.540723237962304 0.718451044959189 0
      vertex -11.472243186433545 0.85 1.3000000000000003
      vertex -11.540723237962304 0.718451044959189 1.3000000000000003
    endloop
  endfacet
  facet normal 0.8433914458128897 -0.5372996083468174 0
    outer loop
      vertex -11.472243186433545 0.85 0
      vertex -11.392558475291287 0.9750799417967783 0
      vertex -11.392558475291287 0.9750799417967783 1.3000000000000003
    endloop
  endfacet
  facet normal 0.7933533402912332 -0.6087614290087232 0
    outer loop
      vertex -11.392558475291287 0.9750799417967783 0
      vertex -11.302275553302263 1.0927389364671167 0
      vertex -11.302275553302263 1.0927389364671167 1.3000000000000003
    endloop
  endfacet
  facet normal 0.7372773368101231 -0.6755902076156612 0
    outer loop
      vertex -11.302275553302263 1.0927389364671167 0
      vertex -11.20208152801713 1.2020815280171309 0
      vertex -11.20208152801713 1.2020815280171309 1.3000000000000003
    endloop
  endfacet
  facet normal 0.6755902076156597 -0.7372773368101246 0
    outer loop
      vertex -11.20208152801713 1.2020815280171309 0
      vertex -11.092738936467116 1.3022755533022627 0
      vertex -11.092738936467116 1.3022755533022627 1.3000000000000003
    endloop
  endfacet
  facet normal 0.608761429008723 -0.7933533402912333 0
    outer loop
      vertex -11.092738936467116 1.3022755533022627 0
      vertex -10.975079941796778 1.392558475291286 0
      vertex -10.975079941796778 1.392558475291286 1.3000000000000003
    endloop
  endfacet
  facet normal 0.5372996083468224 -0.8433914458128865 0
    outer loop
      vertex -10.975079941796778 1.392558475291286 0
      vertex -10.85 1.4722431864335457 0
      vertex -10.85 1.4722431864335457 1.3000000000000003
    endloop
  endfacet
  facet normal 0.4617486132350324 -0.8870108331782226 0
    outer loop
      vertex -10.85 1.4722431864335457 0
      vertex -10.718451044959188 1.5407232379623048 0
      vertex -10.718451044959188 1.5407232379623048 1.3000000000000003
    endloop
  endfacet
  facet normal 0.38268343236509367 -0.9238795325112852 0
    outer loop
      vertex -10.718451044959188 1.5407232379623048 0
      vertex -10.581434243653637 1.5974774553360442 0
      vertex -10.581434243653637 1.5974774553360442 1.3000000000000003
    endloop
  endfacet
  facet normal 0.30070579950427123 -0.9537169507482275 0
    outer loop
      vertex -10.581434243653637 1.5974774553360442 0
      vertex -10.439992376674285 1.6420739046914161 0
      vertex -10.439992376674285 1.6420739046914161 1.3000000000000003
    endloop
  endfacet
  facet normal 0.21643961393810227 -0.9762960071199336 0
    outer loop
      vertex -10.439992376674285 1.6420739046914161 0
      vertex -10.295201902033781 1.6741731801207536 0
      vertex -10.295201902033781 1.6741731801207536 1.3000000000000003
    endloop
  endfacet
  facet normal 0.8433914458128897 -0.5372996083468174 0
    outer loop
      vertex -11.472243186433545 0.85 0
      vertex -11.392558475291287 0.9750799417967783 1.3000000000000003
      vertex -11.472243186433545 0.85 1.3000000000000003
    endloop
  endfacet
  facet normal 0.7933533402912332 -0.6087614290087232 0
    outer loop
      vertex -11.392558475291287 0.9750799417967783 0
      vertex -11.302275553302263 1.0927389364671167 1.3000000000000003
      vertex -11.392558475291287 0.9750799417967783 1.3000000000000003
    endloop
  endfacet
  facet normal 0.7372773368101231 -0.6755902076156612 0
    outer loop
      vertex -11.302275553302263 1.0927389364671167 0
      vertex -11.20208152801713 1.2020815280171309 1.3000000000000003
      vertex -11.302275553302263 1.0927389364671167 1.3000000000000003
    endloop
  endfacet
  facet normal 0.6755902076156597 -0.7372773368101246 0
    outer loop
      vertex -11.20208152801713 1.2020815280171309 0
      vertex -11.092738936467116 1.3022755533022627 1.3000000000000003
      vertex -11.20208152801713 1.2020815280171309 1.3000000000000003
    endloop
  endfacet
  facet normal 0.608761429008723 -0.7933533402912333 0
    outer loop
      vertex -11.092738936467116 1.3022755533022627 0
      vertex -10.975079941796778 1.392558475291286 1.3000000000000003
      vertex -11.092738936467116 1.3022755533022627 1.3000000000000003
    endloop
  endfacet
  facet normal 0.5372996083468224 -0.8433914458128865 0
    outer loop
      vertex -10.975079941796778 1.392558475291286 0
      vertex -10.85 1.4722431864335457 1.3000000000000003
      vertex -10.975079941796778 1.392558475291286 1.3000000000000003
    endloop
  endfacet
  facet normal 0.4617486132350324 -0.8870108331782226 0
    outer loop
      vertex -10.85 1.4722431864335457 0
      vertex -10.718451044959188 1.5407232379623048 1.3000000000000003
      vertex -10.85 1.4722431864335457 1.3000000000000003
    endloop
  endfacet
  facet normal 0.38268343236509367 -0.9238795325112852 0
    outer loop
      vertex -10.718451044959188 1.5407232379623048 0
      vertex -10.581434243653637 1.5974774553360442 1.3000000000000003
      vertex -10.718451044959188 1.5407232379623048 1.3000000000000003
    endloop
  endfacet
  facet normal 0.30070579950427123 -0.9537169507482275 0
    outer loop
      vertex -10.581434243653637 1.5974774553360442 0
      vertex -10.439992376674285 1.6420739046914161 1.3000000000000003
      vertex -10.581434243653637 1.5974774553360442 1.3000000000000003
    endloop
  endfacet
  facet normal 0.21643961393810227 -0.9762960071199336 0
    outer loop
      vertex -10.439992376674285 1.6420739046914161 0
      vertex -10.295201902033781 1.6741731801207536 1.3000000000000003
      vertex -10.439992376674285 1.6420739046914161 1.3000000000000003
    endloop
  endfacet
  facet normal -0.9990482215818577 -0.04361938736533601 0
    outer loop
      vertex -8.3 0 0
      vertex -8.3 0 1.3000000000000003
      vertex -8.306469013244033 0.14816476267101888 0
    endloop
  endfacet
  facet normal -0.9914448613738109 -0.13052619222004788 0
    outer loop
      vertex -8.306469013244033 0.14816476267101888 0
      vertex -8.306469013244033 0.14816476267101888 1.3000000000000003
      vertex -8.325826819879246 0.29520190203378155 0
    endloop
  endfacet
  facet normal -0.9762960071199346 -0.21643961393809746 0
    outer loop
      vertex -8.325826819879246 0.29520190203378155 0
      vertex -8.325826819879246 0.29520190203378155 1.3000000000000003
      vertex -8.357926095308583 0.43999237667428526 0
    endloop
  endfacet
  facet normal -0.9537169507482252 -0.30070579950427884 0
    outer loop
      vertex -8.402522544663956 0.5814342436536368 0
      vertex -8.357926095308583 0.43999237667428526 0
      vertex -8.357926095308583 0.43999237667428526 1.3000000000000003
    endloop
  endfacet
  facet normal -0.9238795325112849 -0.3826834323650943 0
    outer loop
      vertex -8.402522544663956 0.5814342436536368 0
      vertex -8.402522544663956 0.5814342436536368 1.3000000000000003
      vertex -8.459276762037696 0.718451044959189 0
    endloop
  endfacet
  facet normal -0.887010833178222 -0.4617486132350333 0
    outer loop
      vertex -8.459276762037696 0.718451044959189 0
      vertex -8.459276762037696 0.718451044959189 1.3000000000000003
      vertex -8.527756813566455 0.85 0
    endloop
  endfacet
  facet normal -0.9990482215818577 -0.04361938736533601 0
    outer loop
      vertex -8.306469013244033 0.14816476267101888 0
      vertex -8.3 0 1.3000000000000003
      vertex -8.306469013244033 0.14816476267101888 1.3000000000000003
    endloop
  endfacet
  facet normal -0.9914448613738109 -0.13052619222004788 0
    outer loop
      vertex -8.325826819879246 0.29520190203378155 0
      vertex -8.306469013244033 0.14816476267101888 1.3000000000000003
      vertex -8.325826819879246 0.29520190203378155 1.3000000000000003
    endloop
  endfacet
  facet normal -0.9762960071199346 -0.21643961393809746 0
    outer loop
      vertex -8.357926095308583 0.43999237667428526 0
      vertex -8.325826819879246 0.29520190203378155 1.3000000000000003
      vertex -8.357926095308583 0.43999237667428526 1.3000000000000003
    endloop
  endfacet
  facet normal -0.9537169507482252 -0.30070579950427884 0
    outer loop
      vertex -8.402522544663956 0.5814342436536368 0
      vertex -8.357926095308583 0.43999237667428526 1.3000000000000003
      vertex -8.402522544663956 0.5814342436536368 1.3000000000000003
    endloop
  endfacet
  facet normal -0.9238795325112849 -0.3826834323650943 0
    outer loop
      vertex -8.459276762037696 0.718451044959189 0
      vertex -8.402522544663956 0.5814342436536368 1.3000000000000003
      vertex -8.459276762037696 0.718451044959189 1.3000000000000003
    endloop
  endfacet
  facet normal -0.887010833178222 -0.4617486132350333 0
    outer loop
      vertex -8.459276762037696 0.718451044959189 1.3000000000000003
      vertex -8.527756813566455 0.85 1.3000000000000003
      vertex -8.527756813566455 0.85 0
    endloop
  endfacet
  facet normal -0.21643961393810227 -0.9762960071199336 0
    outer loop
      vertex -9.704798097966219 1.6741731801207536 0
      vertex -9.560007623325715 1.6420739046914161 0
      vertex -9.560007623325715 1.6420739046914161 1.3000000000000003
    endloop
  endfacet
  facet normal -0.30070579950427123 -0.9537169507482275 0
    outer loop
      vertex -9.560007623325715 1.6420739046914161 0
      vertex -9.418565756346363 1.5974774553360442 0
      vertex -9.418565756346363 1.5974774553360442 1.3000000000000003
    endloop
  endfacet
  facet normal -0.608761429008723 -0.7933533402912333 0
    outer loop
      vertex -8.907261063532884 1.3022755533022627 0
      vertex -8.907261063532884 1.3022755533022627 1.3000000000000003
      vertex -9.024920058203222 1.392558475291286 0
    endloop
  endfacet
  facet normal -0.5372996083468224 -0.8433914458128865 0
    outer loop
      vertex -9.024920058203222 1.392558475291286 0
      vertex -9.024920058203222 1.392558475291286 1.3000000000000003
      vertex -9.15 1.4722431864335457 0
    endloop
  endfacet
  facet normal -0.38268343236509367 -0.9238795325112852 0
    outer loop
      vertex -9.418565756346363 1.5974774553360442 0
      vertex -9.281548955040812 1.5407232379623048 0
      vertex -9.281548955040812 1.5407232379623048 1.3000000000000003
    endloop
  endfacet
  facet normal -0.4617486132350324 -0.8870108331782226 0
    outer loop
      vertex -9.281548955040812 1.5407232379623048 0
      vertex -9.15 1.4722431864335457 0
      vertex -9.15 1.4722431864335457 1.3000000000000003
    endloop
  endfacet
  facet normal -0.7933533402912332 -0.6087614290087232 0
    outer loop
      vertex -8.607441524708713 0.9750799417967783 0
      vertex -8.607441524708713 0.9750799417967783 1.3000000000000003
      vertex -8.697724446697737 1.0927389364671167 0
    endloop
  endfacet
  facet normal -0.8433914458128897 -0.5372996083468174 0
    outer loop
      vertex -8.527756813566455 0.85 0
      vertex -8.527756813566455 0.85 1.3000000000000003
      vertex -8.607441524708713 0.9750799417967783 0
    endloop
  endfacet
  facet normal -0.7372773368101231 -0.6755902076156612 0
    outer loop
      vertex -8.697724446697737 1.0927389364671167 0
      vertex -8.697724446697737 1.0927389364671167 1.3000000000000003
      vertex -8.79791847198287 1.2020815280171309 0
    endloop
  endfacet
  facet normal -0.6755902076156597 -0.7372773368101246 0
    outer loop
      vertex -8.907261063532884 1.3022755533022627 0
      vertex -8.79791847198287 1.2020815280171309 0
      vertex -8.79791847198287 1.2020815280171309 1.3000000000000003
    endloop
  endfacet
  facet normal -0.21643961393810227 -0.9762960071199336 0
    outer loop
      vertex -9.704798097966219 1.6741731801207536 0
      vertex -9.560007623325715 1.6420739046914161 1.3000000000000003
      vertex -9.704798097966219 1.6741731801207536 1.3000000000000003
    endloop
  endfacet
  facet normal -0.30070579950427123 -0.9537169507482275 0
    outer loop
      vertex -9.560007623325715 1.6420739046914161 0
      vertex -9.418565756346363 1.5974774553360442 1.3000000000000003
      vertex -9.560007623325715 1.6420739046914161 1.3000000000000003
    endloop
  endfacet
  facet normal -0.38268343236509367 -0.9238795325112852 0
    outer loop
      vertex -9.418565756346363 1.5974774553360442 0
      vertex -9.281548955040812 1.5407232379623048 1.3000000000000003
      vertex -9.418565756346363 1.5974774553360442 1.3000000000000003
    endloop
  endfacet
  facet normal -0.5372996083468224 -0.8433914458128865 0
    outer loop
      vertex -9.15 1.4722431864335457 0
      vertex -9.024920058203222 1.392558475291286 1.3000000000000003
      vertex -9.15 1.4722431864335457 1.3000000000000003
    endloop
  endfacet
  facet normal -0.6755902076156597 -0.7372773368101246 0
    outer loop
      vertex -8.907261063532884 1.3022755533022627 0
      vertex -8.79791847198287 1.2020815280171309 1.3000000000000003
      vertex -8.907261063532884 1.3022755533022627 1.3000000000000003
    endloop
  endfacet
  facet normal -0.608761429008723 -0.7933533402912333 0
    outer loop
      vertex -9.024920058203222 1.392558475291286 0
      vertex -8.907261063532884 1.3022755533022627 1.3000000000000003
      vertex -9.024920058203222 1.392558475291286 1.3000000000000003
    endloop
  endfacet
  facet normal -0.4617486132350324 -0.8870108331782226 0
    outer loop
      vertex -9.281548955040812 1.5407232379623048 0
      vertex -9.15 1.4722431864335457 1.3000000000000003
      vertex -9.281548955040812 1.5407232379623048 1.3000000000000003
    endloop
  endfacet
  facet normal -0.8433914458128897 -0.5372996083468174 0
    outer loop
      vertex -8.607441524708713 0.9750799417967783 0
      vertex -8.527756813566455 0.85 1.3000000000000003
      vertex -8.607441524708713 0.9750799417967783 1.3000000000000003
    endloop
  endfacet
  facet normal -0.7933533402912332 -0.6087614290087232 0
    outer loop
      vertex -8.697724446697737 1.0927389364671167 0
      vertex -8.607441524708713 0.9750799417967783 1.3000000000000003
      vertex -8.697724446697737 1.0927389364671167 1.3000000000000003
    endloop
  endfacet
  facet normal -0.7372773368101231 -0.6755902076156612 0
    outer loop
      vertex -8.79791847198287 1.2020815280171309 0
      vertex -8.697724446697737 1.0927389364671167 1.3000000000000003
      vertex -8.79791847198287 1.2020815280171309 1.3000000000000003
    endloop
  endfacet
  facet normal 0.1305261922200526 -0.9914448613738103 0
    outer loop
      vertex -10.295201902033781 1.6741731801207536 0
      vertex -10.14816476267102 1.6935309867559674 0
      vertex -10.14816476267102 1.6935309867559674 1.3000000000000003
    endloop
  endfacet
  facet normal 0.043619387365335924 -0.9990482215818579 0
    outer loop
      vertex -10.14816476267102 1.6935309867559674 0
      vertex -10 1.7 0
      vertex -10 1.7 1.3000000000000003
    endloop
  endfacet
  facet normal -0.043619387365335924 -0.9990482215818579 0
    outer loop
      vertex -10 1.7 0
      vertex -9.85183523732898 1.6935309867559674 0
      vertex -9.85183523732898 1.6935309867559674 1.3000000000000003
    endloop
  endfacet
  facet normal 0.1305261922200526 -0.9914448613738103 0
    outer loop
      vertex -10.295201902033781 1.6741731801207536 0
      vertex -10.14816476267102 1.6935309867559674 1.3000000000000003
      vertex -10.295201902033781 1.6741731801207536 1.3000000000000003
    endloop
  endfacet
  facet normal 0.043619387365335924 -0.9990482215818579 0
    outer loop
      vertex -10.14816476267102 1.6935309867559674 0
      vertex -10 1.7 1.3000000000000003
      vertex -10.14816476267102 1.6935309867559674 1.3000000000000003
    endloop
  endfacet
  facet normal -0.043619387365335924 -0.9990482215818579 0
    outer loop
      vertex -10 1.7 0
      vertex -9.85183523732898 1.6935309867559674 1.3000000000000003
      vertex -10 1.7 1.3000000000000003
    endloop
  endfacet
  facet normal -0.1305261922200526 -0.9914448613738103 0
    outer loop
      vertex -9.704798097966219 1.6741731801207536 0
      vertex -9.704798097966219 1.6741731801207536 1.3000000000000003
      vertex -9.85183523732898 1.6935309867559674 0
    endloop
  endfacet
  facet normal -0.1305261922200526 -0.9914448613738103 0
    outer loop
      vertex -9.704798097966219 1.6741731801207536 1.3000000000000003
      vertex -9.85183523732898 1.6935309867559674 1.3000000000000003
      vertex -9.85183523732898 1.6935309867559674 0
    endloop
  endfacet
  facet normal 0.1305261922200526 0.9914448613738103 0
    outer loop
      vertex 9.85183523732898 -1.6935309867559674 0
      vertex 9.704798097966219 -1.6741731801207536 0
      vertex 9.704798097966219 -1.6741731801207536 1.3000000000000003
    endloop
  endfacet
  facet normal 0.1305261922200526 0.9914448613738103 0
    outer loop
      vertex 9.85183523732898 -1.6935309867559674 0
      vertex 9.704798097966219 -1.6741731801207536 1.3000000000000003
      vertex 9.85183523732898 -1.6935309867559674 1.3000000000000003
    endloop
  endfacet
  facet normal 0.043619387365335924 0.9990482215818579 0
    outer loop
      vertex 9.85183523732898 -1.6935309867559674 0
      vertex 9.85183523732898 -1.6935309867559674 1.3000000000000003
      vertex 10 -1.7 0
    endloop
  endfacet
  facet normal -0.043619387365335924 0.9990482215818579 0
    outer loop
      vertex 10 -1.7 0
      vertex 10 -1.7 1.3000000000000003
      vertex 10.14816476267102 -1.6935309867559674 0
    endloop
  endfacet
  facet normal -0.1305261922200526 0.9914448613738103 0
    outer loop
      vertex 10.14816476267102 -1.6935309867559674 0
      vertex 10.14816476267102 -1.6935309867559674 1.3000000000000003
      vertex 10.295201902033781 -1.6741731801207536 0
    endloop
  endfacet
  facet normal 0.043619387365335924 0.9990482215818579 0
    outer loop
      vertex 10 -1.7 0
      vertex 9.85183523732898 -1.6935309867559674 1.3000000000000003
      vertex 10 -1.7 1.3000000000000003
    endloop
  endfacet
  facet normal -0.043619387365335924 0.9990482215818579 0
    outer loop
      vertex 10.14816476267102 -1.6935309867559674 0
      vertex 10 -1.7 1.3000000000000003
      vertex 10.14816476267102 -1.6935309867559674 1.3000000000000003
    endloop
  endfacet
  facet normal -0.1305261922200526 0.9914448613738103 0
    outer loop
      vertex 10.14816476267102 -1.6935309867559674 1.3000000000000003
      vertex 10.295201902033781 -1.6741731801207536 1.3000000000000003
      vertex 10.295201902033781 -1.6741731801207536 0
    endloop
  endfacet
  facet normal 0.6755902076156597 0.7372773368101246 0
    outer loop
      vertex 8.79791847198287 -1.2020815280171309 0
      vertex 8.79791847198287 -1.2020815280171309 1.3000000000000003
      vertex 8.907261063532884 -1.3022755533022627 0
    endloop
  endfacet
  facet normal 0.7372773368101231 0.6755902076156612 0
    outer loop
      vertex 8.79791847198287 -1.2020815280171309 0
      vertex 8.697724446697737 -1.0927389364671167 0
      vertex 8.697724446697737 -1.0927389364671167 1.3000000000000003
    endloop
  endfacet
  facet normal 0.8433914458128897 0.5372996083468174 0
    outer loop
      vertex 8.607441524708713 -0.9750799417967783 0
      vertex 8.527756813566455 -0.85 0
      vertex 8.527756813566455 -0.85 1.3000000000000003
    endloop
  endfacet
  facet normal 0.7933533402912332 0.6087614290087232 0
    outer loop
      vertex 8.697724446697737 -1.0927389364671167 0
      vertex 8.607441524708713 -0.9750799417967783 0
      vertex 8.607441524708713 -0.9750799417967783 1.3000000000000003
    endloop
  endfacet
  facet normal 0.4617486132350324 0.8870108331782226 0
    outer loop
      vertex 9.15 -1.4722431864335457 0
      vertex 9.15 -1.4722431864335457 1.3000000000000003
      vertex 9.281548955040812 -1.5407232379623048 0
    endloop
  endfacet
  facet normal 0.38268343236509367 0.9238795325112852 0
    outer loop
      vertex 9.281548955040812 -1.5407232379623048 0
      vertex 9.281548955040812 -1.5407232379623048 1.3000000000000003
      vertex 9.418565756346363 -1.5974774553360442 0
    endloop
  endfacet
  facet normal 0.5372996083468224 0.8433914458128865 0
    outer loop
      vertex 9.15 -1.4722431864335457 0
      vertex 9.024920058203222 -1.392558475291286 0
      vertex 9.024920058203222 -1.392558475291286 1.3000000000000003
    endloop
  endfacet
  facet normal 0.608761429008723 0.7933533402912333 0
    outer loop
      vertex 9.024920058203222 -1.392558475291286 0
      vertex 8.907261063532884 -1.3022755533022627 0
      vertex 8.907261063532884 -1.3022755533022627 1.3000000000000003
    endloop
  endfacet
  facet normal 0.30070579950427123 0.9537169507482275 0
    outer loop
      vertex 9.418565756346363 -1.5974774553360442 0
      vertex 9.418565756346363 -1.5974774553360442 1.3000000000000003
      vertex 9.560007623325715 -1.6420739046914161 0
    endloop
  endfacet
  facet normal 0.21643961393810227 0.9762960071199336 0
    outer loop
      vertex 9.560007623325715 -1.6420739046914161 0
      vertex 9.560007623325715 -1.6420739046914161 1.3000000000000003
      vertex 9.704798097966219 -1.6741731801207536 0
    endloop
  endfacet
  facet normal 0.7372773368101231 0.6755902076156612 0
    outer loop
      vertex 8.79791847198287 -1.2020815280171309 0
      vertex 8.697724446697737 -1.0927389364671167 1.3000000000000003
      vertex 8.79791847198287 -1.2020815280171309 1.3000000000000003
    endloop
  endfacet
  facet normal 0.7933533402912332 0.6087614290087232 0
    outer loop
      vertex 8.697724446697737 -1.0927389364671167 0
      vertex 8.607441524708713 -0.9750799417967783 1.3000000000000003
      vertex 8.697724446697737 -1.0927389364671167 1.3000000000000003
    endloop
  endfacet
  facet normal 0.8433914458128897 0.5372996083468174 0
    outer loop
      vertex 8.607441524708713 -0.9750799417967783 0
      vertex 8.527756813566455 -0.85 1.3000000000000003
      vertex 8.607441524708713 -0.9750799417967783 1.3000000000000003
    endloop
  endfacet
  facet normal 0.4617486132350324 0.8870108331782226 0
    outer loop
      vertex 9.281548955040812 -1.5407232379623048 0
      vertex 9.15 -1.4722431864335457 1.3000000000000003
      vertex 9.281548955040812 -1.5407232379623048 1.3000000000000003
    endloop
  endfacet
  facet normal 0.608761429008723 0.7933533402912333 0
    outer loop
      vertex 9.024920058203222 -1.392558475291286 0
      vertex 8.907261063532884 -1.3022755533022627 1.3000000000000003
      vertex 9.024920058203222 -1.392558475291286 1.3000000000000003
    endloop
  endfacet
  facet normal 0.6755902076156597 0.7372773368101246 0
    outer loop
      vertex 8.907261063532884 -1.3022755533022627 0
      vertex 8.79791847198287 -1.2020815280171309 1.3000000000000003
      vertex 8.907261063532884 -1.3022755533022627 1.3000000000000003
    endloop
  endfacet
  facet normal 0.5372996083468224 0.8433914458128865 0
    outer loop
      vertex 9.15 -1.4722431864335457 0
      vertex 9.024920058203222 -1.392558475291286 1.3000000000000003
      vertex 9.15 -1.4722431864335457 1.3000000000000003
    endloop
  endfacet
  facet normal 0.38268343236509367 0.9238795325112852 0
    outer loop
      vertex 9.418565756346363 -1.5974774553360442 0
      vertex 9.281548955040812 -1.5407232379623048 1.3000000000000003
      vertex 9.418565756346363 -1.5974774553360442 1.3000000000000003
    endloop
  endfacet
  facet normal 0.30070579950427123 0.9537169507482275 0
    outer loop
      vertex 9.560007623325715 -1.6420739046914161 0
      vertex 9.418565756346363 -1.5974774553360442 1.3000000000000003
      vertex 9.560007623325715 -1.6420739046914161 1.3000000000000003
    endloop
  endfacet
  facet normal 0.21643961393810227 0.9762960071199336 0
    outer loop
      vertex 9.704798097966219 -1.6741731801207536 0
      vertex 9.560007623325715 -1.6420739046914161 1.3000000000000003
      vertex 9.704798097966219 -1.6741731801207536 1.3000000000000003
    endloop
  endfacet
  facet normal 0.887010833178222 0.4617486132350333 0
    outer loop
      vertex 8.527756813566455 -0.85 0
      vertex 8.459276762037696 -0.718451044959189 0
      vertex 8.459276762037696 -0.718451044959189 1.3000000000000003
    endloop
  endfacet
  facet normal 0.9238795325112849 0.3826834323650943 0
    outer loop
      vertex 8.459276762037696 -0.718451044959189 0
      vertex 8.402522544663956 -0.5814342436536368 0
      vertex 8.402522544663956 -0.5814342436536368 1.3000000000000003
    endloop
  endfacet
  facet normal 0.9537169507482252 0.30070579950427884 0
    outer loop
      vertex 8.357926095308583 -0.43999237667428526 0
      vertex 8.357926095308583 -0.43999237667428526 1.3000000000000003
      vertex 8.402522544663956 -0.5814342436536368 0
    endloop
  endfacet
  facet normal 0.9762960071199346 0.21643961393809746 0
    outer loop
      vertex 8.357926095308583 -0.43999237667428526 0
      vertex 8.325826819879246 -0.29520190203378155 0
      vertex 8.325826819879246 -0.29520190203378155 1.3000000000000003
    endloop
  endfacet
  facet normal 0.9914448613738109 0.13052619222004788 0
    outer loop
      vertex 8.325826819879246 -0.29520190203378155 0
      vertex 8.306469013244033 -0.14816476267101888 0
      vertex 8.306469013244033 -0.14816476267101888 1.3000000000000003
    endloop
  endfacet
  facet normal 0.9990482215818577 0.04361938736533601 0
    outer loop
      vertex 8.306469013244033 -0.14816476267101888 0
      vertex 8.3 0 0
      vertex 8.3 0 1.3000000000000003
    endloop
  endfacet
  facet normal 0.887010833178222 0.4617486132350333 0
    outer loop
      vertex 8.527756813566455 -0.85 0
      vertex 8.459276762037696 -0.718451044959189 1.3000000000000003
      vertex 8.527756813566455 -0.85 1.3000000000000003
    endloop
  endfacet
  facet normal 0.9238795325112849 0.3826834323650943 0
    outer loop
      vertex 8.459276762037696 -0.718451044959189 0
      vertex 8.402522544663956 -0.5814342436536368 1.3000000000000003
      vertex 8.459276762037696 -0.718451044959189 1.3000000000000003
    endloop
  endfacet
  facet normal 0.9537169507482252 0.30070579950427884 0
    outer loop
      vertex 8.402522544663956 -0.5814342436536368 0
      vertex 8.357926095308583 -0.43999237667428526 1.3000000000000003
      vertex 8.402522544663956 -0.5814342436536368 1.3000000000000003
    endloop
  endfacet
  facet normal 0.9762960071199346 0.21643961393809746 0
    outer loop
      vertex 8.357926095308583 -0.43999237667428526 0
      vertex 8.325826819879246 -0.29520190203378155 1.3000000000000003
      vertex 8.357926095308583 -0.43999237667428526 1.3000000000000003
    endloop
  endfacet
  facet normal 0.9914448613738109 0.13052619222004788 0
    outer loop
      vertex 8.325826819879246 -0.29520190203378155 0
      vertex 8.306469013244033 -0.14816476267101888 1.3000000000000003
      vertex 8.325826819879246 -0.29520190203378155 1.3000000000000003
    endloop
  endfacet
  facet normal 0.9990482215818577 0.04361938736533601 0
    outer loop
      vertex 8.306469013244033 -0.14816476267101888 0
      vertex 8.3 0 1.3000000000000003
      vertex 8.306469013244033 -0.14816476267101888 1.3000000000000003
    endloop
  endfacet
  facet normal -0.21643961393810227 0.9762960071199336 0
    outer loop
      vertex 10.295201902033781 -1.6741731801207536 0
      vertex 10.295201902033781 -1.6741731801207536 1.3000000000000003
      vertex 10.439992376674285 -1.6420739046914161 0
    endloop
  endfacet
  facet normal -0.30070579950427123 0.9537169507482275 0
    outer loop
      vertex 10.439992376674285 -1.6420739046914161 0
      vertex 10.439992376674285 -1.6420739046914161 1.3000000000000003
      vertex 10.581434243653637 -1.5974774553360442 0
    endloop
  endfacet
  facet normal -0.38268343236509367 0.9238795325112852 0
    outer loop
      vertex 10.581434243653637 -1.5974774553360442 0
      vertex 10.581434243653637 -1.5974774553360442 1.3000000000000003
      vertex 10.718451044959188 -1.5407232379623048 0
    endloop
  endfacet
  facet normal -0.4617486132350324 0.8870108331782226 0
    outer loop
      vertex 10.718451044959188 -1.5407232379623048 0
      vertex 10.718451044959188 -1.5407232379623048 1.3000000000000003
      vertex 10.85 -1.4722431864335457 0
    endloop
  endfacet
  facet normal -0.5372996083468224 0.8433914458128865 0
    outer loop
      vertex 10.85 -1.4722431864335457 0
      vertex 10.85 -1.4722431864335457 1.3000000000000003
      vertex 10.975079941796778 -1.392558475291286 0
    endloop
  endfacet
  facet normal -0.608761429008723 0.7933533402912333 0
    outer loop
      vertex 10.975079941796778 -1.392558475291286 0
      vertex 10.975079941796778 -1.392558475291286 1.3000000000000003
      vertex 11.092738936467116 -1.3022755533022627 0
    endloop
  endfacet
  facet normal -0.6755902076156597 0.7372773368101246 0
    outer loop
      vertex 11.092738936467116 -1.3022755533022627 0
      vertex 11.092738936467116 -1.3022755533022627 1.3000000000000003
      vertex 11.20208152801713 -1.2020815280171309 0
    endloop
  endfacet
  facet normal -0.7372773368101231 0.6755902076156612 0
    outer loop
      vertex 11.20208152801713 -1.2020815280171309 0
      vertex 11.20208152801713 -1.2020815280171309 1.3000000000000003
      vertex 11.302275553302263 -1.0927389364671167 0
    endloop
  endfacet
  facet normal -0.7933533402912332 0.6087614290087232 0
    outer loop
      vertex 11.302275553302263 -1.0927389364671167 0
      vertex 11.302275553302263 -1.0927389364671167 1.3000000000000003
      vertex 11.392558475291287 -0.9750799417967783 0
    endloop
  endfacet
  facet normal -0.8433914458128897 0.5372996083468174 0
    outer loop
      vertex 11.392558475291287 -0.9750799417967783 0
      vertex 11.392558475291287 -0.9750799417967783 1.3000000000000003
      vertex 11.472243186433545 -0.85 0
    endloop
  endfacet
  facet normal -0.21643961393810227 0.9762960071199336 0
    outer loop
      vertex 10.439992376674285 -1.6420739046914161 0
      vertex 10.295201902033781 -1.6741731801207536 1.3000000000000003
      vertex 10.439992376674285 -1.6420739046914161 1.3000000000000003
    endloop
  endfacet
  facet normal -0.30070579950427123 0.9537169507482275 0
    outer loop
      vertex 10.581434243653637 -1.5974774553360442 0
      vertex 10.439992376674285 -1.6420739046914161 1.3000000000000003
      vertex 10.581434243653637 -1.5974774553360442 1.3000000000000003
    endloop
  endfacet
  facet normal -0.38268343236509367 0.9238795325112852 0
    outer loop
      vertex 10.718451044959188 -1.5407232379623048 0
      vertex 10.581434243653637 -1.5974774553360442 1.3000000000000003
      vertex 10.718451044959188 -1.5407232379623048 1.3000000000000003
    endloop
  endfacet
  facet normal -0.4617486132350324 0.8870108331782226 0
    outer loop
      vertex 10.85 -1.4722431864335457 0
      vertex 10.718451044959188 -1.5407232379623048 1.3000000000000003
      vertex 10.85 -1.4722431864335457 1.3000000000000003
    endloop
  endfacet
  facet normal -0.5372996083468224 0.8433914458128865 0
    outer loop
      vertex 10.975079941796778 -1.392558475291286 0
      vertex 10.85 -1.4722431864335457 1.3000000000000003
      vertex 10.975079941796778 -1.392558475291286 1.3000000000000003
    endloop
  endfacet
  facet normal -0.608761429008723 0.7933533402912333 0
    outer loop
      vertex 11.092738936467116 -1.3022755533022627 0
      vertex 10.975079941796778 -1.392558475291286 1.3000000000000003
      vertex 11.092738936467116 -1.3022755533022627 1.3000000000000003
    endloop
  endfacet
  facet normal -0.6755902076156597 0.7372773368101246 0
    outer loop
      vertex 11.20208152801713 -1.2020815280171309 0
      vertex 11.092738936467116 -1.3022755533022627 1.3000000000000003
      vertex 11.20208152801713 -1.2020815280171309 1.3000000000000003
    endloop
  endfacet
  facet normal -0.7372773368101231 0.6755902076156612 0
    outer loop
      vertex 11.302275553302263 -1.0927389364671167 0
      vertex 11.20208152801713 -1.2020815280171309 1.3000000000000003
      vertex 11.302275553302263 -1.0927389364671167 1.3000000000000003
    endloop
  endfacet
  facet normal -0.7933533402912332 0.6087614290087232 0
    outer loop
      vertex 11.392558475291287 -0.9750799417967783 0
      vertex 11.302275553302263 -1.0927389364671167 1.3000000000000003
      vertex 11.392558475291287 -0.9750799417967783 1.3000000000000003
    endloop
  endfacet
  facet normal -0.8433914458128897 0.5372996083468174 0
    outer loop
      vertex 11.472243186433545 -0.85 0
      vertex 11.392558475291287 -0.9750799417967783 1.3000000000000003
      vertex 11.472243186433545 -0.85 1.3000000000000003
    endloop
  endfacet
  facet normal -0.887010833178222 0.4617486132350333 0
    outer loop
      vertex 11.472243186433545 -0.85 0
      vertex 11.472243186433545 -0.85 1.3000000000000003
      vertex 11.540723237962304 -0.718451044959189 0
    endloop
  endfacet
  facet normal -0.9238795325112849 0.3826834323650943 0
    outer loop
      vertex 11.540723237962304 -0.718451044959189 0
      vertex 11.540723237962304 -0.718451044959189 1.3000000000000003
      vertex 11.597477455336044 -0.5814342436536368 0
    endloop
  endfacet
  facet normal -0.9537169507482252 0.30070579950427884 0
    outer loop
      vertex 11.597477455336044 -0.5814342436536368 0
      vertex 11.597477455336044 -0.5814342436536368 1.3000000000000003
      vertex 11.642073904691417 -0.43999237667428526 0
    endloop
  endfacet
  facet normal -0.9762960071199346 0.21643961393809746 0
    outer loop
      vertex 11.642073904691417 -0.43999237667428526 0
      vertex 11.642073904691417 -0.43999237667428526 1.3000000000000003
      vertex 11.674173180120754 -0.29520190203378155 0
    endloop
  endfacet
  facet normal -0.9914448613738109 0.13052619222004788 0
    outer loop
      vertex 11.674173180120754 -0.29520190203378155 0
      vertex 11.674173180120754 -0.29520190203378155 1.3000000000000003
      vertex 11.693530986755967 -0.14816476267101888 0
    endloop
  endfacet
  facet normal -0.9990482215818577 0.04361938736533601 0
    outer loop
      vertex 11.693530986755967 -0.14816476267101888 0
      vertex 11.693530986755967 -0.14816476267101888 1.3000000000000003
      vertex 11.7 0 0
    endloop
  endfacet
  facet normal -0.887010833178222 0.4617486132350333 0
    outer loop
      vertex 11.472243186433545 -0.85 1.3000000000000003
      vertex 11.540723237962304 -0.718451044959189 1.3000000000000003
      vertex 11.540723237962304 -0.718451044959189 0
    endloop
  endfacet
  facet normal -0.9238795325112849 0.3826834323650943 0
    outer loop
      vertex 11.597477455336044 -0.5814342436536368 0
      vertex 11.540723237962304 -0.718451044959189 1.3000000000000003
      vertex 11.597477455336044 -0.5814342436536368 1.3000000000000003
    endloop
  endfacet
  facet normal -0.9537169507482252 0.30070579950427884 0
    outer loop
      vertex 11.642073904691417 -0.43999237667428526 0
      vertex 11.597477455336044 -0.5814342436536368 1.3000000000000003
      vertex 11.642073904691417 -0.43999237667428526 1.3000000000000003
    endloop
  endfacet
  facet normal -0.9762960071199346 0.21643961393809746 0
    outer loop
      vertex 11.674173180120754 -0.29520190203378155 0
      vertex 11.642073904691417 -0.43999237667428526 1.3000000000000003
      vertex 11.674173180120754 -0.29520190203378155 1.3000000000000003
    endloop
  endfacet
  facet normal -0.9914448613738109 0.13052619222004788 0
    outer loop
      vertex 11.693530986755967 -0.14816476267101888 0
      vertex 11.674173180120754 -0.29520190203378155 1.3000000000000003
      vertex 11.693530986755967 -0.14816476267101888 1.3000000000000003
    endloop
  endfacet
  facet normal -0.9990482215818577 0.04361938736533601 0
    outer loop
      vertex 11.693530986755967 -0.14816476267101888 1.3000000000000003
      vertex 11.7 0 1.3000000000000003
      vertex 11.7 0 0
    endloop
  endfacet
  facet normal 0.9990482215818577 -0.04361938736533601 0
    outer loop
      vertex 8.3 0 0
      vertex 8.306469013244033 0.14816476267101888 0
      vertex 8.306469013244033 0.14816476267101888 1.3000000000000003
    endloop
  endfacet
  facet normal 0.9914448613738109 -0.13052619222004788 0
    outer loop
      vertex 8.306469013244033 0.14816476267101888 0
      vertex 8.325826819879246 0.29520190203378155 0
      vertex 8.325826819879246 0.29520190203378155 1.3000000000000003
    endloop
  endfacet
  facet normal 0.9762960071199346 -0.21643961393809746 0
    outer loop
      vertex 8.325826819879246 0.29520190203378155 0
      vertex 8.357926095308583 0.43999237667428526 0
      vertex 8.357926095308583 0.43999237667428526 1.3000000000000003
    endloop
  endfacet
  facet normal 0.9537169507482252 -0.30070579950427884 0
    outer loop
      vertex 8.357926095308583 0.43999237667428526 0
      vertex 8.402522544663956 0.5814342436536368 0
      vertex 8.402522544663956 0.5814342436536368 1.3000000000000003
    endloop
  endfacet
  facet normal 0.9238795325112849 -0.3826834323650943 0
    outer loop
      vertex 8.402522544663956 0.5814342436536368 0
      vertex 8.459276762037696 0.718451044959189 0
      vertex 8.459276762037696 0.718451044959189 1.3000000000000003
    endloop
  endfacet
  facet normal 0.887010833178222 -0.4617486132350333 0
    outer loop
      vertex 8.459276762037696 0.718451044959189 0
      vertex 8.527756813566455 0.85 0
      vertex 8.527756813566455 0.85 1.3000000000000003
    endloop
  endfacet
  facet normal 0.9990482215818577 -0.04361938736533601 0
    outer loop
      vertex 8.3 0 0
      vertex 8.306469013244033 0.14816476267101888 1.3000000000000003
      vertex 8.3 0 1.3000000000000003
    endloop
  endfacet
  facet normal 0.9914448613738109 -0.13052619222004788 0
    outer loop
      vertex 8.306469013244033 0.14816476267101888 0
      vertex 8.325826819879246 0.29520190203378155 1.3000000000000003
      vertex 8.306469013244033 0.14816476267101888 1.3000000000000003
    endloop
  endfacet
  facet normal 0.9762960071199346 -0.21643961393809746 0
    outer loop
      vertex 8.325826819879246 0.29520190203378155 0
      vertex 8.357926095308583 0.43999237667428526 1.3000000000000003
      vertex 8.325826819879246 0.29520190203378155 1.3000000000000003
    endloop
  endfacet
  facet normal 0.9537169507482252 -0.30070579950427884 0
    outer loop
      vertex 8.357926095308583 0.43999237667428526 0
      vertex 8.402522544663956 0.5814342436536368 1.3000000000000003
      vertex 8.357926095308583 0.43999237667428526 1.3000000000000003
    endloop
  endfacet
  facet normal 0.9238795325112849 -0.3826834323650943 0
    outer loop
      vertex 8.402522544663956 0.5814342436536368 0
      vertex 8.459276762037696 0.718451044959189 1.3000000000000003
      vertex 8.402522544663956 0.5814342436536368 1.3000000000000003
    endloop
  endfacet
  facet normal 0.887010833178222 -0.4617486132350333 0
    outer loop
      vertex 8.459276762037696 0.718451044959189 0
      vertex 8.527756813566455 0.85 1.3000000000000003
      vertex 8.459276762037696 0.718451044959189 1.3000000000000003
    endloop
  endfacet
  facet normal 0.8433914458128897 -0.5372996083468174 0
    outer loop
      vertex 8.527756813566455 0.85 0
      vertex 8.607441524708713 0.9750799417967783 0
      vertex 8.607441524708713 0.9750799417967783 1.3000000000000003
    endloop
  endfacet
  facet normal 0.7933533402912332 -0.6087614290087232 0
    outer loop
      vertex 8.607441524708713 0.9750799417967783 0
      vertex 8.697724446697737 1.0927389364671167 0
      vertex 8.697724446697737 1.0927389364671167 1.3000000000000003
    endloop
  endfacet
  facet normal 0.7372773368101231 -0.6755902076156612 0
    outer loop
      vertex 8.697724446697737 1.0927389364671167 0
      vertex 8.79791847198287 1.2020815280171309 0
      vertex 8.79791847198287 1.2020815280171309 1.3000000000000003
    endloop
  endfacet
  facet normal 0.6755902076156597 -0.7372773368101246 0
    outer loop
      vertex 8.79791847198287 1.2020815280171309 0
      vertex 8.907261063532884 1.3022755533022627 0
      vertex 8.907261063532884 1.3022755533022627 1.3000000000000003
    endloop
  endfacet
  facet normal 0.608761429008723 -0.7933533402912333 0
    outer loop
      vertex 8.907261063532884 1.3022755533022627 0
      vertex 9.024920058203222 1.392558475291286 0
      vertex 9.024920058203222 1.392558475291286 1.3000000000000003
    endloop
  endfacet
  facet normal 0.5372996083468224 -0.8433914458128865 0
    outer loop
      vertex 9.024920058203222 1.392558475291286 0
      vertex 9.15 1.4722431864335457 0
      vertex 9.15 1.4722431864335457 1.3000000000000003
    endloop
  endfacet
  facet normal 0.4617486132350324 -0.8870108331782226 0
    outer loop
      vertex 9.15 1.4722431864335457 0
      vertex 9.281548955040812 1.5407232379623048 0
      vertex 9.281548955040812 1.5407232379623048 1.3000000000000003
    endloop
  endfacet
  facet normal 0.38268343236509367 -0.9238795325112852 0
    outer loop
      vertex 9.281548955040812 1.5407232379623048 0
      vertex 9.418565756346363 1.5974774553360442 0
      vertex 9.418565756346363 1.5974774553360442 1.3000000000000003
    endloop
  endfacet
  facet normal 0.30070579950427123 -0.9537169507482275 0
    outer loop
      vertex 9.418565756346363 1.5974774553360442 0
      vertex 9.560007623325715 1.6420739046914161 0
      vertex 9.560007623325715 1.6420739046914161 1.3000000000000003
    endloop
  endfacet
  facet normal 0.21643961393810227 -0.9762960071199336 0
    outer loop
      vertex 9.560007623325715 1.6420739046914161 0
      vertex 9.704798097966219 1.6741731801207536 0
      vertex 9.704798097966219 1.6741731801207536 1.3000000000000003
    endloop
  endfacet
  facet normal 0.8433914458128897 -0.5372996083468174 0
    outer loop
      vertex 8.527756813566455 0.85 0
      vertex 8.607441524708713 0.9750799417967783 1.3000000000000003
      vertex 8.527756813566455 0.85 1.3000000000000003
    endloop
  endfacet
  facet normal 0.7933533402912332 -0.6087614290087232 0
    outer loop
      vertex 8.607441524708713 0.9750799417967783 0
      vertex 8.697724446697737 1.0927389364671167 1.3000000000000003
      vertex 8.607441524708713 0.9750799417967783 1.3000000000000003
    endloop
  endfacet
  facet normal 0.7372773368101231 -0.6755902076156612 0
    outer loop
      vertex 8.697724446697737 1.0927389364671167 0
      vertex 8.79791847198287 1.2020815280171309 1.3000000000000003
      vertex 8.697724446697737 1.0927389364671167 1.3000000000000003
    endloop
  endfacet
  facet normal 0.6755902076156597 -0.7372773368101246 0
    outer loop
      vertex 8.79791847198287 1.2020815280171309 0
      vertex 8.907261063532884 1.3022755533022627 1.3000000000000003
      vertex 8.79791847198287 1.2020815280171309 1.3000000000000003
    endloop
  endfacet
  facet normal 0.608761429008723 -0.7933533402912333 0
    outer loop
      vertex 8.907261063532884 1.3022755533022627 0
      vertex 9.024920058203222 1.392558475291286 1.3000000000000003
      vertex 8.907261063532884 1.3022755533022627 1.3000000000000003
    endloop
  endfacet
  facet normal 0.5372996083468224 -0.8433914458128865 0
    outer loop
      vertex 9.024920058203222 1.392558475291286 0
      vertex 9.15 1.4722431864335457 1.3000000000000003
      vertex 9.024920058203222 1.392558475291286 1.3000000000000003
    endloop
  endfacet
  facet normal 0.4617486132350324 -0.8870108331782226 0
    outer loop
      vertex 9.15 1.4722431864335457 0
      vertex 9.281548955040812 1.5407232379623048 1.3000000000000003
      vertex 9.15 1.4722431864335457 1.3000000000000003
    endloop
  endfacet
  facet normal 0.38268343236509367 -0.9238795325112852 0
    outer loop
      vertex 9.281548955040812 1.5407232379623048 0
      vertex 9.418565756346363 1.5974774553360442 1.3000000000000003
      vertex 9.281548955040812 1.5407232379623048 1.3000000000000003
    endloop
  endfacet
  facet normal 0.30070579950427123 -0.9537169507482275 0
    outer loop
      vertex 9.418565756346363 1.5974774553360442 0
      vertex 9.560007623325715 1.6420739046914161 1.3000000000000003
      vertex 9.418565756346363 1.5974774553360442 1.3000000000000003
    endloop
  endfacet
  facet normal 0.21643961393810227 -0.9762960071199336 0
    outer loop
      vertex 9.560007623325715 1.6420739046914161 0
      vertex 9.704798097966219 1.6741731801207536 1.3000000000000003
      vertex 9.560007623325715 1.6420739046914161 1.3000000000000003
    endloop
  endfacet
  facet normal -0.9990482215818577 -0.04361938736533601 0
    outer loop
      vertex 11.7 0 0
      vertex 11.7 0 1.3000000000000003
      vertex 11.693530986755967 0.14816476267101888 0
    endloop
  endfacet
  facet normal -0.9914448613738109 -0.13052619222004788 0
    outer loop
      vertex 11.693530986755967 0.14816476267101888 0
      vertex 11.693530986755967 0.14816476267101888 1.3000000000000003
      vertex 11.674173180120754 0.29520190203378155 0
    endloop
  endfacet
  facet normal -0.9762960071199346 -0.21643961393809746 0
    outer loop
      vertex 11.674173180120754 0.29520190203378155 0
      vertex 11.674173180120754 0.29520190203378155 1.3000000000000003
      vertex 11.642073904691417 0.43999237667428526 0
    endloop
  endfacet
  facet normal -0.9537169507482252 -0.30070579950427884 0
    outer loop
      vertex 11.642073904691417 0.43999237667428526 0
      vertex 11.642073904691417 0.43999237667428526 1.3000000000000003
      vertex 11.597477455336044 0.5814342436536368 0
    endloop
  endfacet
  facet normal -0.9238795325112849 -0.3826834323650943 0
    outer loop
      vertex 11.597477455336044 0.5814342436536368 0
      vertex 11.597477455336044 0.5814342436536368 1.3000000000000003
      vertex 11.540723237962304 0.718451044959189 0
    endloop
  endfacet
  facet normal -0.887010833178222 -0.4617486132350333 0
    outer loop
      vertex 11.540723237962304 0.718451044959189 0
      vertex 11.540723237962304 0.718451044959189 1.3000000000000003
      vertex 11.472243186433545 0.85 0
    endloop
  endfacet
  facet normal -0.9990482215818577 -0.04361938736533601 0
    outer loop
      vertex 11.693530986755967 0.14816476267101888 0
      vertex 11.7 0 1.3000000000000003
      vertex 11.693530986755967 0.14816476267101888 1.3000000000000003
    endloop
  endfacet
  facet normal -0.9914448613738109 -0.13052619222004788 0
    outer loop
      vertex 11.674173180120754 0.29520190203378155 0
      vertex 11.693530986755967 0.14816476267101888 1.3000000000000003
      vertex 11.674173180120754 0.29520190203378155 1.3000000000000003
    endloop
  endfacet
  facet normal -0.9762960071199346 -0.21643961393809746 0
    outer loop
      vertex 11.642073904691417 0.43999237667428526 0
      vertex 11.674173180120754 0.29520190203378155 1.3000000000000003
      vertex 11.642073904691417 0.43999237667428526 1.3000000000000003
    endloop
  endfacet
  facet normal -0.9537169507482252 -0.30070579950427884 0
    outer loop
      vertex 11.597477455336044 0.5814342436536368 0
      vertex 11.642073904691417 0.43999237667428526 1.3000000000000003
      vertex 11.597477455336044 0.5814342436536368 1.3000000000000003
    endloop
  endfacet
  facet normal -0.9238795325112849 -0.3826834323650943 0
    outer loop
      vertex 11.540723237962304 0.718451044959189 0
      vertex 11.597477455336044 0.5814342436536368 1.3000000000000003
      vertex 11.540723237962304 0.718451044959189 1.3000000000000003
    endloop
  endfacet
  facet normal -0.887010833178222 -0.4617486132350333 0
    outer loop
      vertex 11.540723237962304 0.718451044959189 1.3000000000000003
      vertex 11.472243186433545 0.85 1.3000000000000003
      vertex 11.472243186433545 0.85 0
    endloop
  endfacet
  facet normal -0.21643961393810227 -0.9762960071199336 0
    outer loop
      vertex 10.295201902033781 1.6741731801207536 0
      vertex 10.439992376674285 1.6420739046914161 0
      vertex 10.439992376674285 1.6420739046914161 1.3000000000000003
    endloop
  endfacet
  facet normal -0.30070579950427123 -0.9537169507482275 0
    outer loop
      vertex 10.439992376674285 1.6420739046914161 0
      vertex 10.581434243653637 1.5974774553360442 0
      vertex 10.581434243653637 1.5974774553360442 1.3000000000000003
    endloop
  endfacet
  facet normal -0.38268343236509367 -0.9238795325112852 0
    outer loop
      vertex 10.581434243653637 1.5974774553360442 0
      vertex 10.718451044959188 1.5407232379623048 0
      vertex 10.718451044959188 1.5407232379623048 1.3000000000000003
    endloop
  endfacet
  facet normal -0.4617486132350324 -0.8870108331782226 0
    outer loop
      vertex 10.718451044959188 1.5407232379623048 0
      vertex 10.85 1.4722431864335457 0
      vertex 10.85 1.4722431864335457 1.3000000000000003
    endloop
  endfacet
  facet normal -0.7372773368101231 -0.6755902076156612 0
    outer loop
      vertex 11.302275553302263 1.0927389364671167 0
      vertex 11.302275553302263 1.0927389364671167 1.3000000000000003
      vertex 11.20208152801713 1.2020815280171309 0
    endloop
  endfacet
  facet normal -0.6755902076156597 -0.7372773368101246 0
    outer loop
      vertex 11.20208152801713 1.2020815280171309 0
      vertex 11.20208152801713 1.2020815280171309 1.3000000000000003
      vertex 11.092738936467116 1.3022755533022627 0
    endloop
  endfacet
  facet normal -0.8433914458128897 -0.5372996083468174 0
    outer loop
      vertex 11.472243186433545 0.85 0
      vertex 11.472243186433545 0.85 1.3000000000000003
      vertex 11.392558475291287 0.9750799417967783 0
    endloop
  endfacet
  facet normal -0.7933533402912332 -0.6087614290087232 0
    outer loop
      vertex 11.302275553302263 1.0927389364671167 0
      vertex 11.392558475291287 0.9750799417967783 0
      vertex 11.392558475291287 0.9750799417967783 1.3000000000000003
    endloop
  endfacet
  facet normal -0.608761429008723 -0.7933533402912333 0
    outer loop
      vertex 10.975079941796778 1.392558475291286 0
      vertex 11.092738936467116 1.3022755533022627 0
      vertex 11.092738936467116 1.3022755533022627 1.3000000000000003
    endloop
  endfacet
  facet normal -0.5372996083468224 -0.8433914458128865 0
    outer loop
      vertex 10.975079941796778 1.392558475291286 0
      vertex 10.975079941796778 1.392558475291286 1.3000000000000003
      vertex 10.85 1.4722431864335457 0
    endloop
  endfacet
  facet normal -0.21643961393810227 -0.9762960071199336 0
    outer loop
      vertex 10.295201902033781 1.6741731801207536 0
      vertex 10.439992376674285 1.6420739046914161 1.3000000000000003
      vertex 10.295201902033781 1.6741731801207536 1.3000000000000003
    endloop
  endfacet
  facet normal -0.30070579950427123 -0.9537169507482275 0
    outer loop
      vertex 10.439992376674285 1.6420739046914161 0
      vertex 10.581434243653637 1.5974774553360442 1.3000000000000003
      vertex 10.439992376674285 1.6420739046914161 1.3000000000000003
    endloop
  endfacet
  facet normal -0.4617486132350324 -0.8870108331782226 0
    outer loop
      vertex 10.718451044959188 1.5407232379623048 0
      vertex 10.85 1.4722431864335457 1.3000000000000003
      vertex 10.718451044959188 1.5407232379623048 1.3000000000000003
    endloop
  endfacet
  facet normal -0.38268343236509367 -0.9238795325112852 0
    outer loop
      vertex 10.581434243653637 1.5974774553360442 0
      vertex 10.718451044959188 1.5407232379623048 1.3000000000000003
      vertex 10.581434243653637 1.5974774553360442 1.3000000000000003
    endloop
  endfacet
  facet normal -0.7372773368101231 -0.6755902076156612 0
    outer loop
      vertex 11.20208152801713 1.2020815280171309 0
      vertex 11.302275553302263 1.0927389364671167 1.3000000000000003
      vertex 11.20208152801713 1.2020815280171309 1.3000000000000003
    endloop
  endfacet
  facet normal -0.8433914458128897 -0.5372996083468174 0
    outer loop
      vertex 11.392558475291287 0.9750799417967783 0
      vertex 11.472243186433545 0.85 1.3000000000000003
      vertex 11.392558475291287 0.9750799417967783 1.3000000000000003
    endloop
  endfacet
  facet normal -0.7933533402912332 -0.6087614290087232 0
    outer loop
      vertex 11.302275553302263 1.0927389364671167 0
      vertex 11.392558475291287 0.9750799417967783 1.3000000000000003
      vertex 11.302275553302263 1.0927389364671167 1.3000000000000003
    endloop
  endfacet
  facet normal -0.5372996083468224 -0.8433914458128865 0
    outer loop
      vertex 10.85 1.4722431864335457 0
      vertex 10.975079941796778 1.392558475291286 1.3000000000000003
      vertex 10.85 1.4722431864335457 1.3000000000000003
    endloop
  endfacet
  facet normal -0.608761429008723 -0.7933533402912333 0
    outer loop
      vertex 10.975079941796778 1.392558475291286 0
      vertex 11.092738936467116 1.3022755533022627 1.3000000000000003
      vertex 10.975079941796778 1.392558475291286 1.3000000000000003
    endloop
  endfacet
  facet normal -0.6755902076156597 -0.7372773368101246 0
    outer loop
      vertex 11.092738936467116 1.3022755533022627 0
      vertex 11.20208152801713 1.2020815280171309 1.3000000000000003
      vertex 11.092738936467116 1.3022755533022627 1.3000000000000003
    endloop
  endfacet
  facet normal 0.1305261922200526 -0.9914448613738103 0
    outer loop
      vertex 9.704798097966219 1.6741731801207536 0
      vertex 9.85183523732898 1.6935309867559674 0
      vertex 9.85183523732898 1.6935309867559674 1.3000000000000003
    endloop
  endfacet
  facet normal 0.1305261922200526 -0.9914448613738103 0
    outer loop
      vertex 9.704798097966219 1.6741731801207536 0
      vertex 9.85183523732898 1.6935309867559674 1.3000000000000003
      vertex 9.704798097966219 1.6741731801207536 1.3000000000000003
    endloop
  endfacet
  facet normal 0.043619387365335924 -0.9990482215818579 0
    outer loop
      vertex 9.85183523732898 1.6935309867559674 0
      vertex 10 1.7 0
      vertex 10 1.7 1.3000000000000003
    endloop
  endfacet
  facet normal -0.043619387365335924 -0.9990482215818579 0
    outer loop
      vertex 10 1.7 0
      vertex 10.14816476267102 1.6935309867559674 0
      vertex 10.14816476267102 1.6935309867559674 1.3000000000000003
    endloop
  endfacet
  facet normal -0.1305261922200526 -0.9914448613738103 0
    outer loop
      vertex 10.295201902033781 1.6741731801207536 0
      vertex 10.295201902033781 1.6741731801207536 1.3000000000000003
      vertex 10.14816476267102 1.6935309867559674 0
    endloop
  endfacet
  facet normal 0.043619387365335924 -0.9990482215818579 0
    outer loop
      vertex 9.85183523732898 1.6935309867559674 0
      vertex 10 1.7 1.3000000000000003
      vertex 9.85183523732898 1.6935309867559674 1.3000000000000003
    endloop
  endfacet
  facet normal -0.043619387365335924 -0.9990482215818579 0
    outer loop
      vertex 10 1.7 0
      vertex 10.14816476267102 1.6935309867559674 1.3000000000000003
      vertex 10 1.7 1.3000000000000003
    endloop
  endfacet
  facet normal -0.1305261922200526 -0.9914448613738103 0
    outer loop
      vertex 10.295201902033781 1.6741731801207536 1.3000000000000003
      vertex 10.14816476267102 1.6935309867559674 1.3000000000000003
      vertex 10.14816476267102 1.6935309867559674 0
    endloop
  endfacet
  facet normal 0.5900239738038993 0.5406573606141546 0.5996343291960458
    outer loop
      vertex -11.20208152801713 -1.2020815280171309 1.3000000000000003
      vertex -12.393888884746808 -2.008711280270435 3.2
      vertex -12.209708691207961 -2.2097086912079615 3.2
    endloop
  endfacet
  facet normal 0.6749443492780164 0.4299869726250825 0.5996343291960456
    outer loop
      vertex -11.392558475291287 -0.9750799417967783 1.3000000000000003
      vertex -11.472243186433545 -0.85 1.3000000000000003
      vertex -12.70632938682637 -1.5625 3.2
    endloop
  endfacet
  facet normal 0.7098518162286968 0.3695254663029722 0.5996343291960455
    outer loop
      vertex -11.472243186433545 -0.85 1.3000000000000003
      vertex -11.540723237962304 -0.718451044959189 1.3000000000000003
      vertex -12.83221183448953 -1.3206820679396858 3.2
    endloop
  endfacet
  facet normal 0.634900148286785 0.4871760184522907 0.5996343291960456
    outer loop
      vertex -11.302275553302263 -1.0927389364671167 1.3000000000000003
      vertex -12.5598501384031 -1.792426363597019 3.2
      vertex -12.393888884746808 -2.008711280270435 3.2
    endloop
  endfacet
  facet normal 0.6749443492780142 0.4299869726250865 0.5996343291960453
    outer loop
      vertex -11.392558475291287 -0.9750799417967783 1.3000000000000003
      vertex -12.70632938682637 -1.5625 3.2
      vertex -12.5598501384031 -1.792426363597019 3.2
    endloop
  endfacet
  facet normal 0.7098518162286962 0.3695254663029732 0.5996343291960455
    outer loop
      vertex -11.472243186433545 -0.85 1.3000000000000003
      vertex -12.83221183448953 -1.3206820679396858 3.2
      vertex -12.70632938682637 -1.5625 3.2
    endloop
  endfacet
  facet normal 0.7393568822376324 0.30625164805671834 0.5996343291960458
    outer loop
      vertex -11.540723237962304 -0.718451044959189 1.3000000000000003
      vertex -12.936539439955965 -1.0688129478927149 3.2
      vertex -12.83221183448953 -1.3206820679396858 3.2
    endloop
  endfacet
  facet normal 0.7393568822376323 0.30625164805671884 0.5996343291960456
    outer loop
      vertex -11.540723237962304 -0.718451044959189 1.3000000000000003
      vertex -11.597477455336044 -0.5814342436536368 1.3000000000000003
      vertex -12.936539439955965 -1.0688129478927149 3.2
    endloop
  endfacet
  facet normal 0.7632349959368502 0.24064706984894974 0.599634329196045
    outer loop
      vertex -11.597477455336044 -0.5814342436536368 1.3000000000000003
      vertex -11.642073904691417 -0.43999237667428526 1.3000000000000003
      vertex -13.018518207153338 -0.8088095159453773 3.2
    endloop
  endfacet
  facet normal 0.7813044304630998 0.17321102213294665 0.5996343291960452
    outer loop
      vertex -11.642073904691417 -0.43999237667428526 1.3000000000000003
      vertex -11.674173180120754 -0.29520190203378155 1.3000000000000003
      vertex -13.07752422816315 -0.5426505552091573 3.2
    endloop
  endfacet
  facet normal 0.7934276665090083 0.10445673395084731 0.5996343291960459
    outer loop
      vertex -11.674173180120754 -0.29520190203378155 1.3000000000000003
      vertex -11.693530986755967 -0.14816476267101888 1.3000000000000003
      vertex -13.113108431536705 -0.27236169608643174 3.2
    endloop
  endfacet
  facet normal 0.7995124389280603 0.03490746695068329 0.5996343291960455
    outer loop
      vertex -11.693530986755967 -0.14816476267101888 1.3000000000000003
      vertex -11.7 0 1.3000000000000003
      vertex -13.125 0 3.2
    endloop
  endfacet
  facet normal 0.7632349959368522 0.24064706984894196 0.5996343291960456
    outer loop
      vertex -11.597477455336044 -0.5814342436536368 1.3000000000000003
      vertex -13.018518207153338 -0.8088095159453773 3.2
      vertex -12.936539439955965 -1.0688129478927149 3.2
    endloop
  endfacet
  facet normal 0.7813044304630995 0.17321102213294853 0.5996343291960452
    outer loop
      vertex -11.642073904691417 -0.43999237667428526 1.3000000000000003
      vertex -13.07752422816315 -0.5426505552091573 3.2
      vertex -13.018518207153338 -0.8088095159453773 3.2
    endloop
  endfacet
  facet normal 0.7934276665090076 0.10445673395085532 0.5996343291960452
    outer loop
      vertex -11.674173180120754 -0.29520190203378155 1.3000000000000003
      vertex -13.113108431536705 -0.27236169608643174 3.2
      vertex -13.07752422816315 -0.5426505552091573 3.2
    endloop
  endfacet
  facet normal 0.7995124389280602 0.034907466950681434 0.5996343291960458
    outer loop
      vertex -11.693530986755967 -0.14816476267101888 1.3000000000000003
      vertex -13.125 0 3.2
      vertex -13.113108431536705 -0.27236169608643174 3.2
    endloop
  endfacet
  facet normal 0.2406470698489457 0.7632349959368513 0.5996343291960454
    outer loop
      vertex -10.439992376674285 -1.6420739046914161 1.3000000000000003
      vertex -11.068812947892715 -2.936539439955964 3.2
      vertex -10.808809515945377 -3.0185182071533387 3.2
    endloop
  endfacet
  facet normal 0.17321102213294964 0.7813044304630989 0.5996343291960453
    outer loop
      vertex -10.295201902033781 -1.6741731801207536 1.3000000000000003
      vertex -10.808809515945377 -3.0185182071533387 3.2
      vertex -10.542650555209157 -3.07752422816315 3.2
    endloop
  endfacet
  facet normal 0.1044567339508512 0.7934276665090082 0.5996343291960454
    outer loop
      vertex -10.14816476267102 -1.6935309867559674 1.3000000000000003
      vertex -10.542650555209157 -3.07752422816315 3.2
      vertex -10.272361696086431 -3.113108431536705 3.2
    endloop
  endfacet
  facet normal 0.03490746695068288 0.7995124389280605 0.5996343291960454
    outer loop
      vertex -10 -1.7 1.3000000000000003
      vertex -10.272361696086431 -3.113108431536705 3.2
      vertex -10 -3.125 3.2
    endloop
  endfacet
  facet normal -0.03490746695068288 0.7995124389280605 0.5996343291960454
    outer loop
      vertex -9.85183523732898 -1.6935309867559674 1.3000000000000003
      vertex -10 -3.125 3.2
      vertex -9.727638303913569 -3.113108431536705 3.2
    endloop
  endfacet
  facet normal 0.48717601845229475 0.6349001482867821 0.5996343291960454
    outer loop
      vertex -11.092738936467116 -1.3022755533022627 1.3000000000000003
      vertex -12.008711280270434 -2.393888884746807 3.2
      vertex -10.975079941796778 -1.392558475291286 1.3000000000000003
    endloop
  endfacet
  facet normal 0.3062516480567184 0.7393568822376326 0.5996343291960455
    outer loop
      vertex -10.718451044959188 -1.5407232379623048 1.3000000000000003
      vertex -11.320682067939686 -2.832211834489531 3.2
      vertex -10.581434243653637 -1.5974774553360442 1.3000000000000003
    endloop
  endfacet
  facet normal 0.36952546630297156 0.7098518162286972 0.5996343291960454
    outer loop
      vertex -10.85 -1.4722431864335457 1.3000000000000003
      vertex -11.5625 -2.7063293868263707 3.2
      vertex -10.718451044959188 -1.5407232379623048 1.3000000000000003
    endloop
  endfacet
  facet normal 0.42998697262508667 0.674944349278014 0.5996343291960453
    outer loop
      vertex -10.85 -1.4722431864335457 1.3000000000000003
      vertex -10.975079941796778 -1.392558475291286 1.3000000000000003
      vertex -11.792426363597018 -2.5598501384030996 3.2
    endloop
  endfacet
  facet normal 0.17321102213295045 0.7813044304630987 0.5996343291960454
    outer loop
      vertex -10.439992376674285 -1.6420739046914161 1.3000000000000003
      vertex -10.808809515945377 -3.0185182071533387 3.2
      vertex -10.295201902033781 -1.6741731801207536 1.3000000000000003
    endloop
  endfacet
  facet normal 0.10445673395085112 0.7934276665090081 0.5996343291960453
    outer loop
      vertex -10.14816476267102 -1.6935309867559674 1.3000000000000003
      vertex -10.295201902033781 -1.6741731801207536 1.3000000000000003
      vertex -10.542650555209157 -3.07752422816315 3.2
    endloop
  endfacet
  facet normal 0.03490746695068322 0.7995124389280606 0.5996343291960454
    outer loop
      vertex -10.14816476267102 -1.6935309867559674 1.3000000000000003
      vertex -10.272361696086431 -3.113108431536705 3.2
      vertex -10 -1.7 1.3000000000000003
    endloop
  endfacet
  facet normal -0.03490746695068322 0.7995124389280606 0.5996343291960454
    outer loop
      vertex -10 -1.7 1.3000000000000003
      vertex -10 -3.125 3.2
      vertex -9.85183523732898 -1.6935309867559674 1.3000000000000003
    endloop
  endfacet
  facet normal 0.24064706984894366 0.763234995936852 0.5996343291960454
    outer loop
      vertex -10.581434243653637 -1.5974774553360442 1.3000000000000003
      vertex -11.068812947892715 -2.936539439955964 3.2
      vertex -10.439992376674285 -1.6420739046914161 1.3000000000000003
    endloop
  endfacet
  facet normal 0.4871760184522924 0.6349001482867841 0.5996343291960453
    outer loop
      vertex -10.975079941796778 -1.392558475291286 1.3000000000000003
      vertex -12.008711280270434 -2.393888884746807 3.2
      vertex -11.792426363597018 -2.5598501384030996 3.2
    endloop
  endfacet
  facet normal 0.4299869726250881 0.674944349278013 0.5996343291960456
    outer loop
      vertex -10.85 -1.4722431864335457 1.3000000000000003
      vertex -11.792426363597018 -2.5598501384030996 3.2
      vertex -11.5625 -2.7063293868263707 3.2
    endloop
  endfacet
  facet normal 0.36952546630297245 0.7098518162286966 0.5996343291960454
    outer loop
      vertex -10.718451044959188 -1.5407232379623048 1.3000000000000003
      vertex -11.5625 -2.7063293868263707 3.2
      vertex -11.320682067939686 -2.832211834489531 3.2
    endloop
  endfacet
  facet normal 0.3062516480567163 0.7393568822376334 0.5996343291960454
    outer loop
      vertex -10.581434243653637 -1.5974774553360442 1.3000000000000003
      vertex -11.320682067939686 -2.832211834489531 3.2
      vertex -11.068812947892715 -2.936539439955964 3.2
    endloop
  endfacet
  facet normal 0.5406573606141518 0.590023973803902 0.5996343291960453
    outer loop
      vertex -11.092738936467116 -1.3022755533022627 1.3000000000000003
      vertex -12.209708691207961 -2.2097086912079615 3.2
      vertex -12.008711280270434 -2.393888884746807 3.2
    endloop
  endfacet
  facet normal -0.1044567339508512 0.7934276665090082 0.5996343291960454
    outer loop
      vertex -9.704798097966219 -1.6741731801207536 1.3000000000000003
      vertex -9.727638303913569 -3.113108431536705 3.2
      vertex -9.457349444790843 -3.07752422816315 3.2
    endloop
  endfacet
  facet normal -0.17321102213294964 0.7813044304630989 0.5996343291960453
    outer loop
      vertex -9.560007623325715 -1.6420739046914161 1.3000000000000003
      vertex -9.457349444790843 -3.07752422816315 3.2
      vertex -9.191190484054623 -3.0185182071533387 3.2
    endloop
  endfacet
  facet normal -0.24064706984894566 0.7632349959368513 0.5996343291960453
    outer loop
      vertex -9.418565756346363 -1.5974774553360442 1.3000000000000003
      vertex -9.191190484054623 -3.0185182071533387 3.2
      vertex -8.931187052107285 -2.936539439955964 3.2
    endloop
  endfacet
  facet normal -0.10445673395085112 0.7934276665090081 0.5996343291960453
    outer loop
      vertex -9.85183523732898 -1.6935309867559674 1.3000000000000003
      vertex -9.727638303913569 -3.113108431536705 3.2
      vertex -9.704798097966219 -1.6741731801207536 1.3000000000000003
    endloop
  endfacet
  facet normal -0.17321102213295048 0.7813044304630988 0.5996343291960454
    outer loop
      vertex -9.704798097966219 -1.6741731801207536 1.3000000000000003
      vertex -9.457349444790843 -3.07752422816315 3.2
      vertex -9.560007623325715 -1.6420739046914161 1.3000000000000003
    endloop
  endfacet
  facet normal -0.24064706984894357 0.7632349959368517 0.5996343291960454
    outer loop
      vertex -9.560007623325715 -1.6420739046914161 1.3000000000000003
      vertex -9.191190484054623 -3.0185182071533387 3.2
      vertex -9.418565756346363 -1.5974774553360442 1.3000000000000003
    endloop
  endfacet
  facet normal -0.3062516480567184 0.7393568822376326 0.5996343291960453
    outer loop
      vertex -9.418565756346363 -1.5974774553360442 1.3000000000000003
      vertex -8.931187052107285 -2.936539439955964 3.2
      vertex -9.281548955040812 -1.5407232379623048 1.3000000000000003
    endloop
  endfacet
  facet normal -0.36952546630297156 0.7098518162286972 0.5996343291960454
    outer loop
      vertex -9.281548955040812 -1.5407232379623048 1.3000000000000003
      vertex -8.679317932060314 -2.832211834489531 3.2
      vertex -9.15 -1.4722431864335457 1.3000000000000003
    endloop
  endfacet
  facet normal -0.42998697262508656 0.6749443492780139 0.5996343291960454
    outer loop
      vertex -9.15 -1.4722431864335457 1.3000000000000003
      vertex -8.4375 -2.7063293868263707 3.2
      vertex -9.024920058203222 -1.392558475291286 1.3000000000000003
    endloop
  endfacet
  facet normal -0.4871760184522949 0.6349001482867822 0.5996343291960452
    outer loop
      vertex -9.024920058203222 -1.392558475291286 1.3000000000000003
      vertex -8.207573636402982 -2.5598501384030996 3.2
      vertex -8.907261063532884 -1.3022755533022627 1.3000000000000003
    endloop
  endfacet
  facet normal -0.30625164805671684 0.7393568822376333 0.5996343291960453
    outer loop
      vertex -9.281548955040812 -1.5407232379623048 1.3000000000000003
      vertex -8.931187052107285 -2.936539439955964 3.2
      vertex -8.679317932060314 -2.832211834489531 3.2
    endloop
  endfacet
  facet normal -0.3695254663029719 0.709851816228697 0.5996343291960453
    outer loop
      vertex -9.15 -1.4722431864335457 1.3000000000000003
      vertex -8.679317932060314 -2.832211834489531 3.2
      vertex -8.4375 -2.7063293868263707 3.2
    endloop
  endfacet
  facet normal -0.4299869726250886 0.674944349278013 0.5996343291960451
    outer loop
      vertex -9.024920058203222 -1.392558475291286 1.3000000000000003
      vertex -8.4375 -2.7063293868263707 3.2
      vertex -8.207573636402982 -2.5598501384030996 3.2
    endloop
  endfacet
  facet normal -0.4871760184522913 0.6349001482867849 0.5996343291960455
    outer loop
      vertex -8.907261063532884 -1.3022755533022627 1.3000000000000003
      vertex -8.207573636402982 -2.5598501384030996 3.2
      vertex -7.991288719729565 -2.393888884746807 3.2
    endloop
  endfacet
  facet normal -0.540657360614152 0.5900239738039016 0.5996343291960458
    outer loop
      vertex -8.79791847198287 -1.2020815280171309 1.3000000000000003
      vertex -7.991288719729565 -2.393888884746807 3.2
      vertex -7.790291308792038 -2.2097086912079615 3.2
    endloop
  endfacet
  facet normal -0.590023973803902 0.5406573606141516 0.5996343291960454
    outer loop
      vertex -8.697724446697737 -1.0927389364671167 1.3000000000000003
      vertex -7.790291308792038 -2.2097086912079615 3.2
      vertex -7.606111115253193 -2.008711280270435 3.2
    endloop
  endfacet
  facet normal 0.540657360614153 0.5900239738039008 0.5996343291960456
    outer loop
      vertex -11.092738936467116 -1.3022755533022627 1.3000000000000003
      vertex -11.20208152801713 -1.2020815280171309 1.3000000000000003
      vertex -12.209708691207961 -2.2097086912079615 3.2
    endloop
  endfacet
  facet normal 0.5900239738038995 0.5406573606141541 0.5996343291960456
    outer loop
      vertex -11.20208152801713 -1.2020815280171309 1.3000000000000003
      vertex -11.302275553302263 -1.0927389364671167 1.3000000000000003
      vertex -12.393888884746808 -2.008711280270435 3.2
    endloop
  endfacet
  facet normal 0.6349001482867821 0.48717601845229513 0.5996343291960453
    outer loop
      vertex -11.392558475291287 -0.9750799417967783 1.3000000000000003
      vertex -12.5598501384031 -1.792426363597019 3.2
      vertex -11.302275553302263 -1.0927389364671167 1.3000000000000003
    endloop
  endfacet
  facet normal -0.5406573606141529 0.5900239738039007 0.5996343291960456
    outer loop
      vertex -8.907261063532884 -1.3022755533022627 1.3000000000000003
      vertex -7.991288719729565 -2.393888884746807 3.2
      vertex -8.79791847198287 -1.2020815280171309 1.3000000000000003
    endloop
  endfacet
  facet normal -0.5900239738038995 0.5406573606141541 0.5996343291960458
    outer loop
      vertex -8.79791847198287 -1.2020815280171309 1.3000000000000003
      vertex -7.790291308792038 -2.2097086912079615 3.2
      vertex -8.697724446697737 -1.0927389364671167 1.3000000000000003
    endloop
  endfacet
  facet normal -0.6349001482867819 0.4871760184522949 0.5996343291960455
    outer loop
      vertex -8.697724446697737 -1.0927389364671167 1.3000000000000003
      vertex -7.606111115253193 -2.008711280270435 3.2
      vertex -8.607441524708713 -0.9750799417967783 1.3000000000000003
    endloop
  endfacet
  facet normal -0.6749443492780166 0.4299869726250827 0.5996343291960452
    outer loop
      vertex -8.607441524708713 -0.9750799417967783 1.3000000000000003
      vertex -7.4401498615969 -1.792426363597019 3.2
      vertex -8.527756813566455 -0.85 1.3000000000000003
    endloop
  endfacet
  facet normal -0.7098518162286968 0.3695254663029722 0.5996343291960455
    outer loop
      vertex -8.527756813566455 -0.85 1.3000000000000003
      vertex -7.29367061317363 -1.5625 3.2
      vertex -8.459276762037696 -0.718451044959189 1.3000000000000003
    endloop
  endfacet
  facet normal -0.7393568822376323 0.30625164805671884 0.5996343291960456
    outer loop
      vertex -8.459276762037696 -0.718451044959189 1.3000000000000003
      vertex -7.167788165510469 -1.3206820679396858 3.2
      vertex -8.402522544663956 -0.5814342436536368 1.3000000000000003
    endloop
  endfacet
  facet normal -0.6349001482867841 0.4871760184522924 0.5996343291960454
    outer loop
      vertex -8.607441524708713 -0.9750799417967783 1.3000000000000003
      vertex -7.606111115253193 -2.008711280270435 3.2
      vertex -7.4401498615969 -1.792426363597019 3.2
    endloop
  endfacet
  facet normal -0.76323499593685 0.24064706984894968 0.5996343291960456
    outer loop
      vertex -8.402522544663956 -0.5814342436536368 1.3000000000000003
      vertex -7.063460560044036 -1.0688129478927149 3.2
      vertex -8.357926095308583 -0.43999237667428526 1.3000000000000003
    endloop
  endfacet
  facet normal -0.7813044304630998 0.17321102213294665 0.5996343291960453
    outer loop
      vertex -8.357926095308583 -0.43999237667428526 1.3000000000000003
      vertex -6.981481792846661 -0.8088095159453773 3.2
      vertex -8.325826819879246 -0.29520190203378155 1.3000000000000003
    endloop
  endfacet
  facet normal -0.674944349278014 0.4299869726250864 0.5996343291960454
    outer loop
      vertex -8.527756813566455 -0.85 1.3000000000000003
      vertex -7.4401498615969 -1.792426363597019 3.2
      vertex -7.29367061317363 -1.5625 3.2
    endloop
  endfacet
  facet normal -0.7098518162286959 0.36952546630297384 0.5996343291960454
    outer loop
      vertex -8.459276762037696 -0.718451044959189 1.3000000000000003
      vertex -7.29367061317363 -1.5625 3.2
      vertex -7.167788165510469 -1.3206820679396858 3.2
    endloop
  endfacet
  facet normal -0.7393568822376335 0.30625164805671595 0.5996343291960455
    outer loop
      vertex -8.402522544663956 -0.5814342436536368 1.3000000000000003
      vertex -7.167788165510469 -1.3206820679396858 3.2
      vertex -7.063460560044036 -1.0688129478927149 3.2
    endloop
  endfacet
  facet normal -0.7934276665090086 0.10445673395084737 0.5996343291960453
    outer loop
      vertex -8.325826819879246 -0.29520190203378155 1.3000000000000003
      vertex -6.92247577183685 -0.5426505552091573 3.2
      vertex -8.306469013244033 -0.14816476267101888 1.3000000000000003
    endloop
  endfacet
  facet normal -0.7995124389280601 0.03490746695068328 0.5996343291960458
    outer loop
      vertex -8.306469013244033 -0.14816476267101888 1.3000000000000003
      vertex -6.8868915684632945 -0.27236169608643174 3.2
      vertex -8.3 0 1.3000000000000003
    endloop
  endfacet
  facet normal -0.763234995936851 0.24064706984894632 0.5996343291960453
    outer loop
      vertex -8.357926095308583 -0.43999237667428526 1.3000000000000003
      vertex -7.063460560044036 -1.0688129478927149 3.2
      vertex -6.981481792846661 -0.8088095159453773 3.2
    endloop
  endfacet
  facet normal -0.7813044304630993 0.17321102213294853 0.5996343291960455
    outer loop
      vertex -8.325826819879246 -0.29520190203378155 1.3000000000000003
      vertex -6.981481792846661 -0.8088095159453773 3.2
      vertex -6.92247577183685 -0.5426505552091573 3.2
    endloop
  endfacet
  facet normal -0.7934276665090076 0.10445673395085255 0.5996343291960458
    outer loop
      vertex -8.306469013244033 -0.14816476267101888 1.3000000000000003
      vertex -6.92247577183685 -0.5426505552091573 3.2
      vertex -6.8868915684632945 -0.27236169608643174 3.2
    endloop
  endfacet
  facet normal -0.7995124389280603 0.034907466950681296 0.5996343291960455
    outer loop
      vertex -6.8868915684632945 -0.27236169608643174 3.2
      vertex -6.875 0 3.2
      vertex -8.3 0 1.3000000000000003
    endloop
  endfacet
  facet normal 0.7995124389280601 -0.03490746695068328 0.5996343291960458
    outer loop
      vertex -11.7 0 1.3000000000000003
      vertex -11.693530986755967 0.14816476267101888 1.3000000000000003
      vertex -13.113108431536705 0.27236169608643174 3.2
    endloop
  endfacet
  facet normal 0.7934276665090088 -0.10445673395084738 0.5996343291960451
    outer loop
      vertex -11.693530986755967 0.14816476267101888 1.3000000000000003
      vertex -11.674173180120754 0.29520190203378155 1.3000000000000003
      vertex -13.07752422816315 0.5426505552091573 3.2
    endloop
  endfacet
  facet normal 0.7813044304630999 -0.17321102213294667 0.5996343291960451
    outer loop
      vertex -11.674173180120754 0.29520190203378155 1.3000000000000003
      vertex -11.642073904691417 0.43999237667428526 1.3000000000000003
      vertex -13.018518207153338 0.8088095159453773 3.2
    endloop
  endfacet
  facet normal 0.7632349959368496 -0.2406470698489496 0.5996343291960458
    outer loop
      vertex -11.642073904691417 0.43999237667428526 1.3000000000000003
      vertex -11.597477455336044 0.5814342436536368 1.3000000000000003
      vertex -12.936539439955965 1.0688129478927149 3.2
    endloop
  endfacet
  facet normal 0.7995124389280603 -0.034907466950681434 0.5996343291960455
    outer loop
      vertex -11.7 0 1.3000000000000003
      vertex -13.113108431536705 0.27236169608643174 3.2
      vertex -13.125 0 3.2
    endloop
  endfacet
  facet normal 0.7934276665090073 -0.10445673395085524 0.5996343291960456
    outer loop
      vertex -11.693530986755967 0.14816476267101888 1.3000000000000003
      vertex -13.07752422816315 0.5426505552091573 3.2
      vertex -13.113108431536705 0.27236169608643174 3.2
    endloop
  endfacet
  facet normal 0.7813044304630993 -0.17321102213294853 0.5996343291960452
    outer loop
      vertex -11.674173180120754 0.29520190203378155 1.3000000000000003
      vertex -13.018518207153338 0.8088095159453773 3.2
      vertex -13.07752422816315 0.5426505552091573 3.2
    endloop
  endfacet
  facet normal 0.7632349959368525 -0.240647069848942 0.5996343291960451
    outer loop
      vertex -11.642073904691417 0.43999237667428526 1.3000000000000003
      vertex -12.936539439955965 1.0688129478927149 3.2
      vertex -13.018518207153338 0.8088095159453773 3.2
    endloop
  endfacet
  facet normal 0.7393568822376323 -0.30625164805671884 0.5996343291960456
    outer loop
      vertex -11.597477455336044 0.5814342436536368 1.3000000000000003
      vertex -11.540723237962304 0.718451044959189 1.3000000000000003
      vertex -12.83221183448953 1.3206820679396858 3.2
    endloop
  endfacet
  facet normal 0.7098518162286968 -0.3695254663029722 0.5996343291960455
    outer loop
      vertex -11.540723237962304 0.718451044959189 1.3000000000000003
      vertex -11.472243186433545 0.85 1.3000000000000003
      vertex -12.70632938682637 1.5625 3.2
    endloop
  endfacet
  facet normal 0.7393568822376325 -0.3062516480567183 0.5996343291960458
    outer loop
      vertex -11.597477455336044 0.5814342436536368 1.3000000000000003
      vertex -12.83221183448953 1.3206820679396858 3.2
      vertex -12.936539439955965 1.0688129478927149 3.2
    endloop
  endfacet
  facet normal 0.7098518162286959 -0.36952546630297384 0.5996343291960454
    outer loop
      vertex -11.540723237962304 0.718451044959189 1.3000000000000003
      vertex -12.70632938682637 1.5625 3.2
      vertex -12.83221183448953 1.3206820679396858 3.2
    endloop
  endfacet
  facet normal 0.674944349278014 -0.4299869726250864 0.5996343291960454
    outer loop
      vertex -11.472243186433545 0.85 1.3000000000000003
      vertex -12.5598501384031 1.792426363597019 3.2
      vertex -12.70632938682637 1.5625 3.2
    endloop
  endfacet
  facet normal 0.6349001482867852 -0.48717601845229086 0.5996343291960453
    outer loop
      vertex -11.392558475291287 0.9750799417967783 1.3000000000000003
      vertex -12.393888884746808 2.008711280270435 3.2
      vertex -12.5598501384031 1.792426363597019 3.2
    endloop
  endfacet
  facet normal 0.5900239738038994 -0.5406573606141547 0.5996343291960453
    outer loop
      vertex -11.302275553302263 1.0927389364671167 1.3000000000000003
      vertex -12.209708691207961 2.2097086912079615 3.2
      vertex -12.393888884746808 2.008711280270435 3.2
    endloop
  endfacet
  facet normal 0.6749443492780166 -0.4299869726250827 0.5996343291960452
    outer loop
      vertex -11.472243186433545 0.85 1.3000000000000003
      vertex -11.392558475291287 0.9750799417967783 1.3000000000000003
      vertex -12.5598501384031 1.792426363597019 3.2
    endloop
  endfacet
  facet normal 0.6349001482867818 -0.48717601845229486 0.5996343291960456
    outer loop
      vertex -11.392558475291287 0.9750799417967783 1.3000000000000003
      vertex -11.302275553302263 1.0927389364671167 1.3000000000000003
      vertex -12.393888884746808 2.008711280270435 3.2
    endloop
  endfacet
  facet normal 0.5900239738038995 -0.5406573606141541 0.5996343291960455
    outer loop
      vertex -11.302275553302263 1.0927389364671167 1.3000000000000003
      vertex -11.20208152801713 1.2020815280171309 1.3000000000000003
      vertex -12.209708691207961 2.2097086912079615 3.2
    endloop
  endfacet
  facet normal 0.540657360614153 -0.5900239738039009 0.5996343291960454
    outer loop
      vertex -11.20208152801713 1.2020815280171309 1.3000000000000003
      vertex -11.092738936467116 1.3022755533022627 1.3000000000000003
      vertex -12.008711280270434 2.393888884746807 3.2
    endloop
  endfacet
  facet normal -0.7632349959368501 -0.2406470698489497 0.5996343291960453
    outer loop
      vertex -8.402522544663956 0.5814342436536368 1.3000000000000003
      vertex -8.357926095308583 0.43999237667428526 1.3000000000000003
      vertex -6.981481792846661 0.8088095159453773 3.2
    endloop
  endfacet
  facet normal -0.7393568822376324 -0.3062516480567189 0.5996343291960454
    outer loop
      vertex -8.402522544663956 0.5814342436536368 1.3000000000000003
      vertex -7.063460560044036 1.0688129478927149 3.2
      vertex -8.459276762037696 0.718451044959189 1.3000000000000003
    endloop
  endfacet
  facet normal -0.7098518162286966 -0.36952546630297217 0.5996343291960455
    outer loop
      vertex -8.459276762037696 0.718451044959189 1.3000000000000003
      vertex -7.167788165510469 1.3206820679396858 3.2
      vertex -8.527756813566455 0.85 1.3000000000000003
    endloop
  endfacet
  facet normal -0.6749443492780164 -0.4299869726250825 0.5996343291960456
    outer loop
      vertex -8.527756813566455 0.85 1.3000000000000003
      vertex -7.29367061317363 1.5625 3.2
      vertex -8.607441524708713 0.9750799417967783 1.3000000000000003
    endloop
  endfacet
  facet normal -0.5900239738038997 -0.5406573606141544 0.5996343291960455
    outer loop
      vertex -8.697724446697737 1.0927389364671167 1.3000000000000003
      vertex -7.606111115253193 2.008711280270435 3.2
      vertex -8.79791847198287 1.2020815280171309 1.3000000000000003
    endloop
  endfacet
  facet normal -0.5406573606141529 -0.5900239738039007 0.5996343291960458
    outer loop
      vertex -8.907261063532884 1.3022755533022627 1.3000000000000003
      vertex -8.79791847198287 1.2020815280171309 1.3000000000000003
      vertex -7.790291308792038 2.2097086912079615 3.2
    endloop
  endfacet
  facet normal -0.6349001482867821 -0.48717601845229513 0.5996343291960453
    outer loop
      vertex -8.607441524708713 0.9750799417967783 1.3000000000000003
      vertex -7.4401498615969 1.792426363597019 3.2
      vertex -8.697724446697737 1.0927389364671167 1.3000000000000003
    endloop
  endfacet
  facet normal -0.6349001482867839 -0.48717601845229264 0.5996343291960454
    outer loop
      vertex -8.697724446697737 1.0927389364671167 1.3000000000000003
      vertex -7.4401498615969 1.792426363597019 3.2
      vertex -7.606111115253193 2.008711280270435 3.2
    endloop
  endfacet
  facet normal 0.4871760184522949 -0.6349001482867822 0.5996343291960452
    outer loop
      vertex -11.092738936467116 1.3022755533022627 1.3000000000000003
      vertex -10.975079941796778 1.392558475291286 1.3000000000000003
      vertex -11.792426363597018 2.5598501384030996 3.2
    endloop
  endfacet
  facet normal 0.42998697262508656 -0.6749443492780139 0.5996343291960454
    outer loop
      vertex -10.975079941796778 1.392558475291286 1.3000000000000003
      vertex -10.85 1.4722431864335457 1.3000000000000003
      vertex -11.5625 2.7063293868263707 3.2
    endloop
  endfacet
  facet normal 0.36952546630297156 -0.7098518162286972 0.5996343291960454
    outer loop
      vertex -10.85 1.4722431864335457 1.3000000000000003
      vertex -10.718451044959188 1.5407232379623048 1.3000000000000003
      vertex -11.320682067939686 2.832211834489531 3.2
    endloop
  endfacet
  facet normal 0.3062516480567184 -0.7393568822376326 0.5996343291960453
    outer loop
      vertex -10.718451044959188 1.5407232379623048 1.3000000000000003
      vertex -10.581434243653637 1.5974774553360442 1.3000000000000003
      vertex -11.068812947892715 2.936539439955964 3.2
    endloop
  endfacet
  facet normal 0.2406470698489436 -0.7632349959368518 0.5996343291960454
    outer loop
      vertex -10.581434243653637 1.5974774553360442 1.3000000000000003
      vertex -10.439992376674285 1.6420739046914161 1.3000000000000003
      vertex -10.808809515945377 3.0185182071533387 3.2
    endloop
  endfacet
  facet normal 0.17321102213295048 -0.7813044304630988 0.5996343291960454
    outer loop
      vertex -10.439992376674285 1.6420739046914161 1.3000000000000003
      vertex -10.295201902033781 1.6741731801207536 1.3000000000000003
      vertex -10.542650555209157 3.07752422816315 3.2
    endloop
  endfacet
  facet normal 0.10445673395085112 -0.7934276665090081 0.5996343291960453
    outer loop
      vertex -10.295201902033781 1.6741731801207536 1.3000000000000003
      vertex -10.14816476267102 1.6935309867559674 1.3000000000000003
      vertex -10.272361696086431 3.113108431536705 3.2
    endloop
  endfacet
  facet normal 0.03490746695068322 -0.7995124389280606 0.5996343291960454
    outer loop
      vertex -10.14816476267102 1.6935309867559674 1.3000000000000003
      vertex -10 1.7 1.3000000000000003
      vertex -10 3.125 3.2
    endloop
  endfacet
  facet normal -0.03490746695068322 -0.7995124389280606 0.5996343291960454
    outer loop
      vertex -10 1.7 1.3000000000000003
      vertex -9.85183523732898 1.6935309867559674 1.3000000000000003
      vertex -9.727638303913569 3.113108431536705 3.2
    endloop
  endfacet
  facet normal 0.5406573606141521 -0.5900239738039017 0.5996343291960454
    outer loop
      vertex -11.20208152801713 1.2020815280171309 1.3000000000000003
      vertex -12.008711280270434 2.393888884746807 3.2
      vertex -12.209708691207961 2.2097086912079615 3.2
    endloop
  endfacet
  facet normal 0.48717601845229264 -0.6349001482867839 0.5996343291960454
    outer loop
      vertex -11.092738936467116 1.3022755533022627 1.3000000000000003
      vertex -11.792426363597018 2.5598501384030996 3.2
      vertex -12.008711280270434 2.393888884746807 3.2
    endloop
  endfacet
  facet normal 0.4299869726250886 -0.674944349278013 0.5996343291960451
    outer loop
      vertex -10.975079941796778 1.392558475291286 1.3000000000000003
      vertex -11.5625 2.7063293868263707 3.2
      vertex -11.792426363597018 2.5598501384030996 3.2
    endloop
  endfacet
  facet normal 0.3695254663029719 -0.709851816228697 0.5996343291960453
    outer loop
      vertex -10.85 1.4722431864335457 1.3000000000000003
      vertex -11.320682067939686 2.832211834489531 3.2
      vertex -11.5625 2.7063293868263707 3.2
    endloop
  endfacet
  facet normal 0.30625164805671684 -0.7393568822376333 0.5996343291960453
    outer loop
      vertex -10.718451044959188 1.5407232379623048 1.3000000000000003
      vertex -11.068812947892715 2.936539439955964 3.2
      vertex -11.320682067939686 2.832211834489531 3.2
    endloop
  endfacet
  facet normal 0.24064706984894566 -0.7632349959368513 0.5996343291960453
    outer loop
      vertex -10.581434243653637 1.5974774553360442 1.3000000000000003
      vertex -10.808809515945377 3.0185182071533387 3.2
      vertex -11.068812947892715 2.936539439955964 3.2
    endloop
  endfacet
  facet normal 0.17321102213294964 -0.7813044304630989 0.5996343291960453
    outer loop
      vertex -10.439992376674285 1.6420739046914161 1.3000000000000003
      vertex -10.542650555209157 3.07752422816315 3.2
      vertex -10.808809515945377 3.0185182071533387 3.2
    endloop
  endfacet
  facet normal 0.1044567339508512 -0.7934276665090082 0.5996343291960454
    outer loop
      vertex -10.295201902033781 1.6741731801207536 1.3000000000000003
      vertex -10.272361696086431 3.113108431536705 3.2
      vertex -10.542650555209157 3.07752422816315 3.2
    endloop
  endfacet
  facet normal 0.03490746695068288 -0.7995124389280605 0.5996343291960454
    outer loop
      vertex -10.14816476267102 1.6935309867559674 1.3000000000000003
      vertex -10 3.125 3.2
      vertex -10.272361696086431 3.113108431536705 3.2
    endloop
  endfacet
  facet normal -0.03490746695068288 -0.7995124389280605 0.5996343291960454
    outer loop
      vertex -10 1.7 1.3000000000000003
      vertex -9.727638303913569 3.113108431536705 3.2
      vertex -10 3.125 3.2
    endloop
  endfacet
  facet normal -0.24064706984894366 -0.763234995936852 0.5996343291960453
    outer loop
      vertex -9.560007623325715 1.6420739046914161 1.3000000000000003
      vertex -9.418565756346363 1.5974774553360442 1.3000000000000003
      vertex -8.931187052107285 2.936539439955964 3.2
    endloop
  endfacet
  facet normal -0.3062516480567184 -0.7393568822376326 0.5996343291960455
    outer loop
      vertex -9.418565756346363 1.5974774553360442 1.3000000000000003
      vertex -9.281548955040812 1.5407232379623048 1.3000000000000003
      vertex -8.679317932060314 2.832211834489531 3.2
    endloop
  endfacet
  facet normal -0.36952546630297156 -0.7098518162286972 0.5996343291960454
    outer loop
      vertex -9.281548955040812 1.5407232379623048 1.3000000000000003
      vertex -9.15 1.4722431864335457 1.3000000000000003
      vertex -8.4375 2.7063293868263707 3.2
    endloop
  endfacet
  facet normal -0.10445673395085112 -0.7934276665090081 0.5996343291960453
    outer loop
      vertex -9.704798097966219 1.6741731801207536 1.3000000000000003
      vertex -9.457349444790843 3.07752422816315 3.2
      vertex -9.85183523732898 1.6935309867559674 1.3000000000000003
    endloop
  endfacet
  facet normal -0.17321102213295045 -0.7813044304630987 0.5996343291960453
    outer loop
      vertex -9.704798097966219 1.6741731801207536 1.3000000000000003
      vertex -9.560007623325715 1.6420739046914161 1.3000000000000003
      vertex -9.191190484054623 3.0185182071533387 3.2
    endloop
  endfacet
  facet normal -0.48717601845229475 -0.6349001482867821 0.5996343291960456
    outer loop
      vertex -8.907261063532884 1.3022755533022627 1.3000000000000003
      vertex -7.991288719729565 2.393888884746807 3.2
      vertex -9.024920058203222 1.392558475291286 1.3000000000000003
    endloop
  endfacet
  facet normal -0.42998697262508667 -0.674944349278014 0.5996343291960453
    outer loop
      vertex -9.024920058203222 1.392558475291286 1.3000000000000003
      vertex -8.207573636402982 2.5598501384030996 3.2
      vertex -9.15 1.4722431864335457 1.3000000000000003
    endloop
  endfacet
  facet normal -0.3062516480567163 -0.7393568822376334 0.5996343291960454
    outer loop
      vertex -9.418565756346363 1.5974774553360442 1.3000000000000003
      vertex -8.679317932060314 2.832211834489531 3.2
      vertex -8.931187052107285 2.936539439955964 3.2
    endloop
  endfacet
  facet normal -0.5900239738039018 -0.5406573606141515 0.599634329196046
    outer loop
      vertex -8.79791847198287 1.2020815280171309 1.3000000000000003
      vertex -7.606111115253193 2.008711280270435 3.2
      vertex -7.790291308792038 2.2097086912079615 3.2
    endloop
  endfacet
  facet normal -0.540657360614152 -0.5900239738039016 0.5996343291960456
    outer loop
      vertex -8.907261063532884 1.3022755533022627 1.3000000000000003
      vertex -7.790291308792038 2.2097086912079615 3.2
      vertex -7.991288719729565 2.393888884746807 3.2
    endloop
  endfacet
  facet normal -0.487176018452291 -0.634900148286785 0.5996343291960453
    outer loop
      vertex -9.024920058203222 1.392558475291286 1.3000000000000003
      vertex -7.991288719729565 2.393888884746807 3.2
      vertex -8.207573636402982 2.5598501384030996 3.2
    endloop
  endfacet
  facet normal -0.4299869726250881 -0.674944349278013 0.5996343291960456
    outer loop
      vertex -9.15 1.4722431864335457 1.3000000000000003
      vertex -8.207573636402982 2.5598501384030996 3.2
      vertex -8.4375 2.7063293868263707 3.2
    endloop
  endfacet
  facet normal -0.36952546630297245 -0.7098518162286966 0.5996343291960454
    outer loop
      vertex -9.281548955040812 1.5407232379623048 1.3000000000000003
      vertex -8.4375 2.7063293868263707 3.2
      vertex -8.679317932060314 2.832211834489531 3.2
    endloop
  endfacet
  facet normal -0.1044567339508512 -0.7934276665090082 0.5996343291960454
    outer loop
      vertex -9.85183523732898 1.6935309867559674 1.3000000000000003
      vertex -9.457349444790843 3.07752422816315 3.2
      vertex -9.727638303913569 3.113108431536705 3.2
    endloop
  endfacet
  facet normal -0.17321102213294964 -0.7813044304630989 0.5996343291960453
    outer loop
      vertex -9.704798097966219 1.6741731801207536 1.3000000000000003
      vertex -9.191190484054623 3.0185182071533387 3.2
      vertex -9.457349444790843 3.07752422816315 3.2
    endloop
  endfacet
  facet normal -0.2406470698489457 -0.7632349959368513 0.5996343291960454
    outer loop
      vertex -9.560007623325715 1.6420739046914161 1.3000000000000003
      vertex -8.931187052107285 2.936539439955964 3.2
      vertex -9.191190484054623 3.0185182071533387 3.2
    endloop
  endfacet
  facet normal -0.7995124389280603 -0.03490746695068329 0.5996343291960455
    outer loop
      vertex -8.3 0 1.3000000000000003
      vertex -6.875 0 3.2
      vertex -8.306469013244033 0.14816476267101888 1.3000000000000003
    endloop
  endfacet
  facet normal -0.7934276665090083 -0.10445673395084731 0.5996343291960459
    outer loop
      vertex -8.306469013244033 0.14816476267101888 1.3000000000000003
      vertex -6.8868915684632945 0.27236169608643174 3.2
      vertex -8.325826819879246 0.29520190203378155 1.3000000000000003
    endloop
  endfacet
  facet normal -0.7813044304630995 -0.1732110221329466 0.5996343291960454
    outer loop
      vertex -8.325826819879246 0.29520190203378155 1.3000000000000003
      vertex -6.92247577183685 0.5426505552091573 3.2
      vertex -8.357926095308583 0.43999237667428526 1.3000000000000003
    endloop
  endfacet
  facet normal -0.7995124389280602 -0.034907466950681434 0.5996343291960458
    outer loop
      vertex -8.306469013244033 0.14816476267101888 1.3000000000000003
      vertex -6.875 0 3.2
      vertex -6.8868915684632945 0.27236169608643174 3.2
    endloop
  endfacet
  facet normal -0.7934276665090079 -0.1044567339508526 0.5996343291960454
    outer loop
      vertex -8.325826819879246 0.29520190203378155 1.3000000000000003
      vertex -6.8868915684632945 0.27236169608643174 3.2
      vertex -6.92247577183685 0.5426505552091573 3.2
    endloop
  endfacet
  facet normal -0.7813044304630994 -0.1732110221329485 0.5996343291960454
    outer loop
      vertex -8.357926095308583 0.43999237667428526 1.3000000000000003
      vertex -6.92247577183685 0.5426505552091573 3.2
      vertex -6.981481792846661 0.8088095159453773 3.2
    endloop
  endfacet
  facet normal -0.7632349959368507 -0.240647069848947 0.5996343291960455
    outer loop
      vertex -8.402522544663956 0.5814342436536368 1.3000000000000003
      vertex -6.981481792846661 0.8088095159453773 3.2
      vertex -7.063460560044036 1.0688129478927149 3.2
    endloop
  endfacet
  facet normal -0.7393568822376332 -0.3062516480567159 0.5996343291960456
    outer loop
      vertex -8.459276762037696 0.718451044959189 1.3000000000000003
      vertex -7.063460560044036 1.0688129478927149 3.2
      vertex -7.167788165510469 1.3206820679396858 3.2
    endloop
  endfacet
  facet normal -0.7098518162286962 -0.3695254663029732 0.5996343291960455
    outer loop
      vertex -8.527756813566455 0.85 1.3000000000000003
      vertex -7.167788165510469 1.3206820679396858 3.2
      vertex -7.29367061317363 1.5625 3.2
    endloop
  endfacet
  facet normal -0.6749443492780142 -0.4299869726250865 0.5996343291960453
    outer loop
      vertex -8.607441524708713 0.9750799417967783 1.3000000000000003
      vertex -7.29367061317363 1.5625 3.2
      vertex -7.4401498615969 1.792426363597019 3.2
    endloop
  endfacet
  facet normal 0.6749443492780143 0.4299869726250861 0.5996343291960452
    outer loop
      vertex 7.4401498615969 -1.792426363597019 3.2
      vertex 8.607441524708713 -0.9750799417967783 1.3000000000000003
      vertex 7.29367061317363 -1.5625 3.2
    endloop
  endfacet
  facet normal 0.7098518162286962 0.36952546630297334 0.5996343291960455
    outer loop
      vertex 7.29367061317363 -1.5625 3.2
      vertex 8.527756813566455 -0.85 1.3000000000000003
      vertex 7.167788165510469 -1.3206820679396858 3.2
    endloop
  endfacet
  facet normal 0.7393568822376332 0.3062516480567164 0.5996343291960455
    outer loop
      vertex 7.167788165510469 -1.3206820679396858 3.2
      vertex 8.459276762037696 -0.718451044959189 1.3000000000000003
      vertex 7.063460560044036 -1.0688129478927149 3.2
    endloop
  endfacet
  facet normal 0.7813044304630995 0.17321102213294684 0.5996343291960454
    outer loop
      vertex 6.92247577183685 -0.5426505552091573 3.2
      vertex 8.357926095308583 -0.43999237667428526 1.3000000000000003
      vertex 8.325826819879246 -0.29520190203378155 1.3000000000000003
    endloop
  endfacet
  facet normal 0.7934276665090083 0.10445673395084706 0.5996343291960459
    outer loop
      vertex 6.8868915684632945 -0.27236169608643174 3.2
      vertex 8.325826819879246 -0.29520190203378155 1.3000000000000003
      vertex 8.306469013244033 -0.14816476267101888 1.3000000000000003
    endloop
  endfacet
  facet normal 0.7995124389280603 0.03490746695068329 0.5996343291960455
    outer loop
      vertex 8.306469013244033 -0.14816476267101888 1.3000000000000003
      vertex 8.3 0 1.3000000000000003
      vertex 6.875 0 3.2
    endloop
  endfacet
  facet normal 0.7632349959368508 0.24064706984894657 0.5996343291960455
    outer loop
      vertex 7.063460560044036 -1.0688129478927149 3.2
      vertex 8.402522544663956 -0.5814342436536368 1.3000000000000003
      vertex 6.981481792846661 -0.8088095159453773 3.2
    endloop
  endfacet
  facet normal 0.7813044304630994 0.1732110221329485 0.5996343291960454
    outer loop
      vertex 6.981481792846661 -0.8088095159453773 3.2
      vertex 8.357926095308583 -0.43999237667428526 1.3000000000000003
      vertex 6.92247577183685 -0.5426505552091573 3.2
    endloop
  endfacet
  facet normal 0.7934276665090079 0.1044567339508526 0.5996343291960455
    outer loop
      vertex 6.8868915684632945 -0.27236169608643174 3.2
      vertex 6.92247577183685 -0.5426505552091573 3.2
      vertex 8.325826819879246 -0.29520190203378155 1.3000000000000003
    endloop
  endfacet
  facet normal 0.7995124389280602 0.03490746695068129 0.5996343291960456
    outer loop
      vertex 6.8868915684632945 -0.27236169608643174 3.2
      vertex 8.306469013244033 -0.14816476267101888 1.3000000000000003
      vertex 6.875 0 3.2
    endloop
  endfacet
  facet normal 0.2406470698489457 0.7632349959368513 0.5996343291960454
    outer loop
      vertex 9.560007623325715 -1.6420739046914161 1.3000000000000003
      vertex 8.931187052107285 -2.936539439955964 3.2
      vertex 9.191190484054623 -3.0185182071533387 3.2
    endloop
  endfacet
  facet normal 0.17321102213294964 0.7813044304630989 0.5996343291960453
    outer loop
      vertex 9.704798097966219 -1.6741731801207536 1.3000000000000003
      vertex 9.191190484054623 -3.0185182071533387 3.2
      vertex 9.457349444790843 -3.07752422816315 3.2
    endloop
  endfacet
  facet normal 0.10445673395085188 0.793427666509008 0.5996343291960454
    outer loop
      vertex 9.85183523732898 -1.6935309867559674 1.3000000000000003
      vertex 9.457349444790843 -3.07752422816315 3.2
      vertex 9.727638303913567 -3.113108431536705 3.2
    endloop
  endfacet
  facet normal 0.42998697262508667 0.674944349278014 0.5996343291960453
    outer loop
      vertex 9.15 -1.4722431864335457 1.3000000000000003
      vertex 9.024920058203222 -1.392558475291286 1.3000000000000003
      vertex 8.207573636402982 -2.5598501384030996 3.2
    endloop
  endfacet
  facet normal 0.4871760184522947 0.634900148286782 0.5996343291960456
    outer loop
      vertex 9.024920058203222 -1.392558475291286 1.3000000000000003
      vertex 8.907261063532884 -1.3022755533022627 1.3000000000000003
      vertex 7.991288719729565 -2.393888884746807 3.2
    endloop
  endfacet
  facet normal 0.17321102213295045 0.7813044304630987 0.5996343291960454
    outer loop
      vertex 9.560007623325715 -1.6420739046914161 1.3000000000000003
      vertex 9.191190484054623 -3.0185182071533387 3.2
      vertex 9.704798097966219 -1.6741731801207536 1.3000000000000003
    endloop
  endfacet
  facet normal 0.10445673395085112 0.7934276665090081 0.5996343291960453
    outer loop
      vertex 9.85183523732898 -1.6935309867559674 1.3000000000000003
      vertex 9.704798097966219 -1.6741731801207536 1.3000000000000003
      vertex 9.457349444790843 -3.07752422816315 3.2
    endloop
  endfacet
  facet normal 0.36952546630297156 0.7098518162286972 0.5996343291960454
    outer loop
      vertex 9.15 -1.4722431864335457 1.3000000000000003
      vertex 8.4375 -2.7063293868263707 3.2
      vertex 9.281548955040812 -1.5407232379623048 1.3000000000000003
    endloop
  endfacet
  facet normal 0.30625164805671834 0.7393568822376325 0.5996343291960456
    outer loop
      vertex 9.281548955040812 -1.5407232379623048 1.3000000000000003
      vertex 8.679317932060314 -2.8322118344895313 3.2
      vertex 9.418565756346363 -1.5974774553360442 1.3000000000000003
    endloop
  endfacet
  facet normal 0.24064706984894366 0.763234995936852 0.5996343291960454
    outer loop
      vertex 9.418565756346363 -1.5974774553360442 1.3000000000000003
      vertex 8.931187052107285 -2.936539439955964 3.2
      vertex 9.560007623325715 -1.6420739046914161 1.3000000000000003
    endloop
  endfacet
  facet normal 0.3695254663029736 0.7098518162286961 0.5996343291960454
    outer loop
      vertex 9.281548955040812 -1.5407232379623048 1.3000000000000003
      vertex 8.4375 -2.7063293868263707 3.2
      vertex 8.679317932060314 -2.8322118344895313 3.2
    endloop
  endfacet
  facet normal 0.4299869726250881 0.674944349278013 0.5996343291960456
    outer loop
      vertex 9.15 -1.4722431864335457 1.3000000000000003
      vertex 8.207573636402982 -2.5598501384030996 3.2
      vertex 8.4375 -2.7063293868263707 3.2
    endloop
  endfacet
  facet normal 0.487176018452291 0.634900148286785 0.5996343291960453
    outer loop
      vertex 9.024920058203222 -1.392558475291286 1.3000000000000003
      vertex 7.991288719729565 -2.393888884746807 3.2
      vertex 8.207573636402982 -2.5598501384030996 3.2
    endloop
  endfacet
  facet normal 0.5406573606141518 0.5900239738039017 0.5996343291960456
    outer loop
      vertex 7.790291308792038 -2.2097086912079615 3.2
      vertex 7.991288719729565 -2.393888884746807 3.2
      vertex 8.907261063532884 -1.3022755533022627 1.3000000000000003
    endloop
  endfacet
  facet normal 0.5900239738039017 0.5406573606141517 0.5996343291960456
    outer loop
      vertex 7.790291308792038 -2.2097086912079615 3.2
      vertex 8.79791847198287 -1.2020815280171309 1.3000000000000003
      vertex 7.606111115253193 -2.008711280270435 3.2
    endloop
  endfacet
  facet normal 0.3062516480567151 0.739356882237634 0.5996343291960455
    outer loop
      vertex 9.418565756346363 -1.5974774553360442 1.3000000000000003
      vertex 8.679317932060314 -2.8322118344895313 3.2
      vertex 8.931187052107285 -2.936539439955964 3.2
    endloop
  endfacet
  facet normal 0.03490746695068265 0.7995124389280606 0.5996343291960454
    outer loop
      vertex 10 -1.7 1.3000000000000003
      vertex 9.727638303913567 -3.113108431536705 3.2
      vertex 10 -3.125 3.2
    endloop
  endfacet
  facet normal -0.03490746695068288 0.7995124389280605 0.5996343291960454
    outer loop
      vertex 10.14816476267102 -1.6935309867559674 1.3000000000000003
      vertex 10 -3.125 3.2
      vertex 10.272361696086431 -3.113108431536705 3.2
    endloop
  endfacet
  facet normal -0.1044567339508512 0.7934276665090082 0.5996343291960454
    outer loop
      vertex 10.295201902033781 -1.6741731801207536 1.3000000000000003
      vertex 10.272361696086431 -3.113108431536705 3.2
      vertex 10.542650555209157 -3.07752422816315 3.2
    endloop
  endfacet
  facet normal -0.17321102213294964 0.7813044304630989 0.5996343291960453
    outer loop
      vertex 10.439992376674285 -1.6420739046914161 1.3000000000000003
      vertex 10.542650555209157 -3.07752422816315 3.2
      vertex 10.808809515945377 -3.0185182071533387 3.2
    endloop
  endfacet
  facet normal -0.24064706984894566 0.7632349959368513 0.5996343291960453
    outer loop
      vertex 10.581434243653637 -1.5974774553360442 1.3000000000000003
      vertex 10.808809515945377 -3.0185182071533387 3.2
      vertex 11.068812947892715 -2.936539439955964 3.2
    endloop
  endfacet
  facet normal 0.03490746695068321 0.7995124389280603 0.5996343291960454
    outer loop
      vertex 9.85183523732898 -1.6935309867559674 1.3000000000000003
      vertex 9.727638303913567 -3.113108431536705 3.2
      vertex 10 -1.7 1.3000000000000003
    endloop
  endfacet
  facet normal -0.03490746695068322 0.7995124389280606 0.5996343291960454
    outer loop
      vertex 10 -1.7 1.3000000000000003
      vertex 10 -3.125 3.2
      vertex 10.14816476267102 -1.6935309867559674 1.3000000000000003
    endloop
  endfacet
  facet normal -0.10445673395085112 0.7934276665090081 0.5996343291960453
    outer loop
      vertex 10.14816476267102 -1.6935309867559674 1.3000000000000003
      vertex 10.272361696086431 -3.113108431536705 3.2
      vertex 10.295201902033781 -1.6741731801207536 1.3000000000000003
    endloop
  endfacet
  facet normal -0.17321102213295048 0.7813044304630988 0.5996343291960454
    outer loop
      vertex 10.295201902033781 -1.6741731801207536 1.3000000000000003
      vertex 10.542650555209157 -3.07752422816315 3.2
      vertex 10.439992376674285 -1.6420739046914161 1.3000000000000003
    endloop
  endfacet
  facet normal -0.24064706984894357 0.7632349959368517 0.5996343291960454
    outer loop
      vertex 10.439992376674285 -1.6420739046914161 1.3000000000000003
      vertex 10.808809515945377 -3.0185182071533387 3.2
      vertex 10.581434243653637 -1.5974774553360442 1.3000000000000003
    endloop
  endfacet
  facet normal -0.3062516480567184 0.7393568822376326 0.5996343291960453
    outer loop
      vertex 10.581434243653637 -1.5974774553360442 1.3000000000000003
      vertex 11.068812947892715 -2.936539439955964 3.2
      vertex 10.718451044959188 -1.5407232379623048 1.3000000000000003
    endloop
  endfacet
  facet normal -0.36952546630297156 0.7098518162286972 0.5996343291960454
    outer loop
      vertex 10.718451044959188 -1.5407232379623048 1.3000000000000003
      vertex 11.320682067939686 -2.832211834489531 3.2
      vertex 10.85 -1.4722431864335457 1.3000000000000003
    endloop
  endfacet
  facet normal -0.42998697262508656 0.6749443492780139 0.5996343291960454
    outer loop
      vertex 10.85 -1.4722431864335457 1.3000000000000003
      vertex 11.5625 -2.7063293868263707 3.2
      vertex 10.975079941796778 -1.392558475291286 1.3000000000000003
    endloop
  endfacet
  facet normal -0.4871760184522949 0.6349001482867822 0.5996343291960452
    outer loop
      vertex 10.975079941796778 -1.392558475291286 1.3000000000000003
      vertex 11.792426363597018 -2.5598501384030996 3.2
      vertex 11.092738936467116 -1.3022755533022627 1.3000000000000003
    endloop
  endfacet
  facet normal -0.30625164805671684 0.7393568822376333 0.5996343291960453
    outer loop
      vertex 10.718451044959188 -1.5407232379623048 1.3000000000000003
      vertex 11.068812947892715 -2.936539439955964 3.2
      vertex 11.320682067939686 -2.832211834489531 3.2
    endloop
  endfacet
  facet normal -0.3695254663029719 0.709851816228697 0.5996343291960453
    outer loop
      vertex 10.85 -1.4722431864335457 1.3000000000000003
      vertex 11.320682067939686 -2.832211834489531 3.2
      vertex 11.5625 -2.7063293868263707 3.2
    endloop
  endfacet
  facet normal -0.4299869726250886 0.674944349278013 0.5996343291960451
    outer loop
      vertex 10.975079941796778 -1.392558475291286 1.3000000000000003
      vertex 11.5625 -2.7063293868263707 3.2
      vertex 11.792426363597018 -2.5598501384030996 3.2
    endloop
  endfacet
  facet normal -0.48717601845229264 0.6349001482867839 0.5996343291960454
    outer loop
      vertex 11.092738936467116 -1.3022755533022627 1.3000000000000003
      vertex 11.792426363597018 -2.5598501384030996 3.2
      vertex 12.008711280270434 -2.393888884746807 3.2
    endloop
  endfacet
  facet normal -0.5406573606141521 0.5900239738039017 0.5996343291960454
    outer loop
      vertex 11.20208152801713 -1.2020815280171309 1.3000000000000003
      vertex 12.008711280270434 -2.393888884746807 3.2
      vertex 12.209708691207961 -2.2097086912079615 3.2
    endloop
  endfacet
  facet normal 0.6349001482867818 0.4871760184522957 0.5996343291960453
    outer loop
      vertex 7.4401498615969 -1.792426363597019 3.2
      vertex 8.697724446697737 -1.0927389364671167 1.3000000000000003
      vertex 8.607441524708713 -0.9750799417967783 1.3000000000000003
    endloop
  endfacet
  facet normal 0.540657360614153 0.5900239738039001 0.599634329196046
    outer loop
      vertex 7.790291308792038 -2.2097086912079615 3.2
      vertex 8.907261063532884 -1.3022755533022627 1.3000000000000003
      vertex 8.79791847198287 -1.2020815280171309 1.3000000000000003
    endloop
  endfacet
  facet normal 0.5900239738038998 0.540657360614154 0.5996343291960455
    outer loop
      vertex 7.606111115253193 -2.008711280270435 3.2
      vertex 8.79791847198287 -1.2020815280171309 1.3000000000000003
      vertex 8.697724446697737 -1.0927389364671167 1.3000000000000003
    endloop
  endfacet
  facet normal 0.6749443492780166 0.42998697262508245 0.5996343291960455
    outer loop
      vertex 7.29367061317363 -1.5625 3.2
      vertex 8.607441524708713 -0.9750799417967783 1.3000000000000003
      vertex 8.527756813566455 -0.85 1.3000000000000003
    endloop
  endfacet
  facet normal 0.7098518162286968 0.3695254663029718 0.5996343291960456
    outer loop
      vertex 7.167788165510469 -1.3206820679396858 3.2
      vertex 8.527756813566455 -0.85 1.3000000000000003
      vertex 8.459276762037696 -0.718451044959189 1.3000000000000003
    endloop
  endfacet
  facet normal 0.6349001482867839 0.4871760184522925 0.5996343291960455
    outer loop
      vertex 7.606111115253193 -2.008711280270435 3.2
      vertex 8.697724446697737 -1.0927389364671167 1.3000000000000003
      vertex 7.4401498615969 -1.792426363597019 3.2
    endloop
  endfacet
  facet normal 0.7393568822376323 0.30625164805671895 0.5996343291960454
    outer loop
      vertex 7.063460560044036 -1.0688129478927149 3.2
      vertex 8.459276762037696 -0.718451044959189 1.3000000000000003
      vertex 8.402522544663956 -0.5814342436536368 1.3000000000000003
    endloop
  endfacet
  facet normal 0.76323499593685 0.24064706984895 0.5996343291960453
    outer loop
      vertex 6.981481792846661 -0.8088095159453773 3.2
      vertex 8.402522544663956 -0.5814342436536368 1.3000000000000003
      vertex 8.357926095308583 -0.43999237667428526 1.3000000000000003
    endloop
  endfacet
  facet normal -0.540657360614153 0.5900239738039009 0.5996343291960454
    outer loop
      vertex 11.092738936467116 -1.3022755533022627 1.3000000000000003
      vertex 12.008711280270434 -2.393888884746807 3.2
      vertex 11.20208152801713 -1.2020815280171309 1.3000000000000003
    endloop
  endfacet
  facet normal -0.5900239738038995 0.5406573606141541 0.5996343291960455
    outer loop
      vertex 11.20208152801713 -1.2020815280171309 1.3000000000000003
      vertex 12.209708691207961 -2.2097086912079615 3.2
      vertex 11.302275553302263 -1.0927389364671167 1.3000000000000003
    endloop
  endfacet
  facet normal -0.6349001482867818 0.48717601845229486 0.5996343291960458
    outer loop
      vertex 11.302275553302263 -1.0927389364671167 1.3000000000000003
      vertex 12.393888884746808 -2.008711280270435 3.2
      vertex 11.392558475291287 -0.9750799417967783 1.3000000000000003
    endloop
  endfacet
  facet normal -0.6749443492780166 0.4299869726250827 0.5996343291960452
    outer loop
      vertex 11.392558475291287 -0.9750799417967783 1.3000000000000003
      vertex 12.5598501384031 -1.792426363597019 3.2
      vertex 11.472243186433545 -0.85 1.3000000000000003
    endloop
  endfacet
  facet normal -0.5900239738038994 0.5406573606141547 0.5996343291960453
    outer loop
      vertex 11.302275553302263 -1.0927389364671167 1.3000000000000003
      vertex 12.209708691207961 -2.2097086912079615 3.2
      vertex 12.393888884746808 -2.008711280270435 3.2
    endloop
  endfacet
  facet normal -0.7098518162286968 0.3695254663029722 0.5996343291960455
    outer loop
      vertex 11.472243186433545 -0.85 1.3000000000000003
      vertex 12.70632938682637 -1.5625 3.2
      vertex 11.540723237962304 -0.718451044959189 1.3000000000000003
    endloop
  endfacet
  facet normal -0.7393568822376323 0.30625164805671884 0.5996343291960456
    outer loop
      vertex 11.540723237962304 -0.718451044959189 1.3000000000000003
      vertex 12.83221183448953 -1.3206820679396858 3.2
      vertex 11.597477455336044 -0.5814342436536368 1.3000000000000003
    endloop
  endfacet
  facet normal -0.6349001482867852 0.48717601845229086 0.5996343291960453
    outer loop
      vertex 11.392558475291287 -0.9750799417967783 1.3000000000000003
      vertex 12.393888884746808 -2.008711280270435 3.2
      vertex 12.5598501384031 -1.792426363597019 3.2
    endloop
  endfacet
  facet normal -0.674944349278014 0.4299869726250864 0.5996343291960454
    outer loop
      vertex 11.472243186433545 -0.85 1.3000000000000003
      vertex 12.5598501384031 -1.792426363597019 3.2
      vertex 12.70632938682637 -1.5625 3.2
    endloop
  endfacet
  facet normal -0.7098518162286959 0.36952546630297384 0.5996343291960454
    outer loop
      vertex 11.540723237962304 -0.718451044959189 1.3000000000000003
      vertex 12.70632938682637 -1.5625 3.2
      vertex 12.83221183448953 -1.3206820679396858 3.2
    endloop
  endfacet
  facet normal -0.7393568822376325 0.3062516480567183 0.5996343291960458
    outer loop
      vertex 11.597477455336044 -0.5814342436536368 1.3000000000000003
      vertex 12.83221183448953 -1.3206820679396858 3.2
      vertex 12.936539439955965 -1.0688129478927149 3.2
    endloop
  endfacet
  facet normal -0.7632349959368496 0.2406470698489496 0.5996343291960458
    outer loop
      vertex 11.597477455336044 -0.5814342436536368 1.3000000000000003
      vertex 12.936539439955965 -1.0688129478927149 3.2
      vertex 11.642073904691417 -0.43999237667428526 1.3000000000000003
    endloop
  endfacet
  facet normal -0.7813044304630999 0.17321102213294667 0.599634329196045
    outer loop
      vertex 11.642073904691417 -0.43999237667428526 1.3000000000000003
      vertex 13.018518207153338 -0.8088095159453773 3.2
      vertex 11.674173180120754 -0.29520190203378155 1.3000000000000003
    endloop
  endfacet
  facet normal -0.7934276665090088 0.10445673395084738 0.5996343291960451
    outer loop
      vertex 11.674173180120754 -0.29520190203378155 1.3000000000000003
      vertex 13.07752422816315 -0.5426505552091573 3.2
      vertex 11.693530986755967 -0.14816476267101888 1.3000000000000003
    endloop
  endfacet
  facet normal -0.7995124389280601 0.03490746695068328 0.5996343291960458
    outer loop
      vertex 11.693530986755967 -0.14816476267101888 1.3000000000000003
      vertex 13.113108431536705 -0.27236169608643174 3.2
      vertex 11.7 0 1.3000000000000003
    endloop
  endfacet
  facet normal -0.7632349959368525 0.240647069848942 0.5996343291960451
    outer loop
      vertex 11.642073904691417 -0.43999237667428526 1.3000000000000003
      vertex 12.936539439955965 -1.0688129478927149 3.2
      vertex 13.018518207153338 -0.8088095159453773 3.2
    endloop
  endfacet
  facet normal -0.7813044304630993 0.17321102213294853 0.5996343291960452
    outer loop
      vertex 11.674173180120754 -0.29520190203378155 1.3000000000000003
      vertex 13.018518207153338 -0.8088095159453773 3.2
      vertex 13.07752422816315 -0.5426505552091573 3.2
    endloop
  endfacet
  facet normal -0.7934276665090073 0.10445673395085524 0.5996343291960456
    outer loop
      vertex 11.693530986755967 -0.14816476267101888 1.3000000000000003
      vertex 13.07752422816315 -0.5426505552091573 3.2
      vertex 13.113108431536705 -0.27236169608643174 3.2
    endloop
  endfacet
  facet normal -0.7995124389280603 0.034907466950681296 0.5996343291960455
    outer loop
      vertex 13.113108431536705 -0.27236169608643174 3.2
      vertex 13.125 0 3.2
      vertex 11.7 0 1.3000000000000003
    endloop
  endfacet
  facet normal 0.7995124389280602 -0.03490746695068327 0.5996343291960456
    outer loop
      vertex 6.8868915684632945 0.27236169608643174 3.2
      vertex 8.3 0 1.3000000000000003
      vertex 8.306469013244033 0.14816476267101888 1.3000000000000003
    endloop
  endfacet
  facet normal 0.7934276665090086 -0.10445673395084706 0.5996343291960454
    outer loop
      vertex 6.92247577183685 0.5426505552091573 3.2
      vertex 8.306469013244033 0.14816476267101888 1.3000000000000003
      vertex 8.325826819879246 0.29520190203378155 1.3000000000000003
    endloop
  endfacet
  facet normal 0.7995124389280603 -0.034907466950681296 0.5996343291960455
    outer loop
      vertex 6.875 0 3.2
      vertex 8.3 0 1.3000000000000003
      vertex 6.8868915684632945 0.27236169608643174 3.2
    endloop
  endfacet
  facet normal 0.7934276665090076 -0.10445673395085257 0.5996343291960456
    outer loop
      vertex 6.8868915684632945 0.27236169608643174 3.2
      vertex 8.306469013244033 0.14816476267101888 1.3000000000000003
      vertex 6.92247577183685 0.5426505552091573 3.2
    endloop
  endfacet
  facet normal 0.7813044304630993 -0.17321102213294848 0.5996343291960454
    outer loop
      vertex 6.92247577183685 0.5426505552091573 3.2
      vertex 8.325826819879246 0.29520190203378155 1.3000000000000003
      vertex 6.981481792846661 0.8088095159453773 3.2
    endloop
  endfacet
  facet normal 0.763234995936851 -0.2406470698489466 0.5996343291960454
    outer loop
      vertex 6.981481792846661 0.8088095159453773 3.2
      vertex 8.357926095308583 0.43999237667428526 1.3000000000000003
      vertex 7.063460560044036 1.0688129478927149 3.2
    endloop
  endfacet
  facet normal 0.7393568822376333 -0.30625164805671645 0.5996343291960455
    outer loop
      vertex 7.063460560044036 1.0688129478927149 3.2
      vertex 8.402522544663956 0.5814342436536368 1.3000000000000003
      vertex 7.167788165510469 1.3206820679396858 3.2
    endloop
  endfacet
  facet normal 0.7098518162286962 -0.36952546630297334 0.5996343291960455
    outer loop
      vertex 7.167788165510469 1.3206820679396858 3.2
      vertex 8.459276762037696 0.718451044959189 1.3000000000000003
      vertex 7.29367061317363 1.5625 3.2
    endloop
  endfacet
  facet normal 0.6749443492780142 -0.42998697262508606 0.5996343291960454
    outer loop
      vertex 7.29367061317363 1.5625 3.2
      vertex 8.527756813566455 0.85 1.3000000000000003
      vertex 7.4401498615969 1.792426363597019 3.2
    endloop
  endfacet
  facet normal 0.7813044304630997 -0.17321102213294695 0.5996343291960453
    outer loop
      vertex 6.981481792846661 0.8088095159453773 3.2
      vertex 8.325826819879246 0.29520190203378155 1.3000000000000003
      vertex 8.357926095308583 0.43999237667428526 1.3000000000000003
    endloop
  endfacet
  facet normal 0.7632349959368502 -0.24064706984894868 0.5996343291960456
    outer loop
      vertex 7.063460560044036 1.0688129478927149 3.2
      vertex 8.357926095308583 0.43999237667428526 1.3000000000000003
      vertex 8.402522544663956 0.5814342436536368 1.3000000000000003
    endloop
  endfacet
  facet normal 0.7393568822376323 -0.3062516480567188 0.5996343291960456
    outer loop
      vertex 7.167788165510469 1.3206820679396858 3.2
      vertex 8.402522544663956 0.5814342436536368 1.3000000000000003
      vertex 8.459276762037696 0.718451044959189 1.3000000000000003
    endloop
  endfacet
  facet normal 0.7098518162286964 -0.369525466302973 0.5996343291960453
    outer loop
      vertex 7.29367061317363 1.5625 3.2
      vertex 8.459276762037696 0.718451044959189 1.3000000000000003
      vertex 8.527756813566455 0.85 1.3000000000000003
    endloop
  endfacet
  facet normal 0.6749443492780168 -0.4299869726250826 0.5996343291960451
    outer loop
      vertex 7.4401498615969 1.792426363597019 3.2
      vertex 8.527756813566455 0.85 1.3000000000000003
      vertex 8.607441524708713 0.9750799417967783 1.3000000000000003
    endloop
  endfacet
  facet normal 0.6349001482867819 -0.48717601845229513 0.5996343291960454
    outer loop
      vertex 7.606111115253193 2.008711280270435 3.2
      vertex 8.607441524708713 0.9750799417967783 1.3000000000000003
      vertex 8.697724446697737 1.0927389364671167 1.3000000000000003
    endloop
  endfacet
  facet normal 0.5900239738038997 -0.540657360614154 0.5996343291960458
    outer loop
      vertex 7.790291308792038 2.2097086912079615 3.2
      vertex 8.697724446697737 1.0927389364671167 1.3000000000000003
      vertex 8.79791847198287 1.2020815280171309 1.3000000000000003
    endloop
  endfacet
  facet normal 0.5406573606141529 -0.5900239738039007 0.5996343291960456
    outer loop
      vertex 8.79791847198287 1.2020815280171309 1.3000000000000003
      vertex 8.907261063532884 1.3022755533022627 1.3000000000000003
      vertex 7.991288719729565 2.393888884746807 3.2
    endloop
  endfacet
  facet normal 0.6349001482867839 -0.4871760184522925 0.5996343291960453
    outer loop
      vertex 7.4401498615969 1.792426363597019 3.2
      vertex 8.607441524708713 0.9750799417967783 1.3000000000000003
      vertex 7.606111115253193 2.008711280270435 3.2
    endloop
  endfacet
  facet normal -0.6349001482867821 -0.48717601845229513 0.5996343291960453
    outer loop
      vertex 11.302275553302263 1.0927389364671167 1.3000000000000003
      vertex 11.392558475291287 0.9750799417967783 1.3000000000000003
      vertex 12.5598501384031 1.792426363597019 3.2
    endloop
  endfacet
  facet normal -0.5900239738038995 -0.5406573606141541 0.5996343291960456
    outer loop
      vertex 11.302275553302263 1.0927389364671167 1.3000000000000003
      vertex 12.393888884746808 2.008711280270435 3.2
      vertex 11.20208152801713 1.2020815280171309 1.3000000000000003
    endloop
  endfacet
  facet normal -0.540657360614153 -0.5900239738039008 0.5996343291960456
    outer loop
      vertex 11.20208152801713 1.2020815280171309 1.3000000000000003
      vertex 12.209708691207961 2.2097086912079615 3.2
      vertex 11.092738936467116 1.3022755533022627 1.3000000000000003
    endloop
  endfacet
  facet normal 0.4871760184522949 -0.6349001482867822 0.5996343291960452
    outer loop
      vertex 8.907261063532884 1.3022755533022627 1.3000000000000003
      vertex 9.024920058203222 1.392558475291286 1.3000000000000003
      vertex 8.207573636402982 2.5598501384030996 3.2
    endloop
  endfacet
  facet normal 0.42998697262508656 -0.6749443492780139 0.5996343291960454
    outer loop
      vertex 9.024920058203222 1.392558475291286 1.3000000000000003
      vertex 9.15 1.4722431864335457 1.3000000000000003
      vertex 8.4375 2.7063293868263707 3.2
    endloop
  endfacet
  facet normal 0.36952546630297156 -0.7098518162286972 0.5996343291960454
    outer loop
      vertex 9.15 1.4722431864335457 1.3000000000000003
      vertex 9.281548955040812 1.5407232379623048 1.3000000000000003
      vertex 8.679317932060314 2.832211834489531 3.2
    endloop
  endfacet
  facet normal 0.3062516480567184 -0.7393568822376326 0.5996343291960453
    outer loop
      vertex 9.281548955040812 1.5407232379623048 1.3000000000000003
      vertex 9.418565756346363 1.5974774553360442 1.3000000000000003
      vertex 8.931187052107285 2.936539439955964 3.2
    endloop
  endfacet
  facet normal 0.2406470698489436 -0.7632349959368518 0.5996343291960454
    outer loop
      vertex 9.418565756346363 1.5974774553360442 1.3000000000000003
      vertex 9.560007623325715 1.6420739046914161 1.3000000000000003
      vertex 9.191190484054623 3.0185182071533387 3.2
    endloop
  endfacet
  facet normal 0.17321102213295048 -0.7813044304630988 0.5996343291960454
    outer loop
      vertex 9.560007623325715 1.6420739046914161 1.3000000000000003
      vertex 9.704798097966219 1.6741731801207536 1.3000000000000003
      vertex 9.457349444790843 3.07752422816315 3.2
    endloop
  endfacet
  facet normal 0.10445673395085112 -0.7934276665090081 0.5996343291960453
    outer loop
      vertex 9.704798097966219 1.6741731801207536 1.3000000000000003
      vertex 9.85183523732898 1.6935309867559674 1.3000000000000003
      vertex 9.727638303913569 3.113108431536705 3.2
    endloop
  endfacet
  facet normal 0.5900239738039018 -0.5406573606141519 0.5996343291960456
    outer loop
      vertex 7.606111115253193 2.008711280270435 3.2
      vertex 8.697724446697737 1.0927389364671167 1.3000000000000003
      vertex 7.790291308792038 2.2097086912079615 3.2
    endloop
  endfacet
  facet normal 0.5406573606141518 -0.5900239738039017 0.5996343291960456
    outer loop
      vertex 7.790291308792038 2.2097086912079615 3.2
      vertex 8.79791847198287 1.2020815280171309 1.3000000000000003
      vertex 7.991288719729565 2.393888884746807 3.2
    endloop
  endfacet
  facet normal 0.4871760184522913 -0.6349001482867849 0.5996343291960455
    outer loop
      vertex 8.907261063532884 1.3022755533022627 1.3000000000000003
      vertex 8.207573636402982 2.5598501384030996 3.2
      vertex 7.991288719729565 2.393888884746807 3.2
    endloop
  endfacet
  facet normal 0.4299869726250886 -0.674944349278013 0.5996343291960451
    outer loop
      vertex 9.024920058203222 1.392558475291286 1.3000000000000003
      vertex 8.4375 2.7063293868263707 3.2
      vertex 8.207573636402982 2.5598501384030996 3.2
    endloop
  endfacet
  facet normal 0.3695254663029719 -0.709851816228697 0.5996343291960453
    outer loop
      vertex 9.15 1.4722431864335457 1.3000000000000003
      vertex 8.679317932060314 2.832211834489531 3.2
      vertex 8.4375 2.7063293868263707 3.2
    endloop
  endfacet
  facet normal 0.30625164805671684 -0.7393568822376333 0.5996343291960453
    outer loop
      vertex 9.281548955040812 1.5407232379623048 1.3000000000000003
      vertex 8.931187052107285 2.936539439955964 3.2
      vertex 8.679317932060314 2.832211834489531 3.2
    endloop
  endfacet
  facet normal 0.24064706984894566 -0.7632349959368513 0.5996343291960453
    outer loop
      vertex 9.418565756346363 1.5974774553360442 1.3000000000000003
      vertex 9.191190484054623 3.0185182071533387 3.2
      vertex 8.931187052107285 2.936539439955964 3.2
    endloop
  endfacet
  facet normal 0.17321102213294964 -0.7813044304630989 0.5996343291960453
    outer loop
      vertex 9.560007623325715 1.6420739046914161 1.3000000000000003
      vertex 9.457349444790843 3.07752422816315 3.2
      vertex 9.191190484054623 3.0185182071533387 3.2
    endloop
  endfacet
  facet normal 0.1044567339508512 -0.7934276665090082 0.5996343291960454
    outer loop
      vertex 9.704798097966219 1.6741731801207536 1.3000000000000003
      vertex 9.727638303913569 3.113108431536705 3.2
      vertex 9.457349444790843 3.07752422816315 3.2
    endloop
  endfacet
  facet normal -0.24064706984894366 -0.763234995936852 0.5996343291960453
    outer loop
      vertex 10.439992376674285 1.6420739046914161 1.3000000000000003
      vertex 10.581434243653637 1.5974774553360442 1.3000000000000003
      vertex 11.068812947892715 2.936539439955964 3.2
    endloop
  endfacet
  facet normal 0.03490746695068322 -0.7995124389280606 0.5996343291960454
    outer loop
      vertex 9.85183523732898 1.6935309867559674 1.3000000000000003
      vertex 10 1.7 1.3000000000000003
      vertex 10 3.125 3.2
    endloop
  endfacet
  facet normal -0.03490746695068322 -0.7995124389280606 0.5996343291960454
    outer loop
      vertex 10 1.7 1.3000000000000003
      vertex 10.14816476267102 1.6935309867559674 1.3000000000000003
      vertex 10.272361696086431 3.113108431536705 3.2
    endloop
  endfacet
  facet normal -0.10445673395085112 -0.7934276665090081 0.5996343291960453
    outer loop
      vertex 10.295201902033781 1.6741731801207536 1.3000000000000003
      vertex 10.542650555209157 3.07752422816315 3.2
      vertex 10.14816476267102 1.6935309867559674 1.3000000000000003
    endloop
  endfacet
  facet normal -0.17321102213295045 -0.7813044304630987 0.5996343291960453
    outer loop
      vertex 10.295201902033781 1.6741731801207536 1.3000000000000003
      vertex 10.439992376674285 1.6420739046914161 1.3000000000000003
      vertex 10.808809515945377 3.0185182071533387 3.2
    endloop
  endfacet
  facet normal -0.42998697262508667 -0.674944349278014 0.5996343291960453
    outer loop
      vertex 10.975079941796778 1.392558475291286 1.3000000000000003
      vertex 11.792426363597018 2.5598501384030996 3.2
      vertex 10.85 1.4722431864335457 1.3000000000000003
    endloop
  endfacet
  facet normal -0.36952546630297156 -0.7098518162286972 0.5996343291960454
    outer loop
      vertex 10.718451044959188 1.5407232379623048 1.3000000000000003
      vertex 10.85 1.4722431864335457 1.3000000000000003
      vertex 11.5625 2.7063293868263707 3.2
    endloop
  endfacet
  facet normal -0.3062516480567184 -0.7393568822376326 0.5996343291960455
    outer loop
      vertex 10.581434243653637 1.5974774553360442 1.3000000000000003
      vertex 10.718451044959188 1.5407232379623048 1.3000000000000003
      vertex 11.320682067939686 2.832211834489531 3.2
    endloop
  endfacet
  facet normal -0.48717601845229475 -0.6349001482867821 0.5996343291960454
    outer loop
      vertex 10.975079941796778 1.392558475291286 1.3000000000000003
      vertex 11.092738936467116 1.3022755533022627 1.3000000000000003
      vertex 12.008711280270434 2.393888884746807 3.2
    endloop
  endfacet
  facet normal -0.5406573606141518 -0.590023973803902 0.5996343291960453
    outer loop
      vertex 11.092738936467116 1.3022755533022627 1.3000000000000003
      vertex 12.209708691207961 2.2097086912079615 3.2
      vertex 12.008711280270434 2.393888884746807 3.2
    endloop
  endfacet
  facet normal -0.3062516480567163 -0.7393568822376334 0.5996343291960454
    outer loop
      vertex 10.581434243653637 1.5974774553360442 1.3000000000000003
      vertex 11.320682067939686 2.832211834489531 3.2
      vertex 11.068812947892715 2.936539439955964 3.2
    endloop
  endfacet
  facet normal -0.36952546630297245 -0.7098518162286966 0.5996343291960454
    outer loop
      vertex 10.718451044959188 1.5407232379623048 1.3000000000000003
      vertex 11.5625 2.7063293868263707 3.2
      vertex 11.320682067939686 2.832211834489531 3.2
    endloop
  endfacet
  facet normal -0.4299869726250881 -0.674944349278013 0.5996343291960456
    outer loop
      vertex 10.85 1.4722431864335457 1.3000000000000003
      vertex 11.792426363597018 2.5598501384030996 3.2
      vertex 11.5625 2.7063293868263707 3.2
    endloop
  endfacet
  facet normal -0.4871760184522924 -0.6349001482867841 0.5996343291960453
    outer loop
      vertex 10.975079941796778 1.392558475291286 1.3000000000000003
      vertex 12.008711280270434 2.393888884746807 3.2
      vertex 11.792426363597018 2.5598501384030996 3.2
    endloop
  endfacet
  facet normal 0.03490746695068288 -0.7995124389280605 0.5996343291960454
    outer loop
      vertex 9.85183523732898 1.6935309867559674 1.3000000000000003
      vertex 10 3.125 3.2
      vertex 9.727638303913569 3.113108431536705 3.2
    endloop
  endfacet
  facet normal -0.03490746695068288 -0.7995124389280605 0.5996343291960454
    outer loop
      vertex 10 1.7 1.3000000000000003
      vertex 10.272361696086431 3.113108431536705 3.2
      vertex 10 3.125 3.2
    endloop
  endfacet
  facet normal -0.1044567339508512 -0.7934276665090082 0.5996343291960454
    outer loop
      vertex 10.14816476267102 1.6935309867559674 1.3000000000000003
      vertex 10.542650555209157 3.07752422816315 3.2
      vertex 10.272361696086431 3.113108431536705 3.2
    endloop
  endfacet
  facet normal -0.17321102213294964 -0.7813044304630989 0.5996343291960453
    outer loop
      vertex 10.295201902033781 1.6741731801207536 1.3000000000000003
      vertex 10.808809515945377 3.0185182071533387 3.2
      vertex 10.542650555209157 3.07752422816315 3.2
    endloop
  endfacet
  facet normal -0.2406470698489457 -0.7632349959368513 0.5996343291960454
    outer loop
      vertex 10.439992376674285 1.6420739046914161 1.3000000000000003
      vertex 11.068812947892715 2.936539439955964 3.2
      vertex 10.808809515945377 3.0185182071533387 3.2
    endloop
  endfacet
  facet normal -0.7995124389280603 -0.03490746695068329 0.5996343291960455
    outer loop
      vertex 11.7 0 1.3000000000000003
      vertex 13.125 0 3.2
      vertex 11.693530986755967 0.14816476267101888 1.3000000000000003
    endloop
  endfacet
  facet normal -0.7934276665090083 -0.10445673395084731 0.5996343291960459
    outer loop
      vertex 11.693530986755967 0.14816476267101888 1.3000000000000003
      vertex 13.113108431536705 0.27236169608643174 3.2
      vertex 11.674173180120754 0.29520190203378155 1.3000000000000003
    endloop
  endfacet
  facet normal -0.7813044304630998 -0.17321102213294665 0.5996343291960453
    outer loop
      vertex 11.674173180120754 0.29520190203378155 1.3000000000000003
      vertex 13.07752422816315 0.5426505552091573 3.2
      vertex 11.642073904691417 0.43999237667428526 1.3000000000000003
    endloop
  endfacet
  facet normal -0.7632349959368502 -0.24064706984894974 0.599634329196045
    outer loop
      vertex 11.642073904691417 0.43999237667428526 1.3000000000000003
      vertex 13.018518207153338 0.8088095159453773 3.2
      vertex 11.597477455336044 0.5814342436536368 1.3000000000000003
    endloop
  endfacet
  facet normal -0.7393568822376323 -0.30625164805671884 0.5996343291960456
    outer loop
      vertex 11.597477455336044 0.5814342436536368 1.3000000000000003
      vertex 12.936539439955965 1.0688129478927149 3.2
      vertex 11.540723237962304 0.718451044959189 1.3000000000000003
    endloop
  endfacet
  facet normal -0.7995124389280602 -0.034907466950681434 0.5996343291960458
    outer loop
      vertex 11.693530986755967 0.14816476267101888 1.3000000000000003
      vertex 13.125 0 3.2
      vertex 13.113108431536705 0.27236169608643174 3.2
    endloop
  endfacet
  facet normal -0.7934276665090076 -0.10445673395085532 0.5996343291960452
    outer loop
      vertex 11.674173180120754 0.29520190203378155 1.3000000000000003
      vertex 13.113108431536705 0.27236169608643174 3.2
      vertex 13.07752422816315 0.5426505552091573 3.2
    endloop
  endfacet
  facet normal -0.7813044304630995 -0.17321102213294853 0.5996343291960452
    outer loop
      vertex 11.642073904691417 0.43999237667428526 1.3000000000000003
      vertex 13.07752422816315 0.5426505552091573 3.2
      vertex 13.018518207153338 0.8088095159453773 3.2
    endloop
  endfacet
  facet normal -0.7632349959368522 -0.24064706984894196 0.5996343291960456
    outer loop
      vertex 11.597477455336044 0.5814342436536368 1.3000000000000003
      vertex 13.018518207153338 0.8088095159453773 3.2
      vertex 12.936539439955965 1.0688129478927149 3.2
    endloop
  endfacet
  facet normal -0.7098518162286966 -0.36952546630297217 0.5996343291960455
    outer loop
      vertex 11.540723237962304 0.718451044959189 1.3000000000000003
      vertex 12.83221183448953 1.3206820679396858 3.2
      vertex 11.472243186433545 0.85 1.3000000000000003
    endloop
  endfacet
  facet normal -0.6749443492780164 -0.4299869726250825 0.5996343291960456
    outer loop
      vertex 11.472243186433545 0.85 1.3000000000000003
      vertex 12.70632938682637 1.5625 3.2
      vertex 11.392558475291287 0.9750799417967783 1.3000000000000003
    endloop
  endfacet
  facet normal -0.7393568822376324 -0.30625164805671834 0.5996343291960458
    outer loop
      vertex 11.540723237962304 0.718451044959189 1.3000000000000003
      vertex 12.936539439955965 1.0688129478927149 3.2
      vertex 12.83221183448953 1.3206820679396858 3.2
    endloop
  endfacet
  facet normal -0.7098518162286962 -0.3695254663029732 0.5996343291960455
    outer loop
      vertex 11.472243186433545 0.85 1.3000000000000003
      vertex 12.83221183448953 1.3206820679396858 3.2
      vertex 12.70632938682637 1.5625 3.2
    endloop
  endfacet
  facet normal -0.6749443492780142 -0.4299869726250865 0.5996343291960453
    outer loop
      vertex 11.392558475291287 0.9750799417967783 1.3000000000000003
      vertex 12.70632938682637 1.5625 3.2
      vertex 12.5598501384031 1.792426363597019 3.2
    endloop
  endfacet
  facet normal -0.634900148286785 -0.4871760184522907 0.5996343291960456
    outer loop
      vertex 11.302275553302263 1.0927389364671167 1.3000000000000003
      vertex 12.5598501384031 1.792426363597019 3.2
      vertex 12.393888884746808 2.008711280270435 3.2
    endloop
  endfacet
  facet normal -0.5900239738038993 -0.5406573606141546 0.5996343291960458
    outer loop
      vertex 11.20208152801713 1.2020815280171309 1.3000000000000003
      vertex 12.393888884746808 2.008711280270435 3.2
      vertex 12.209708691207961 2.2097086912079615 3.2
    endloop
  endfacet
  facet normal -1 0 0
    outer loop
      vertex -23.5 -9.5 4
      vertex -23.5 -11 3.2
      vertex -23.5 -11 4
    endloop
  endfacet
  facet normal -1 0 0
    outer loop
      vertex -23.5 -9.5 4
      vertex -23.5 -9.5 3.2
      vertex -23.5 -11 3.2
    endloop
  endfacet
  facet normal 0 0 1
    outer loop
      vertex -23.5 -9.5 4
      vertex -23.5 -11 4
      vertex 23.5 -11 4
    endloop
  endfacet
  facet normal 0 1 0
    outer loop
      vertex -23.5 -9.5 4
      vertex 23.5 -9.5 3.2
      vertex -23.5 -9.5 3.2
    endloop
  endfacet
  facet normal 0 0 1
    outer loop
      vertex -23.5 -9.5 4
      vertex 23.5 -11 4
      vertex 23.5 -9.5 4
    endloop
  endfacet
  facet normal 0 1 0
    outer loop
      vertex -23.5 -9.5 4
      vertex 23.5 -9.5 4
      vertex 23.5 -9.5 3.2
    endloop
  endfacet
  facet normal 1 0 0
    outer loop
      vertex 23.5 -11 4
      vertex 23.5 -11 3.2
      vertex 23.5 -9.5 3.2
    endloop
  endfacet
  facet normal 1 0 0
    outer loop
      vertex 23.5 -9.5 4
      vertex 23.5 -11 4
      vertex 23.5 -9.5 3.2
    endloop
  endfacet
  facet normal -1 0 0
    outer loop
      vertex -23.5 9.5 4
      vertex -23.5 11 4
      vertex -23.5 9.5 3.2
    endloop
  endfacet
  facet normal -1 0 0
    outer loop
      vertex -23.5 11 3.2
      vertex -23.5 9.5 3.2
      vertex -23.5 11 4
    endloop
  endfacet
  facet normal 0 -1 0
    outer loop
      vertex -23.5 9.5 4
      vertex -23.5 9.5 3.2
      vertex 23.5 9.5 4
    endloop
  endfacet
  facet normal 0 0 1
    outer loop
      vertex -23.5 9.5 4
      vertex 23.5 9.5 4
      vertex -23.5 11 4
    endloop
  endfacet
  facet normal 0 -1 0
    outer loop
      vertex 23.5 9.5 4
      vertex -23.5 9.5 3.2
      vertex 23.5 9.5 3.2
    endloop
  endfacet
  facet normal 0 0 1
    outer loop
      vertex 23.5 9.5 4
      vertex 23.5 11 4
      vertex -23.5 11 4
    endloop
  endfacet
  facet normal 1 0 0
    outer loop
      vertex 23.5 9.5 4
      vertex 23.5 9.5 3.2
      vertex 23.5 11 3.2
    endloop
  endfacet
  facet normal 1 0 0
    outer loop
      vertex 23.5 9.5 4
      vertex 23.5 11 3.2
      vertex 23.5 11 4
    endloop
  endfacet
endsolid OpenSCAD_Model
